Em qual região do Brasil a cultura do café se expandiu com mais força no início do Século XIX?;Vale do Paraíba (entre Rio de Janeiro e São Paulo).
2. Qual era o principal destino das exportações de café brasileiro no Século XIX?;Estados Unidos e Europa (principalmente Inglaterra).
3. Qual foi o principal produto de exportação brasileiro durante todo o Século XIX?;O café.
4. Em que período o café superou o açúcar como principal item da pauta de exportações?;Na década de 1830.
5. Qual sistema de trabalho predominou nas fazendas de café do Vale do Paraíba?;A mão de obra escravizada.
6. Qual foi o principal porto escoador do café produzido no Vale do Paraíba?;Porto do Rio de Janeiro.
7. Qual foi o principal porto escoador do café produzido no Oeste Paulista?;Porto de Santos.
8. Que lei, de 1850, regulamentou a propriedade da terra no Brasil, dificultando o acesso de imigrantes à terra própria?;Lei de Terras.
9. Qual era o principal objetivo da Lei de Terras de 1850?;Garantir a posse da terra por meio da compra (fim das sesmarias), beneficiando os grandes cafeicultores.
10. Qual foi o primeiro grande ciclo de imigração subsidiada para o café?;A imigração europeia (alemães, suíços e, principalmente, italianos) a partir da década de 1880.
11. Que sistema de parceria gerou grande endividamento e conflitos entre imigrantes e fazendeiros em São Paulo?;O sistema de parceria (colônia) – imigrantes pagavam com parte da produção.
12. Que revolta de imigrantes, em 1884, marcou a insatisfação com o sistema de parceria?;A Revolta de Sorocaba (ou motim dos imigrantes).
13. Qual era a principal unidade de produção e processamento do café no século XIX?;A fazenda de café (com terreiro, tulha e monjolo/despolpador).
14. Como era chamado o processo de secagem dos grãos de café no terreiro?;Secagem ao sol.
15. Que meio de transporte revolucionou o escoamento do café no Oeste Paulista?;A ferrovia (Estrada de Ferro Santos-Jundiaí, a partir de 1867).
16. Qual era a relação entre a economia cafeeira e o desenvolvimento ferroviário?;O café financiou e justificou a expansão das ferrovias para o interior.
17. Qual era a característica social da elite cafeeira do Vale do Paraíba?;Era uma aristocracia rural, com forte poder político (conservadora).
18. Qual era a característica social da elite cafeeira do Oeste Paulista?;Era mais empreendedora, liberal e associada ao progresso e à imigração.
19. Como se chamava o acordo informal entre os grandes cafeicultores e o governo imperial?;"O ""parlamentarismo às avessas"" – o imperador mediava os interesses das elites regionais."
20. Qual partido político era mais associado aos cafeicultores escravistas do Vale do Paraíba?;O Partido Conservador.
21. Qual partido político era mais associado aos cafeicultores do Oeste Paulista e defensores da imigração?;O Partido Liberal (e depois o Republicano).
22. Que evento de 1888 impactou diretamente a estrutura produtiva do café no Vale do Paraíba?;A Abolição da Escravatura (Lei Áurea).
23. Qual foi a primeira lei abolicionista que afetou a economia cafeeira (libertando filhos de escravas)?;Lei do Ventre Livre (1871).
24. Que lei, de 1885, libertou escravos com mais de 60 anos?;Lei dos Sexagenários (Saraiva-Cotegipe).
25. Qual lei proibiu definitivamente o tráfico de escravos para o Brasil?;Lei Eusébio de Queirós (1850).
26. Qual era a principal região produtora de café na primeira metade do século XIX?;O Vale do Rio Paraíba do Sul (províncias do RJ, SP e MG).
27. Qual região substituiu o Vale do Paraíba como principal produtora a partir da década de 1880?;O Oeste Paulista (região de Campinas, Rio Claro, Araraquara).
28. O que explica a migração do café para o Oeste Paulista?;O esgotamento do solo (terra roxa), a abolição e a expansão ferroviária.
29. Como era chamada a terra roxa, típica do Oeste Paulista?;Terra roxa – solo de origem basáltica, muito fértil para o café.
30. Qual era o principal problema enfrentado pelos cafeicultores do Vale do Paraíba após a abolição?;A escassez de mão de obra e o esgotamento do solo.
31. Qual foi a primeira ferrovia paulista voltada para o café?;A Estrada de Ferro Santos-Jundiaí (inaugurada em 1867).
32. Quem foi o principal empreendedor da Estrada de Ferro Santos-Jundiaí?;Irineu Evangelista de Souza (Barão de Mauá).
33. Qual era a ligação da economia cafeeira com a industrialização incipiente?;O capital do café financiou as primeiras indústrias e a infraestrutura.
34. Qual era a moeda utilizada no comércio interno cafeeiro?;O réis (mil-réis).
35. Quem financiava os cafeicultores para a compra de escravos e insumos?;Os comissários (intermediários) e os bancos (como o Banco do Brasil).
"36. Qual era o papel do ""comissário"" na economia cafeeira?";Financiar a produção, comprar o café e vendê-lo no exterior.
37. Qual cidade se tornou o principal centro financeiro e comercial ligado ao café no Império?;A cidade do Rio de Janeiro (capital do Império e principal porto).
38. Como o café influenciou a urbanização no Brasil?;Favoreceu o surgimento de cidades no interior (Campinas, Ribeirão Preto) e o crescimento do Rio e Santos.
39. Qual era a relação entre a economia cafeeira e a dívida externa brasileira?;O Brasil contraía empréstimos para garantir a estabilidade cambial e financiar a infraestrutura cafeeira.
40. Qual país era o principal credor do Brasil na época?;A Inglaterra.
41. Qual foi a principal crise que afetou a economia cafeeira em 1857?;A Crise de 1857 (pânico financeiro nos EUA/Europa) – queda dos preços do café.
42. Qual foi a principal medida de valorização do café no final do século XIX?;O Convênio de Taubaté (1906) – já na República, mas com raízes no século XIX.
43. O que previa o Convênio de Taubaté?;O governo compraria o excedente de café para sustentar os preços.
44. Que estado financiou o Convênio de Taubaté com recursos externos?;São Paulo, Minas Gerais e Rio de Janeiro (com empréstimo internacional).
45. Qual era a importância do café para a Balança Comercial brasileira?;Era o principal gerador de divisas (cerca de 60-70% das exportações totais).
46. Qual o nome do ciclo econômico anterior ao café no Brasil?;O ciclo do açúcar (Nordeste).
47. Qual o nome do ciclo econômico posterior ao café no Brasil?;A industrialização (início do Século XX), mas o café continuou importante.
48. Como a mão de obra imigrante era remunerada nas fazendas de café?;Por produção (colheita) ou por tarefa (empreita), com salário em dinheiro ou parte da colheita.
49. Qual foi o principal fluxo imigratório para o café entre 1880 e 1900?;Italianos (seguidos por portugueses, espanhóis e japoneses – estes já no século XX).
"50. O que eram as ""colonias"" nas fazendas de café?";Núcleos de casas onde moravam os imigrantes (parceiros).
51. Qual era o principal instrumento de tortura ou controle dos escravos nas fazendas?;O tronco ou a palmatória (castigos físicos).
52. Como era chamado o feitor nas fazendas de café?;Capataz ou administrador.
53. Qual foi o papel dos cafeicultores na Proclamação da República (1889)?;Foram importantes apoiadores, insatisfeitos com a centralização imperial.
54. Qual partido defendia o federalismo e a autonomia dos estados, interesse dos cafeicultores?;O Partido Republicano Paulista (PRP).
55. Qual estado foi o maior beneficiado com a descentralização republicana?;São Paulo (pela força econômica do café).
"56. Qual era a relação entre o café e a ""Política dos Governadores""?";Os governadores de SP e MG (café) controlavam a sucessão presidencial.
"57. O que era a ""política do café com leite""?";Alternância de presidentes oriundos de São Paulo (café) e Minas Gerais (leite).
58. Quem era o principal líder republicano paulista ligado ao café?;Campos Sales, Prudente de Morais, Rodrigues Alves (presidentes).
59. Como se chamava a medida que permitia ao Banco do Brasil emitir moeda para socorrer os cafeicultores?;O encilhamento (período de especulação, mas também medidas de socorro).
60. Qual foi a consequência da abolição para a economia do Vale do Paraíba?;A decadência da região (falta de braços e terra esgotada).
61. Qual foi a principal inovação técnica no beneficiamento do café no século XIX?;O despolpador (máquina que tira a polpa dos grãos).
62. Qual era a forma de transporte do café das fazendas para os portos antes das ferrovias?;Tropas de burros ou carros de boi.
63. Qual era a duração da viagem de tropas de burros do Vale do Paraíba ao Rio?;Cerca de 15 a 20 dias.
"64. O que eram os ""barões do café""?";Títulos nobiliárquicos concedidos pelo Imperador aos grandes cafeicultores.
"65. Cite um famoso ""Barão do Café"" do Vale do Paraíba.";Barão de Itaipava, Barão de Paty do Alferes, Barão de Vassouras (vários).
66. Qual era a função dos escravos de ganho nas cidades ligadas ao café?;Eram alugados para serviços urbanos, gerando renda para os senhores.
67. Como a economia cafeeira influenciou a expansão da fronteira agrícola para o Oeste?;Pela derrubada da Mata Atlântica e avanço sobre o Cerrado.
"68. Qual região do Oeste Paulista se tornou o ""eldorado"" do café?";A região de Ribeirão Preto (e Franca).
69. Que cultura concorrente com o café surgiu no final do século XIX em São Paulo?;A cana-de-açúcar (para produção de álcool e açúcar, mas em menor escala).
70. Qual era o papel da mulher na fazenda de café?;Trabalhava na colheita, no beneficiamento e nos afazeres domésticos (tanto livres quanto escravas).
71. Como a Igreja Católica se relacionava com a elite cafeeira?;Apoiava a ordem escravista, mas também acolhia imigrantes.
72. Qual era o principal rival do café brasileiro no mercado mundial?;O café da Colômbia, Venezuela e países da América Central (porém, o Brasil era o maior produtor).
73. Qual foi a primeira crise de superprodução de café no Brasil?;A crise de 1896-1897 (após a expansão do Oeste Paulista).
"74. O que era a ""Bolsa de Café"" no Rio de Janeiro?";Local onde se negociavam contratos futuros de café.
75. Qual era a principal moeda estrangeira aceita no comércio cafeeiro?;A libra esterlina (£).
76. Como os cafeicultores se financiavam para a compra de máquinas de beneficiamento?;Via crédito bancário ou comissários.
77. Qual era o impacto do café na arrecadação de impostos do Império?;Era a principal fonte de impostos de exportação.
78. Que imposto recaía sobre a entrada de escravos nas províncias (antes da abolição)?;O imposto provincial sobre a posse de escravos (capitação).
79. Como era chamado o conjunto de terras de uma fazenda de café?;"A propriedade ou ""sesmaria"" (antiga nomenclatura) / fazenda."
80. Qual era a principal forma de resistência dos escravos nas fazendas?;Fugas, formação de quilombos e sabotagem.
81. Qual foi o principal quilombo do período cafeeiro?;O Quilombo de Jabaquara (em Santos) e outros no Vale do Paraíba.
82. Como os cafeicultores viam a Lei do Ventre Livre (1871)?;Com descontentamento, pois perdiam a posse dos filhos de escravos.
83. Qual foi a reação dos cafeicultores à Abolição (1888)?;"Alguns aceitaram com indenização do Estado; outros passaram a investir em imigração."
"84. O que foi a ""Greve de 1890"" em São Paulo (ligada ao café)?";Movimento de imigrantes por melhores salários e condições de trabalho.
85. Como era o regime alimentar dos trabalhadores livres nas fazendas?;Basicamente feijão, arroz, farinha, toucinho e café (porco e verduras).
"86. Qual a importância da ""casa-grande"" na fazenda de café?";Local de moradia do senhor e centro administrativo da propriedade.
"87. Qual a importância da ""senzala"" na fazenda?";Local onde se alojavam os escravos.
88. Qual era a média de pés de café por fazenda no Oeste Paulista?;Centenas de milhares a milhões (grandes plantações).
89. Qual a relação do café com a abertura de estradas de rodagem?;"As estradas eram precárias; o café exigiu melhorias."
"90. O que era o ""café de primeira"" e ""café de segunda""?";Classificação por qualidade (grãos inteiros x quebrados).
91. Qual era o principal país europeu comprador de café?;A Alemanha, além da Inglaterra e França.
92. Como a economia cafeeira afetou a política externa brasileira?;O Brasil mantinha boas relações com os EUA e Europa para garantir o comércio.
93. Qual era o principal argumento dos cafeicultores para a manutenção da escravidão?;"A necessidade de mão de obra barata e ""civilizada"" (argumento racial)."
94. Qual foi o papel dos imigrantes na modernização agrícola?;Introduziram novas técnicas e maior produtividade.
"95. Qual era a ""lei de terras"" que beneficiou os posseiros?";Nenhuma – a Lei de Terras de 1850 prejudicou os posseiros.
96. Como o café contribuiu para a formação do mercado interno?;Gerou demanda por alimentos, ferramentas e tecidos.
97. Qual era a relação do café com a Maçonaria?;Muitos cafeicultores republicanos eram maçons.
98. Qual era o principal periódico que defendia os interesses dos cafeicultores paulistas?;"O jornal ""O Estado de S. Paulo"" (fundado em 1875)."
99. Qual foi a principal herança econômica do café para o Século XX?;A acumulação de capital que financiou a industrialização de São Paulo.
"100. O que se entende por ""fase áurea"" do café no Brasil?";O período de 1880 a 1910, com preços altos e expansão máxima.
;
Em que ano se inicia a Primeira República no Brasil?;1889 (Proclamação da República).
2. Em que ano termina a Primeira República?;1930 (Revolução de 1930).
3. Qual era o modelo econômico predominante na Primeira República?;Agrícola-exportador, voltado para o café.
4. Qual produto continuou sendo o principal da pauta de exportações na Primeira República?;O café.
5. Qual era a política cambial básica do período?;O câmbio flutuante, com desvalorizações frequentes.
"6. O que era o ""encilhamento"" (1890-1892)?";Uma bolha especulativa, com emissão descontrolada de moeda e incentivo a empresas fictícias.
7. Quem foi o idealizador do encilhamento?;Rui Barbosa (como Ministro da Fazenda).
8. Qual foi a consequência do encilhamento?;Crise financeira, falências e inflação.
9. Qual foi a principal medida econômica do governo Campos Sales (1898-1902)?;"O ""Funding Loan"" – empréstimo externo para sanear as finanças."
"10. O que foi o ""Funding Loan"" de 1898?";Acordo com credores ingleses para renegociar a dívida externa, com garantia das receitas da alfândega.
11. Qual era a política fiscal predominante na Primeira República?;"A política de ""contração fiscal"" (cortes de gastos) em crises, e expansão em momentos de bonança."
"12. O que foi a ""política dos governadores""?";Acordo entre o governo federal e os governadores estaduais para se apoiarem mutuamente.
"13. O que significava a ""política do café com leite""?";Alternância de presidentes indicados por São Paulo (café) e Minas Gerais (leite).
"14. Qual presidente representou a ""política do café com leite"" em 1894?";Prudente de Morais (SP).
"15. Qual presidente representou a ""política do café com leite"" em 1898?";Campos Sales (SP).
"16. Qual presidente representou a ""política do café com leite"" em 1902?";Rodrigues Alves (SP).
"17. Qual presidente representou Minas Gerais na ""política do café com leite"" em 1906?";Afonso Pena (MG).
"18. O que era a ""verificação de poderes"" na política republicana?";O controle do Congresso sobre a diplomação de deputados, usado para excluir opositores.
"19. Qual era o papel dos ""coronéis"" na Primeira República?";Controlar o voto (voto de cabresto) e manter a ordem local.
20. Como o voto era exercido no campo durante a Primeira República?;Voto aberto e sob pressão dos coronéis (voto de cabresto).
21. Qual era a taxa de participação eleitoral na Primeira República?;Muito baixa (menos de 5% da população).
"22. O que era o ""voto de cabresto""?";O eleitor votava no candidato indicado pelo coronel, sob ameaça.
23. Qual era a principal moeda em circulação?;O réis (mil-réis), com papel-moeda (cédulas).
"24. O que era a ""conversão"" da dívida pública?";A troca de títulos da dívida interna por títulos externos.
25. Qual foi a principal reforma bancária do período?;A criação do Banco do Brasil (retomada em 1906) e de bancos estaduais.
26. Qual era a relação entre o Tesouro e o Banco do Brasil?;O Banco atuava como agente financeiro do Tesouro, mas sem monopólio de emissão.
"27. O que era a ""caixa de conversão"" (1906)?";Sistema que garantia a conversão do papel-moeda em ouro a uma taxa fixa.
28. Por que a caixa de conversão foi criada?;Para valorizar a moeda e atrair capitais estrangeiros.
29. Qual foi o resultado prático da caixa de conversão?;Apreciação do câmbio, mas que prejudicou os exportadores.
30. Qual foi a crise cambial mais grave da Primeira República?;A crise de 1913-1914 (antes da 1ª Guerra).
31. Qual foi a consequência da 1ª Guerra Mundial (1914-1918) para a economia brasileira?;Queda das exportações, mas também estímulo à industrialização por substituição de importações.
"32. O que foi a ""política de defesa do café"" na Primeira República?";Medidas para sustentar os preços internacionais do café.
33. Qual foi o primeiro grande acordo de valorização do café?;O Convênio de Taubaté (1906).
34. Quais estados participaram do Convênio de Taubaté?;São Paulo, Minas Gerais e Rio de Janeiro.
35. O que previa o Convênio de Taubaté?;O governo compraria o excedente de café para queimar ou estocar.
36. Como era financiado o Convênio de Taubaté?;Com empréstimos externos (liberados por bancos europeus).
37. Qual foi a consequência prática do Convênio de Taubaté?;Aumento artificial dos preços do café no curto prazo.
"38. O que era o ""estoque de café"" formado pelo governo?";A compra de sacas para segurar a oferta e manter preços.
"39. O que foi a ""valorização permanente"" do café após 1917?";Um programa contínuo de compras pelo governo de São Paulo.
40. Quem foi o principal defensor da valorização do café em São Paulo?;O presidente do estado de SP, como Campos Sales e outros.
"41. O que era o ""Instituto do Café""?";Criado em 1924 para regulamentar a produção e exportação (em SP).
42. Qual era a função do Instituto do Café?;Controlar a qualidade, o estoque e a comercialização do café paulista.
43. Qual foi a crise de superprodução de café em 1929?;A queda brusca dos preços após a quebra da Bolsa de Nova York.
44. Qual foi a reação do governo à crise de 1929?;Compra de enormes estoques de café (queima de sacas).
45. Quantas sacas de café foram queimadas pelo governo na crise de 1930?;Milhões (cerca de 28 milhões de sacas entre 1929-1930).
46. Qual era a principal crítica à política de valorização?;Que beneficiava os grandes cafeicultores em detrimento dos consumidores.
47. Como a valorização do café afetou a economia nacional?;Transferia renda dos consumidores para os cafeicultores (via impostos).
48. Qual era o papel do governo federal na valorização do café?;Apoio financeiro e político, mas executada pelos estados.
49. Qual era a relação entre a valorização do café e a inflação?;A emissão de moeda para comprar café gerava inflação.
"50. O que foi o ""crédito rural"" na Primeira República?";Empréstimos bancários para os cafeicultores, com juros baixos.
51. Como a industrialização se desenvolveu na Primeira República?;Principalmente em São Paulo, com indústrias têxteis, alimentícias e metalúrgicas.
52. Qual setor industrial foi o mais importante na Primeira República?;O têxtil (algodão e tecidos).
53. O que motivou o crescimento industrial no período?;A 1ª Guerra (substituição de importações) e a acumulação de capital do café.
54. Qual era a principal fonte de energia para as indústrias?;O vapor (máquinas a vapor) e, no final, a eletricidade.
55. Qual foi a primeira grande indústria de base instalada no Brasil?;A Fábrica de Ferro de Ipanema (já no Império) e depois a Cia. Siderúrgica Belgo-Mineira (1921).
56. Qual era a mão de obra predominante nas fábricas?;Imigrantes (italianos, portugueses, espanhóis).
57. Quem era o principal grupo empresarial ligado ao café e à indústria?;O grupo Matarazzo (indústrias alimentícias e têxteis).
58. Qual era a política tarifária do governo na Primeira República?;Protecionismo moderado, com tarifas sobre produtos estrangeiros.
"59. O que foi a ""Tarifa Alves Branco"" (1844) – e como foi revisada na República?";Foi mantida e ampliada com tarifas mais altas para proteger a indústria nascente.
60. Qual era o principal parceiro comercial do Brasil na Primeira República?;Os Estados Unidos (superaram a Inglaterra).
61. Como a 1ª Guerra Mundial afetou as exportações de café?;Houve queda temporária, mas os preços se recuperaram no pós-guerra.
62. Qual foi o impacto da 1ª Guerra sobre a balança comercial brasileira?;Inicialmente negativa, depois superavitária (com o aumento das exportações de produtos primários).
63. Qual era o principal produto industrializado exportado?;O açúcar e o algodão, além de produtos têxteis (pequena escala).
"64. O que era a ""indústria de substituição de importações""?";Produção interna de bens antes importados (tecidos, ferramentas).
65. Qual foi o papel dos imigrantes na indústria?;Forneceram mão de obra barata e qualificada (especialmente europeus).
66. Qual era a situação do operariado na Primeira República?;Jornadas longas (até 12h), baixos salários e más condições.
67. Quais foram as primeiras greves operárias importantes?;A Greve Geral de 1917 (em São Paulo) e a de 1919.
"68. O que era o ""anarcossindicalismo"" no Brasil?";Movimento operário de orientação anarquista, forte entre imigrantes.
69. Qual foi a reação do governo às greves de 1917?;Repressão violenta (polícia, exército) e lei de greve (de 1907).
70. Qual era a legislação trabalhista na Primeira República?;"Quase inexistente – o Código Penal punia greves como ""crime""."
71. Qual foi a primeira lei social do período (em 1923)?;A Lei Eloy Chaves (criação das Caixas de Aposentadoria e Pensões – CAPs).
72. Para que serviam as CAPs (1923)?;Benefícios previdenciários para ferroviários (aposentadoria, pensão).
73. Qual foi a principal medida de industrialização do governo de Epitácio Pessoa?;A construção de usinas hidrelétricas.
74. Qual foi a principal empresa estrangeira no setor de energia?;A Light (canadense) – eletricidade no Rio e SP.
75. Qual era o papel das ferrovias na industrialização?;Transportavam matéria-prima e produtos industrializados.
76. Quem controlava as principais ferrovias?;Empresas inglesas (como a São Paulo Railway).
77. Qual foi a primeira tentativa de nacionalização das ferrovias?;A compra da Estrada de Ferro Central do Brasil (já estatal).
78. Qual era a relação entre os cafeicultores e a indústria?;Muitos cafeicultores investiram em indústrias (diversificação).
"79. O que era a ""Comissão de Defesa do Café"" (1917)?";Órgão paulista para administrar os estoques de café.
80. Como a crise de 1929 afetou a indústria brasileira?;Houve contração, mas o câmbio desvalorizado protegeu a indústria nacional.
81. Qual foi a importância do mercado interno para a indústria?;O crescimento das cidades criou demanda por manufaturados.
82. Qual era o principal centro industrial na Primeira República?;A cidade de São Paulo (e seu interior).
83. Qual era a segunda região industrial do país?;O Rio de Janeiro (com indústrias têxteis e metalúrgicas).
84. Qual era o papel do governo na industrialização?;Via tarifas, incentivos fiscais e empréstimos (mas sem planejamento estatal).
"85. O que era a ""dívida interna"" do governo?";Títulos emitidos para financiar o déficit orçamentário.
86. Qual era o principal imposto federal?;O imposto de importação (alfândega).
87. Qual era a principal fonte de receita dos estados?;O imposto de exportação (sobre café).
"88. O que era a ""política de isenção fiscal"" para indústrias?";Estados concediam isenção de impostos para atrair fábricas.
89. Qual era o principal problema da infraestrutura energética?;A falta de eletricidade em muitas regiões.
90. Como a indústria brasileira se financiou?;Com capital privado (cafeeiro) e, em menor escala, bancos estrangeiros.
91. Qual era o principal mercado para os produtos têxteis?;O próprio mercado interno (crescente).
"92. O que era a ""indústria de bens de consumo""?";Produção de alimentos, roupas, calçados, móveis.
93. Qual foi a primeira indústria automobilística no Brasil?;Nenhuma – apenas montadoras (Ford e GM chegam na década de 1920).
94. Qual era o papel do Banco do Brasil na industrialização?;Financiar a agricultura e, indiretamente, a indústria.
"95. O que era a ""Carteira de Crédito Agrícola e Industrial""?";Uma linha do Banco do Brasil para empréstimos.
96. Como a industrialização afetou as cidades?;Favelização, crescimento desordenado e aparecimento de bairros operários.
97. Qual era a ideologia dominante entre os industriais?;O liberalismo econômico (mas com apelo ao protecionismo).
98. Qual foi a crítica do movimento tenentista à economia republicana?;Denunciava a dominação oligárquica e a corrupção.
99. Qual foi o impacto da Revolução de 1930 na economia?;Fim da política do café com leite e início de maior intervenção estatal.
100. Qual o principal legado econômico da Primeira República para o Brasil?;A diversificação produtiva (início da industrialização) e a acumulação de capital.
;
;
 Em que ano se inicia o processo de industrialização acelerada no Brasil?;1930 (Revolução de 1930).
2. Qual foi o grande marco político do início da ISI no Brasil?;A Revolução de 1930 e a ascensão de Getúlio Vargas.
3. O que significa a sigla ISI?;Industrialização por Substituição de Importações.
4. Em que consiste o modelo ISI?;Substituir produtos importados por similares produzidos internamente.
5. Qual era o principal objetivo da ISI no Brasil?;Tornar o país menos dependente de bens manufaturados estrangeiros.
6. Qual foi a principal motivação para a ISI nos anos 1930?;A crise de 1929 (queda das exportações e falta de divisas).
7. Qual era a base teórica da ISI?;O estruturalismo cepalino (desenvolvimentismo).
8. O que era a CEPAL?;Comissão Econômica para a América Latina (criada em 1948).
9. Quem foi o principal teórico da CEPAL ligado à ISI?;Raúl Prebisch.
10. Qual era a tese central de Prebisch sobre o comércio internacional?;A deterioração dos termos de troca (países periféricos vendem barato e compram caro).
11. Como a ISI se financiava inicialmente?;Com recursos gerados pelo setor exportador (café) e pelo câmbio desvalorizado.
12. Qual foi a primeira grande indústria de base incentivada no período?;A siderurgia (Cia. Siderúrgica Nacional - CSN).
13. Em que ano foi criada a Companhia Siderúrgica Nacional (CSN)?;1941 (início da construção em Volta Redonda).
14. Qual foi o papel do governo na criação da CSN?;O Estado foi o principal investidor e controlador.
15. Qual foi a principal justificativa para a criação da CSN?;A necessidade de aço para a indústria bélica (2ª Guerra) e para o desenvolvimento.
16. Que outra grande indústria de base foi criada em 1942?;A Fábrica Nacional de Motores (FNM).
17. Qual era a política cambial adotada para a ISI?;Câmbio múltiplo (várias taxas) para favorecer a importação de máquinas.
"18. O que era a ""taxa de câmbio preferencial""?";Taxa mais baixa para importar bens de capital e matérias-primas.
19. Qual era a política tarifária da ISI?;Tarifas alfandegárias elevadas sobre produtos similares aos nacionais.
"20. O que eram as ""listas de exceção""?";Produtos que podiam ser importados com tarifas reduzidas, por não serem produzidos no país.
21. Qual foi o principal instrumento de proteção industrial?;O imposto de importação (tarifas).
"22. O que era o ""câmbio de exportação""?";A taxa de câmbio que favorecia as exportações (desvalorizada).
23. Como a 2ª Guerra Mundial (1939-1945) afetou a ISI?;A guerra cortou as importações, forçando a produção interna.
24. Qual foi o efeito da guerra sobre a indústria brasileira?;Expansão acelerada (substituição de importações forçada).
25. Qual era o principal parceiro comercial do Brasil durante a guerra?;Os Estados Unidos (exportação de borracha, minério, etc.).
26. Quais foram os acordos militares e econômicos com os EUA na guerra?;Os Acordos de Washington (base de Natal, fornecimento de matéria-prima).
"27. O que era o ""Plano de Metas"" – já é de 1956, mas qual sua relação com a ISI?";Foi a fase mais avançada da ISI (instalação de indústrias de bens de consumo duráveis).
28. Qual era o setor industrial mais dinâmico nos anos 1930-1945?;O têxtil, seguido pelo alimentício e o químico.
29. Qual era a principal fonte de energia para as novas indústrias?;A eletricidade (com expansão das hidrelétricas).
30. Qual empresa estatal foi criada para o petróleo?;O CNP (Conselho Nacional do Petróleo) – em 1938, antes da Petrobras.
31. Em que ano foi criada a Petrobras?;1953 (já no segundo governo Vargas, mas com raízes no período).
32. Qual era a política de investimento estrangeiro na ISI?;O Estado controlava os setores estratégicos, mas aceitava capital privado.
33. Qual era o papel do Banco do Brasil na industrialização?;Financiava a agricultura e a indústria, com linhas de crédito.
"34. O que era a ""Carteira de Crédito Agrícola e Industrial"" do BB?";Uma linha de crédito para a produção e investimentos.
35. Como a ISI afetou a estrutura do emprego?;Houve migração do campo para as cidades (êxodo rural).
36. Qual era a principal região industrial do país nesse período?;O Sudeste (São Paulo, Rio de Janeiro e Minas Gerais).
37. Por que a ISI concentrou a indústria no Sudeste?;Infraestrutura, mercado consumidor e capital acumulado.
"38. O que eram os ""trustes"" ou ""cartéis"" industriais?";Associações de empresas para controlar preços e mercado.
39. Qual foi a principal crítica inicial à ISI?;A ineficiência produtiva e a proteção excessiva.
"40. O que significa ""indústria infante"" (infant industry)?";A indústria nascente que precisa de proteção para crescer.
"41. Qual era a justificativa para proteger a ""indústria infante""?";Que ela não consegue competir com a indústria estrangeira madura.
42. Qual foi a primeira grande crise da ISI?;A crise cambial e inflacionária dos anos 1940.
"43. O que era o ""custo Brasil""?";O elevado custo de produção devido à burocracia e infraestrutura precária.
44. Como a ISI influenciou a inflação?;O protecionismo gerava preços mais altos para os consumidores.
45. Qual era a relação da ISI com o déficit público?;O Estado investia pesado, aumentando o déficit.
"46. O que era o ""Plano de Obras e Equipamentos"" do governo?";Programa de investimentos em infraestrutura (energia, transportes).
47. Qual foi a contribuição da ISI para a diversificação industrial?;Ampliou o parque industrial para bens intermediários e de capital.
"48. O que era a ""indústria de bens de capital""?";Indústria que produz máquinas e equipamentos para outras indústrias.
49. No início da ISI, o Brasil produzia bens de capital?;"Muito pouco; dependia da importação."
50. Qual foi a principal falha do modelo ISI?;A dependência tecnológica (importação de máquinas).
"51. O que era a ""nacionalização"" de empresas no período?";O governo comprava empresas estrangeiras de serviços (como ferrovias).
52. Qual era o papel dos imigrantes na indústria nesse período?;Continuaram fornecendo mão de obra, mas já havia muitos brasileiros.
53. Qual foi a primeira lei trabalhista geral?;A CLT (Consolidação das Leis do Trabalho) – em 1943.
54. O que a CLT estabeleceu?;Jornada de 8h, férias, salário mínimo (posterior), etc.
55. Qual era o principal sindicato ligado à indústria?;Sindicatos patronais e operários, controlados pelo Ministério do Trabalho.
56. Qual era a política de contenção de salários no período?;O governo controlava os reajustes salariais.
57. Como a ISI afetou a agricultura?;A indústria cresceu, mas a agricultura foi relegada a segundo plano.
58. Qual era o principal produto agrícola de exportação ainda?;Café, mas com queda de participação.
"59. O que era o ""estoque de café"" do governo?";Os estoques comprados para sustentar os preços (continuidade da valorização).
60. Qual foi a principal crítica dos economistas liberais à ISI?;Que gerava distorções alocativas e ineficiência.
"61. O que era o ""câmbio múltiplo"" e por que era criticado?";Várias taxas de câmbio – gerava corrupção e distorcia os preços.
"62. Qual era o problema do ""câmbio sobrevalorizado"" para a ISI?";Atraía importações, mas atrapalhava as exportações.
63. Como a ISI contribuiu para o endividamento externo?;O Brasil contraiu empréstimos para comprar máquinas e tecnologia.
64. Qual foi a primeira grande fábrica de automóveis?;A FNM – mas em pequena escala (caminhões e motores).
65. Qual era a indústria naval?;Incipiente (estaleiros construíam navios menores).
"66. O que era a ""Companhia Nacional de Álcalis""?";Criada para produzir soda cáustica, insumo básico.
67. Qual era a importância do setor de energia elétrica?;"Essencial para a indústria; a Light e outras empresas atuavam."
68. Como a ISI tratou a questão das patentes?;Não respeitava integralmente, favorecendo a produção local.
69. Qual era o principal parceiro tecnológico do Brasil?;Os EUA (equipamentos e know-how).
"70. O que era a ""Carteira de Crédito Agrícola"" do BB?";Financiamento para a agricultura, mas com juros altos.
71. Qual foi o impacto da ISI na balança comercial?;Houve déficit na importação de máquinas, mas superávit em outros anos.
"72. O que era a ""indústria de bens intermediários""?";Produção de insumos (aço, cimento, papel).
73. Qual era a política de estímulo à construção civil?;Financiamento de habitação (pouco efetivo).
74. Como a ISI afetou o setor de transportes?;Cresceu a indústria de material rodante (vagões) e caminhões.
75. Qual era a principal crítica à ISI na década de 1940?;A falta de planejamento global (era setorial).
"76. O que era o ""Plano de Desenvolvimento"" de Vargas?";Conjunto de investimentos em infraestrutura (estradas, portos).
77. Qual era a política de reserva de mercado?;Proteção total para alguns setores (não se permitia importação).
"78. O que era a ""Lei de Nacionalização do Petróleo"" (1938)?";O petróleo era considerado monopólio da União.
79. Como a ISI influenciou a urbanização?;As cidades cresceram com a chegada de trabalhadores.
80. Qual era o principal problema social da industrialização?;A favelização e a falta de moradia para os operários.
81. Qual era a taxa de crescimento industrial anual média no período?;Em torno de 6% a 8% ao ano.
82. Qual era a participação da indústria no PIB em 1945?;Cerca de 20-25% (bem superior a 1930).
"83. O que era a ""indústria leve"" versus ""indústria pesada""?";"Leve: têxtil, calçados; Pesada: siderurgia, química."
84. Qual foi a principal conquista da ISI em 1945?;O Brasil já produzia aço, cimento e papel em larga escala.
85. Qual era a crítica de Roberto Simonsen à ISI?;Ele defendia planejamento estatal, mas criticava a falta de organização.
86. Qual era a crítica de Eugênio Gudin à ISI?;"Era liberal; defendia menor intervenção e mais comércio exterior."
87. Quem foi Roberto Simonsen?;Importante empresário e defensor do desenvolvimentismo.
88. Quem foi Eugênio Gudin?;Economista liberal, contrário ao dirigismo estatal.
89. Qual foi o debate entre Simonsen e Gudin?;Planejamento estatal x livre mercado (década de 1940).
"90. O que era a ""Comissão Mista Brasil-EUA"" (1942)?";Planejamento de investimentos em infraestrutura.
91. Qual foi o legado da ISI para o pós-guerra?;Uma base industrial sólida para o Plano de Metas.
92. Qual era a principal falha estrutural da ISI?;Não integrou a indústria com a agricultura de forma equilibrada.
"93. O que era a ""substituição de importações"" no setor de bens de consumo?";Produção de alimentos processados, roupas, móveis, etc.
94. Qual era a taxa de câmbio oficial e a paralela?;Havia o câmbio oficial (controlado) e o negro (paralelo).
95. Como a ISI afetou a distribuição de renda?;Concentrou a renda em favor dos industriais e dos centros urbanos.
96. Qual era a principal fonte de energia para a indústria química?;Petróleo e carvão (importados).
97. Qual foi a principal política de incentivo à indústria automobilística?;O governo isentou de impostos a importação de máquinas.
98. Qual era o papel dos bancos estrangeiros na ISI?;Financiavam o comércio e a indústria, mas com juros altos.
99. Como a ISI tratou as pequenas indústrias?;"Não houve proteção especial; muitas faliram."
100. Qual foi a principal conclusão crítica sobre a ISI?;Que criou uma indústria ineficiente e dependente de insumos importados (fragilidade estrutural).
;
Em que contexto histórico se insere a década de 1950 no Brasil?;No pós-Segunda Guerra Mundial, com a redemocratização e o desenvolvimentismo.
2. Qual foi o grande marco político do início da década?;A volta de Getúlio Vargas ao poder (eleito em 1950).
3. Qual foi o principal diagnóstico econômico do início dos anos 1950?;A necessidade de superar os gargalos de infraestrutura (energia, transportes).
4. O que significa a sigla SALTE?;Saúde, Alimentação, Transporte e Energia.
5. Quem criou o Plano SALTE?;O governo do presidente Eurico Gaspar Dutra (1946-1951).
6. Em que ano foi lançado o Plano SALTE?;1950 (último ano do governo Dutra).
7. Qual era o principal objetivo do Plano SALTE?;Investir em setores básicos para o desenvolvimento.
8. O Plano SALTE foi totalmente executado?;Não – foi parcialmente implementado, com muitos recursos desviados.
9. Qual foi a principal crítica ao Plano SALTE?;A falta de recursos e o desvio de verbas para outros fins.
10. Qual a principal herança do Plano SALTE?;A percepção da necessidade de planejamento estatal.
11. Quem sucedeu Dutra na presidência?;Getúlio Vargas (1951-1954).
12. Qual era o slogan do governo Vargas em 1951?;"""O petróleo é nosso"" – nacionalismo e desenvolvimento."
13. Qual foi a principal realização do segundo governo Vargas na área de energia?;A criação da Petrobras (1953).
14. Qual foi a principal realização na área de eletricidade?;A criação da Eletrobras (não concretizada, mas idealizada).
"15. O que foi a ""Campanha do Petróleo""?";Movimento nacionalista para estatalizar a exploração do petróleo.
16. Qual foi o lema da Campanha do Petróleo?;"""O petróleo é nosso""."
17. Quem foi o principal opositor da criação da Petrobras?;O setor privado e a UDN (União Democrática Nacional).
18. Qual foi a principal crise política que levou ao suicídio de Vargas?;O atentado da Rua Tonelero (contra Carlos Lacerda) – 1954.
19. Após a morte de Vargas, quem assumiu a presidência?;O vice-presidente Café Filho (1954-1955).
20. Quem foi eleito presidente em 1955?;Juscelino Kubitschek (JK).
21. Em que ano JK assumiu a presidência?;1956.
22. Qual foi o principal plano econômico de JK?;O Plano de Metas (Programa de Metas).
23. Qual era o slogan do governo JK?;"""50 anos em 5""."
"24. O que significava o slogan ""50 anos em 5""?";Promover o desenvolvimento equivalente a 50 anos em apenas 5 anos de mandato.
25. Quantas metas foram estabelecidas no Plano de Metas?;31 metas, divididas em 5 grandes áreas.
26. Quais eram as 5 áreas do Plano de Metas?;Energia, Transportes, Indústria de Base, Alimentação e Educação (mais a meta-síntese: Brasília).
27. Qual era a área prioritária do Plano de Metas?;A indústria de base (siderurgia, petróleo, alumínio).
28. Qual foi a principal meta na área de energia?;A construção de usinas hidrelétricas e ampliação da Petrobras.
29. Qual foi a principal meta na área de transportes?;A construção de rodovias (Plano Rodoviário Nacional).
30. Qual foi a principal meta na área de indústria de base?;A ampliação da CSN, a criação da Usiminas e da Cosipa.
31. O que foi a Usiminas?;Usina Siderúrgica de Minas Gerais (criada em 1956).
32. O que foi a Cosipa?;Companhia Siderúrgica Paulista (criada em 1958).
33. Qual era o principal parceiro técnico e financeiro da Usiminas?;O Japão (Financiamento e tecnologia).
34. Qual foi a indústria de bens duráveis mais emblemática do Plano de Metas?;A indústria automobilística.
35. Em que ano foi instalada a primeira fábrica de automóveis?;1956 (Mercedes-Benz em São Bernardo do Campo).
36. Quais foram as primeiras montadoras a se instalar?;Volkswagen, Ford, Chevrolet, Willys, Simca.
37. Qual era a política para a indústria automobilística?;Aprovação de projetos com conteúdo nacional mínimo (regra de 40-50%).
38. Qual era o papel do capital estrangeiro no Plano de Metas?;Foi estimulado e bem-vindo, especialmente para indústrias de ponta.
"39. O que foi o ""Grupo Executivo da Indústria Automobilística"" (GEIA)?";Órgão criado para coordenar a instalação das montadoras.
40. Qual era a meta-síntese do Plano de Metas?;A construção de Brasília (nova capital).
41. Em que ano Brasília foi inaugurada?;1960.
42. Quem foi o arquiteto de Brasília?;Lúcio Costa (urbanista) e Oscar Niemeyer (arquiteto).
43. Qual era a justificativa oficial para a construção de Brasília?;Integrar o Centro-Oeste e promover o desenvolvimento regional.
44. Como o Plano de Metas foi financiado?;Com recursos externos (empréstimos), internos (poupança) e emissão de moeda.
45. Qual foi a relação do Plano de Metas com a inflação?;Gerou pressão inflacionária devido ao aumento dos gastos e da emissão.
"46. O que era o ""Programa de Estabilização"" do governo JK?";Uma tentativa de controlar a inflação com medidas monetárias (não muito eficaz).
47. Qual foi a principal instituição de planejamento criada?;O BNDE (Banco Nacional de Desenvolvimento Econômico) – criado em 1952.
48. Qual era a função do BNDE?;Financiar projetos de infraestrutura e indústria.
"49. O que foi a ""Comissão de Desenvolvimento Industrial"" (CDI)?";Criada para estimular a produção de bens de capital.
50. Como a década de 1950 se insere no pós-guerra?;No contexto da Guerra Fria, com alinhamento aos EUA.
51. Qual era o principal fluxo de capitais externos para o Brasil?;Investimentos diretos (montadoras) e empréstimos do BIRD (Banco Mundial).
"52. O que foi a ""Superintendência da Moeda e do Crédito"" (SUMOC)?";Órgão antecessor do Banco Central, que controlava o crédito.
53. Em que ano foi criado o Banco Central?;1964 (no governo militar) – mas a SUMOC atuava antes.
54. Qual era a política cambial na década de 1950?;Câmbio fixo, com múltiplas taxas (incentivo à importação de máquinas).
"55. O que era o ""câmbio de exportação"" em 1950?";Taxa desvalorizada para estimular as vendas externas.
56. Qual era o principal produto de exportação ainda?;O café, mas com perda de importância.
57. Como o café foi afetado na década de 1950?;Crise de superprodução e queda de preços.
58. Qual foi a política de valorização do café em 1950?;"A ""Valorização Permanente"" – com novos estoques."
59. Qual foi a principal falha na política cambial?;A sobrevalorização do cruzeiro prejudicou as exportações.
60. Quem era o Ministro da Fazenda de JK?;José Maria Alkmin (1956-1958) e Lucas Lopes (1958-1959).
61. Qual foi a principal crise econômica no final do governo JK?;A crise cambial e o aumento do déficit externo.
62. Qual foi a solução encontrada para a crise cambial de 1959?;"O ""Plano de Estabilização"" com o FMI (acordo de 1959)."
63. Por que JK rompeu com o FMI em 1959?;O FMI exigia cortes de gastos e desvalorização, o que contrariava o desenvolvimento.
64. Como a indústria naval se desenvolveu?;Com estaleiros (como o Verolme) incentivados pelo governo.
65. Qual era a política de conteúdo nacional?;Exigência de percentual de peças nacionais em bens industriais.
"66. O que era a ""indústria de bens de capital"" na década de 1950?";A produção de máquinas-ferramenta e equipamentos pesados.
67. Qual foi a primeira fábrica de tratores?;A Ford e a Volkswagen produziram tratores.
68. Qual era a indústria química?;Produção de fertilizantes, tintas, plásticos (setor crescente).
69. Qual era a política de subsídios à indústria?;Isenções fiscais e taxas de juros subsidiadas.
70. Como o governo tratou o capital nacional versus estrangeiro?;Ambos foram incentivados, mas o estrangeiro era preferido para setores de ponta.
71. Qual era a principal região industrializada?;Sudeste (SP, RJ, MG, ES).
72. Qual foi o impacto da industrialização no Nordeste?;Pouco – mas houve a criação da SUDENE em 1959.
73. O que foi a SUDENE?;Superintendência de Desenvolvimento do Nordeste (criada por JK).
74. Quem foi o idealizador da SUDENE?;O economista Celso Furtado.
75. Qual era o objetivo da SUDENE?;Promover o desenvolvimento do Nordeste e combater as secas.
"76. O que era o ""Plano de Desenvolvimento do Nordeste""?";Conjunto de investimentos em infraestrutura e irrigação.
77. Qual era a relação entre a industrialização e a urbanização?;Houve forte êxodo rural e crescimento das metrópoles.
78. Qual era o salário mínimo na década de 1950?;Aumentava, mas perdia poder de compra com a inflação.
"79. O que era a ""indústria de bens de consumo duráveis""?";Automóveis, eletrodomésticos (geladeiras, rádios).
80. Qual foi o impacto da indústria automobilística no emprego?;Gerou empregos diretos e indiretos (metalúrgica, borracha, etc.).
81. Qual era a principal fonte de energia para as indústrias?;Hidrelétrica (usinas de Furnas, Cachoeira Dourada).
82. O que foi a Eletrobras?;Criada em 1961, mas idealizada na década de 1950.
83. Qual foi a principal crítica ao Plano de Metas?;O endividamento externo e a inflação.
84. Qual foi a principal falha do Plano de Metas?;A falta de investimentos em educação e na agricultura.
"85. O que era a ""meta-síntese"" (Brasília) – qual seu custo?";Teve alto custo e desviou recursos de outras áreas.
86. Como a agricultura foi tratada no Plano de Metas?;Foi negligenciada (não houve metas significativas).
87. Qual foi a principal crítica dos liberais ao Plano de Metas?;O excesso de intervenção estatal e o déficit público.
88. Qual foi a principal crítica dos nacionalistas?;A abertura excessiva ao capital estrangeiro.
"89. O que foi a ""Operação Pan-Americana"" (1958)?";Proposta de JK para desenvolvimento conjunto das Américas.
90. Qual foi a sucessão presidencial em 1960?;Jânio Quadros eleito (1961).
91. Qual foi o principal problema herdado por Jânio Quadros?;A inflação e o déficit externo.
"92. O que foi a ""Cruzada pelo Desenvolvimento""?";Discurso desenvolvimentista, mas sem plano definido.
93. Como a década de 1950 influenciou o regime militar de 1964?;Criou uma base industrial, mas também problemas fiscais.
94. Qual era o papel da mulher na indústria?;Trabalhava na linha de montagem, com menor salário.
"95. Qual era a política de ""patriarcalismo industrial""?";O paternalismo dos patrões sobre os operários (bonificações).
96. Qual foi o primeiro carro nacional?;"O ""Romiseta"" – mas o modelo mais conhecido foi o VW Fusca."
97. Qual era o principal sindicato patronal?;A FIESP (Federação das Indústrias de São Paulo).
98. Qual era a política de incentivo à exportação de manufaturados?;Praticamente inexistente – o foco era o mercado interno.
99. Qual o principal legado do Plano de Metas?;A consolidação de um parque industrial diversificado e moderno.
100. Qual a principal conclusão sobre a década de 1950?;"Foi o período de ""industrialização pesada"" com forte atuação estatal, mas com custos inflacionários e endividamento."
;
;
 Qual foi o cenário econômico imediato após o governo JK?;Desaceleração do crescimento, inflação alta e crise cambial.
2. Quem sucedeu Juscelino Kubitschek em 1961?;Jânio Quadros (eleito em 1960, assumiu em 1961).
3. Por que Jânio Quadros renunciou?;Em agosto de 1961, sem apoio político, renunciou ao cargo.
4. Quem assumiu após a renúncia de Jânio Quadros?;João Goulart (Jango), então vice-presidente.
5. Qual foi a resistência à posse de Jango?;Os ministros militares vetaram sua posse.
6. Como foi resolvida a crise sucessória de 1961?;Com a adoção do sistema parlamentarista (Emenda Constitucional nº 4).
7. Qual era a função do parlamentarismo?;O presidente teria poderes reduzidos, e o primeiro-ministro governaria.
8. Quem foi o primeiro primeiro-ministro do regime parlamentarista?;Tancredo Neves.
9. Em que ano o parlamentarismo foi revogado?;1963 (via plebiscito).
10. Qual era a taxa de inflação média entre 1962-1964?;Muito elevada (cerca de 50% a 80% ao ano).
11. Qual era a principal causa da desaceleração econômica?;A inflação, o déficit público e a escassez de divisas.
"12. O que era o ""Plano Trienal de Desenvolvimento Econômico e Social""?";Plano econômico do governo Jango (1963-1965).
13. Quem elaborou o Plano Trienal?;O economista Celso Furtado, Ministro do Planejamento.
14. Qual era o principal objetivo do Plano Trienal?;Retomar o crescimento com estabilidade, reduzindo a inflação.
15. Qual era a meta de crescimento do Plano Trienal?;7% ao ano.
16. Qual era a meta de inflação?;Reduzir a inflação de 80% para 20% ao ano.
17. Quais eram os principais instrumentos do Plano Trienal?;Controle fiscal, reforma tributária e cambial, e investimentos seletivos.
18. O Plano Trienal foi bem-sucedido?;Não – fracassou por falta de apoio político e agravamento da crise.
19. Qual foi o principal fator que inviabilizou o Plano Trienal?;A oposição conservadora, a inflação e a crise política.
"20. Qual foi o ""Projeto de Reformas de Base"" de Jango?";Conjunto de reformas (agrária, tributária, bancária, educacional).
21. Qual era a principal proposta da Reforma Agrária?;Desapropriação de terras improdutivas, com indenização.
22. Qual foi a reação das elites à Reforma Agrária?;Forte oposição, vendo-a como comunista.
"23. O que foi o ""Comício da Central do Brasil"" (13/03/1964)?";Discurso de Jango anunciando as reformas.
"24. O que foi a ""Marcha da Família com Deus pela Liberdade""?";Manifestação conservadora contra o governo Jango.
25. Em que data ocorreu o golpe militar de 1964?;31 de março a 1º de abril de 1964.
26. Quem assumiu a presidência após o golpe?;O general Castelo Branco (eleito pelo Congresso).
27. Qual era o diagnóstico econômico do governo militar inicial?;A inflação era o principal problema, causada por gastos públicos.
28. O que significa PAEG?;Programa de Ação Econômica do Governo (1964-1966).
29. Quem foi o principal formulador do PAEG?;Roberto Campos (Ministro do Planejamento) e Octávio Gouvêa de Bulhões (Ministro da Fazenda).
30. Qual era o principal objetivo do PAEG?;Combater a inflação e retomar o crescimento.
31. Qual era a meta de inflação do PAEG?;Reduzir a inflação gradualmente (cerca de 25% ao ano).
32. Quais eram os três pilares do PAEG?;Política monetária restritiva, política fiscal contracionista e política salarial.
33. Como era a política salarial do PAEG?;Reajustes salariais fixados pelo governo, com defasagem em relação à inflação.
"34. O que foi a ""correção monetária""?";Mecanismo que atualiza o valor de ativos financeiros pela inflação.
35. Qual era a função da correção monetária?;Proteger os poupadores e estimular o mercado de capitais.
36. O que foi a reforma bancária (Lei 4.595/64)?;Criou o Banco Central do Brasil, separando funções do Banco do Brasil.
37. Em que ano foi criado o Banco Central?;1964 (final do ano).
38. Qual era a função do novo Banco Central?;Controlar a moeda, o crédito e a política cambial.
39. O que foi a reforma do sistema financeiro nacional?;Criação do SFN, com banco central, bancos múltiplos e regulação.
40. O que foi a reforma tributária (Lei 4.357/64)?;Criação do ICM (Imposto sobre Circulação de Mercadorias) e reforma do IR.
41. Qual era o principal imposto sobre consumo criado?;O ICM (precursor do ICMS).
42. Qual foi a política cambial do PAEG?;Desvalorização gradual do cruzeiro (minidesvalorizações).
43. Qual era o objetivo da desvalorização cambial?;Estimular as exportações e equilibrar o balanço de pagamentos.
44. Como o PAEG tratou os subsídios ao café?;Eliminou os subsídios e extinguiu o Instituto do Café.
45. Qual foi a política de incentivo às exportações?;Criação de incentivos fiscais (crédito-prêmio).
"46. O que foi o ""crédito-prêmio"" do IPI?";Estímulo à exportação de manufaturados com desconto no IPI.
47. Qual era a política de atração de capitais estrangeiros?;Foi estimulada com a lei de capitais estrangeiros.
"48. O que era a ""Resolução 63"" do Banco Central?";Permitiu que bancos estrangeiros operassem no Brasil.
49. Como o PAEG afetou o mercado de trabalho?;Houve arrocho salarial (perda de poder aquisitivo).
50. Qual era a justificativa para o arrocho salarial?;Reduzir a demanda e controlar a inflação.
51. O PAEG conseguiu reduzir a inflação?;Sim, de cerca de 80% em 1964 para 25% em 1967.
52. O PAEG conseguiu retomar o crescimento imediatamente?;Não – houve uma recessão inicial (1964-1965).
53. Qual foi a taxa de crescimento do PIB em 1964?;Cerca de 3% (baixo).
54. Em que ano começou a retomada do crescimento?;A partir de 1967 e, especialmente, 1968.
"55. Qual foi o ""Milagre Econômico"" (1968-1973)?";Período de altas taxas de crescimento (acima de 10% ao ano).
56. Qual foi a importância do PAEG para o Milagre Econômico?;Criou as bases institucionais (controle da inflação, reformas).
"57. O que era a ""política de arrocho"" salarial?";Contenção dos salários para controlar a inflação.
58. Qual era a relação entre o PAEG e o endividamento externo?;Atraiu capitais, mas aumentou a dívida externa.
"59. O que foi a ""Lei de Remessas de Lucros"" (1964)?";Regulava a remessa de lucros ao exterior, com limite de 10% do capital.
60. Qual era a política de conteúdo nacional?;Reforçada, com exigência de nacionalização gradual.
"61. O que era a ""Zona Franca de Manaus"" (criada em 1967)?";Área de livre comércio e incentivos fiscais na Amazônia.
62. Qual era o objetivo da Zona Franca de Manaus?;Estimular a ocupação da Amazônia e a industrialização.
63. Como o PAEG tratou a dívida agrária?;Criou o FUNRURAL para financiar a agricultura.
"64. O que foi o ""FUNRURAL""?";Fundo de Assistência ao Trabalhador Rural (previdência).
65. Qual foi a principal reforma administrativa?;O Decreto-Lei 200/67 – reforma administrativa federal.
66. Qual era o objetivo do Decreto-Lei 200?;Modernizar a administração pública (planejamento e orçamento).
67. Como o PAEG influenciou a política de transportes?;Prioridade para rodovias (expansão).
68. Qual era a política energética do período?;Expansão da Petrobras e construção de hidrelétricas.
69. Qual foi a principal hidrelétrica construída?;Furnas (concluída) e a de Cachoeira Dourada (em Goiás).
"70. O que era a ""telebrás"" (criada em 1964)?";Empresa estatal de telecomunicações.
71. Qual foi a importância da reforma bancária?;Criou condições para o crédito e a captação de poupança.
"72. O que era a ""poupança"" (Caderneta de Poupança)?";Instrumento de captação de recursos, com correção monetária.
73. Como o PAEG tratou os bancos estatais?;Fortaleceu o Banco do Brasil e o BNDE.
74. Qual era o papel do BNDE no período?;Financiar investimentos de infraestrutura e indústria.
75. Qual era a política de preços mínimos?;Garantia de preços mínimos para produtos agrícolas.
76. Como o PAEG lidou com as empresas estatais?;Tentou controlar os gastos, mas sem privatizar.
77. Qual foi a principal crítica ao PAEG?;O arrocho salarial e a concentração de renda.
78. Qual era a relação entre o PAEG e os sindicatos?;Os sindicatos foram controlados e o direito de greve foi restringido.
79. O que foi o Ato Institucional nº 1 (AI-1)?;Estabeleceu a eleição indireta para presidente.
80. O AI-1 teve impacto econômico?;Sim, garantiu governabilidade para o PAEG.
81. Qual foi o sucessor de Castelo Branco em 1967?;O marechal Artur da Costa e Silva.
82. Qual era a continuidade econômica de Costa e Silva?;Manteve as diretrizes do PAEG.
"83. O que foi o ""II Plano Nacional de Desenvolvimento""?";Já é do governo Médici (1971), mas com raízes no PAEG.
84. Qual era a taxa de câmbio adotada?;O cruzeiro desvalorizado gradualmente (minidesvalorizações).
"85. O que era a ""política de minidesvalorizações""?";Pequenas desvalorizações diárias, atreladas à inflação.
86. Como a política cambial ajudou a indústria?;Protegeu os produtos nacionais da concorrência estrangeira.
87. Qual era a relação do PAEG com o FMI?;O PAEG foi elogiado e contou com apoio do FMI.
88. Qual era o salário mínimo em 1964?;Teve aumento, mas perdeu valor com a inflação.
89. Qual era a política de habitação popular?;Criação do BNH (Banco Nacional de Habitação) em 1964.
90. Qual era o objetivo do BNH?;Financiar a construção de casas populares.
91. Como o PAEG influenciou a previdência?;Criou o INPS (Instituto Nacional de Previdência Social).
92. Qual era a política de incentivo à poupança?;A correção monetária estimulava a poupança.
93. O PAEG resolveu o problema da inflação definitivamente?;Não – a inflação voltou a subir na década de 1970.
94. Qual era o principal setor que se beneficiou do PAEG?;A grande indústria e o setor financeiro.
95. Qual era a situação da agricultura no PAEG?;Foi incentivada com crédito rural, mas com foco no agronegócio.
96. O que era o crédito rural?;Linha de financiamento para a agricultura com juros baixos.
97. Como o PAEG tratou as importações?;Manteve tarifas protecionistas, mas com racionalização.
98. Qual foi a principal herança do PAEG?;As reformas institucionais (Banco Central, SFN, correção monetária).
99. O que teria acontecido sem o PAEG?;A retomada do crescimento em 1968 seria improvável.
100. Qual a principal conclusão sobre o período 1962-1967?;Foi um período de crise, ajuste e reformas estruturais que permitiram o Milagre Econômico.
;
;
"Qual foi o período conhecido como ""Milagre Econômico""?";1968 a 1973.
2. Qual foi a taxa média de crescimento do PIB no Milagre?;Acima de 10% ao ano.
3. Quem era o presidente no início do Milagre (1968)?;Artur da Costa e Silva.
4. Quem assumiu a presidência em 1969?;Emílio Garrastazu Médici (após a doença de Costa e Silva).
5. Qual foi a taxa de inflação média durante o Milagre?;Em torno de 20% ao ano (controlada, mas não zerada).
6. Qual foi a principal causa externa do Milagre?;O crescimento da economia mundial e a expansão do comércio internacional.
7. Qual foi o principal fator externo que beneficiou o Brasil?;O aumento da liquidez internacional e os baixos juros.
"8. O que era o ""euforia"" dos mercados internacionais?";Excesso de dólares no sistema financeiro global.
9. Qual foi a principal causa interna do Milagre?;As reformas institucionais do PAEG (Banco Central, correção monetária).
10. Qual foi o papel do Estado no Milagre?;O Estado foi o grande indutor do crescimento (investimentos diretos).
11. Qual foi o principal plano econômico do governo Médici?;O I Plano Nacional de Desenvolvimento (I PND).
12. Em que ano foi lançado o I PND?;1971 (válido para 1972-1974).
13. Qual era o lema do I PND?;"""Desenvolvimento econômico e social"" (com ênfase no crescimento)."
14. Qual era a meta de crescimento do I PND?;8% a 10% ao ano.
15. Qual era a meta de inflação do I PND?;Reduzir para 15% ao ano.
16. Quais eram os setores prioritários do I PND?;Energia, transportes, siderurgia, petroquímica e telecomunicações.
"17. O que foi a ""Política de Substituição de Importações"" no I PND?";Continuidade da ISI, mas com foco em bens de capital e insumos.
18. Qual era o papel do capital estrangeiro no I PND?;Foi bem-vindo, com incentivos e garantias.
19. Qual foi a principal fonte de financiamento do I PND?;Empréstimos externos (recursos do exterior).
20. Como o governo financiou os investimentos internos?;Poupança interna (FGTS, PIS/PASEP) e emissão de títulos.
21. O que era o FGTS?;Fundo de Garantia do Tempo de Serviço (criado em 1966, mas ampliado).
22. O que era o PIS/PASEP?;Programas de integração social e de formação do patrimônio do servidor público.
23. Qual era a função do FGTS?;Financiar habitação popular e infraestrutura.
24. Qual era a função do PIS/PASEP?;Financiar o desenvolvimento e redistribuir renda.
25. Qual era a política salarial no Milagre?;Arrocho salarial – reajustes abaixo da inflação.
26. Qual foi a consequência do arrocho salarial?;Concentração de renda (os trabalhadores perderam poder de compra).
"27. Qual era a ""curva de Kuznets"" aplicada ao Brasil?";A ideia de que a concentração de renda era necessária para o crescimento.
28. Qual foi o principal setor industrial que cresceu no Milagre?;A indústria de bens duráveis (automóveis, eletrodomésticos).
29. Qual foi a indústria de base mais expandida?;A siderurgia (ampliação da CSN, Usiminas, Cosipa).
30. Qual foi a principal obra de infraestrutura energética?;A usina hidrelétrica de Itaipu (início da construção – 1973).
31. Em que ano começou a construção de Itaipu?;1973 (entrou em operação em 1984).
32. Qual foi a principal obra rodoviária?;A Transamazônica (iniciada em 1971).
33. Qual era o objetivo da Transamazônica?;Integrar a Amazônia e promover a ocupação.
34. Qual foi a política de desenvolvimento regional?;Incentivos para o Norte, Nordeste e Centro-Oeste (SUDENE, SUDAM).
35. O que era a SUDAM?;Superintendência de Desenvolvimento da Amazônia.
36. Qual era o objetivo da SUDAM?;Fomentar a industrialização e a ocupação da Amazônia.
37. Como o Milagre afetou a agricultura?;Foi modernizada, com expansão da fronteira agrícola (soja).
38. Qual foi o principal produto agrícola de exportação?;A soja (começou a crescer no período).
39. Qual foi a política de crédito rural?;Subsídios e juros baixos para a agricultura.
40. Qual foi o impacto do Milagre nas exportações?;Cresceram muito (manufaturados e commodities).
41. Qual era a política cambial?;Minidesvalorizações (cruzeiro desvalorizado gradualmente).
42. Qual era a política de incentivo às exportações?;Subsídios fiscais (crédito-prêmio) e isenções.
"43. O que era o ""crédito-prêmio do IPI""?";Desconto no IPI para produtos exportados.
44. Qual era a política de importação?;Protecionismo, mas com redução gradual de tarifas para insumos.
45. Como o Milagre afetou a balança comercial?;Houve superávit comercial (exportações crescentes).
46. Qual era o principal parceiro comercial?;Os Estados Unidos (seguidos pela Europa).
47. Qual era a política de endividamento externo?;O Brasil contraiu grandes empréstimos para investir.
48. Qual foi a consequência do endividamento?;A dívida externa cresceu muito, mas os juros eram baixos.
"49. O que era a ""dívida flutuante""?";Dívida de curto prazo, rolada constantemente.
50. Como o Milagre afetou o emprego?;Houve pleno emprego, com migração para as cidades.
51. Qual foi o crescimento da indústria automobilística?;A produção de veículos cresceu exponencialmente.
52. Qual foi a primeira montadora a produzir 1 milhão de veículos?;A Volkswagen (na década de 1970).
53. Como o Milagre afetou a classe média?;Cresceu e teve acesso a bens de consumo duráveis.
54. Qual foi o papel da publicidade no Milagre?;"Estimulou o consumo (a ""sociedade de consumo"")."
55. Qual era a política de habitação popular?;O BNH financiou milhões de casas (mas com foco na classe média).
56. Qual era a política de saneamento básico?;O PLANASA (Plano Nacional de Saneamento) foi criado.
57. Qual era a política educacional?;Houve expansão do ensino fundamental, mas com qualidade precária.
58. Qual era a política de telecomunicações?;A Telebrás expandiu a rede telefônica.
59. Qual foi o principal problema social do Milagre?;A concentração de renda e a desigualdade social.
60. Qual era o índice de Gini do Brasil no Milagre?;Alto (desigualdade cresceu).
61. Qual foi a crítica de Celso Furtado ao Milagre?;"Que foi um ""milagre"" artificial, com concentração de renda."
62. Qual era a relação do Milagre com a censura?;O governo militar censurava a imprensa e a oposição.
63. Qual foi o Ato Institucional nº 5 (AI-5)?;Decreto (1968) que endureceu o regime, com suspensão de direitos políticos.
64. O AI-5 teve impacto econômico?;Garantiu estabilidade política para as reformas econômicas.
65. Qual foi a política de preços?;O governo controlava os preços de combustíveis e energia.
66. Qual foi a política de salário mínimo?;O salário mínimo perdia poder de compra.
67. Qual era a política de previdência?;O INPS foi expandido, mas com problemas financeiros.
68. Qual era a política de saúde pública?;Poucos investimentos – prevaleceu o modelo assistencialista.
69. Qual era a política de transporte urbano?;Prioridade para o transporte rodoviário (ônibus e automóveis).
70. Qual foi a primeira grande crise do Milagre?;O choque do petróleo em 1973 (aumento do preço do petróleo).
71. Em que ano ocorreu o primeiro choque do petróleo?;1973 (início em outubro, após a Guerra do Yom Kippur).
72. Qual foi o impacto do choque do petróleo?;Aumento da inflação e piora da balança comercial.
73. Como o Brasil reagiu ao choque do petróleo?;Lançou o II Plano Nacional de Desenvolvimento (II PND).
74. Qual era o objetivo do II PND?;Reduzir a dependência de insumos externos e substituir importações.
75. Quem sucedeu Médici em 1974?;O general Ernesto Geisel.
76. Qual era a política de abertura econômica de Geisel?;Tentou manter o crescimento, mas já com ajustes.
77. Qual foi o principal fator que encerrou o Milagre?;O choque do petróleo e o fim da liquidez internacional.
78. Qual era a taxa de crescimento em 1973?;Mais de 14% (o pico do Milagre).
79. Em que ano o Milagre terminou oficialmente?;1974 – com a crise do petróleo.
80. Qual foi o legado do Milagre?;A modernização industrial e a infraestrutura.
81. Qual foi a principal crítica econômica ao Milagre?;A concentração de renda e a dívida externa.
82. Como o Milagre afetou as relações do trabalho?;O poder dos sindicatos foi restringido.
83. Qual era a política de greve?;Greves foram proibidas ou severamente limitadas.
84. Qual era a política de liberdade de imprensa?;Censura prévia e perseguição a jornalistas.
85. Qual era a política de repressão política?;Prisões, tortura e exílio de opositores.
86. Qual era a relação entre o Milagre e a propaganda oficial?;"O governo usava a propaganda para legitimar o regime (""Brasil, ame-o ou deixe-o"")."
87. Qual era a política de educação técnica?;Criou-se o SENAI e o SENAC (já existentes) e ampliou-se o ensino técnico.
88. Qual era a política de ciência e tecnologia?;Incentivos à pesquisa, mas com foco na indústria.
89. Qual era o principal instituto de pesquisa?;O IPEA (Instituto de Pesquisa Econômica Aplicada) – já existia.
90. Como o Milagre afetou o setor de serviços?;Cresceu junto com a urbanização.
91. Qual foi a política de turismo?;Incentivos ao turismo nacional e internacional.
92. Qual era a taxa de juros básica?;Controlada pelo Banco Central, com juros reais negativos em alguns períodos.
93. Qual era a política de dívida pública?;O governo emitia títulos para financiar o déficit.
94. Qual era a relação do Milagre com a corrupção?;Houve denúncias de corrupção em obras públicas.
95. Qual era o papel dos bancos estatais?;Financiavam o desenvolvimento (BNDE, Banco do Brasil).
96. Qual era a política de incentivo à poupança?;A caderneta de poupança foi popularizada.
97. Qual era a política de arrecadação tributária?;Aumentou a carga tributária para financiar os gastos.
98. Qual foi o saldo do Milagre?;Um parque industrial moderno, mas com elevada dívida e desigualdade.
99. Qual a principal lição do Milagre?;Que o crescimento sem distribuição de renda é insustentável.
100. Qual a principal conclusão sobre o período 1968-1973?;Foi a fase de maior crescimento da história brasileira, mas com alto custo social e político.
;
Em que ano se inicia o período de desaceleração econômica?;1974 (após o primeiro choque do petróleo).
2. Qual foi o grande choque externo que interrompeu o Milagre?;O primeiro choque do petróleo (1973).
3. Qual foi a consequência imediata do choque do petróleo para o Brasil?;Aumento da inflação e déficit na balança comercial.
4. Quem assumiu a presidência em 1974?;O general Ernesto Geisel.
5. Qual foi a principal resposta do governo Geisel à crise?;O II Plano Nacional de Desenvolvimento (II PND).
6. Em que ano foi lançado o II PND?;1974.
7. Qual era o lema do II PND?;"""Construir uma economia moderna e autônoma""."
8. Qual era o principal objetivo do II PND?;Reduzir a dependência externa (substituição de importações de bens de capital e insumos).
9. Quais eram os setores prioritários do II PND?;Energia, petróleo, petroquímica, siderurgia, fertilizantes e bens de capital.
10. Como o II PND diferia do I PND?;Era mais defensivo (resposta à crise) e focava em insumos básicos.
11. Qual foi o programa de expansão da Petrobras?;O PROÁLCOOL (1975) e a exploração de petróleo em águas profundas.
12. O que foi o PROÁLCOOL?;Programa Nacional do Álcool – incentivo à produção de etanol.
13. Qual era o objetivo do PROÁLCOOL?;Reduzir a dependência do petróleo importado.
14. Qual foi a principal usina hidrelétrica do II PND?;Itaipu (continuou sendo construída).
15. Que outra grande hidrelétrica foi construída?;Tucuruí (no Pará, iniciada em 1975).
16. Qual foi a principal obra na área de siderurgia?;A expansão da CSN e a construção de novas usinas.
17. Qual foi a principal obra na área de petroquímica?;O Polo Petroquímico de Camaçari (na Bahia).
18. O que foi o Polo Petroquímico de Camaçari?;Complexo industrial de produção de plásticos e insumos.
19. Qual foi a principal obra na área de fertilizantes?;A construção de fábricas de fertilizantes (nitrogenados e fosfatados).
20. Como o II PND foi financiado?;Com empréstimos externos (aumento da dívida externa).
21. Qual foi a fonte de financiamento externo mais importante?;Os euromercados (bancos internacionais com petrodólares).
22. Qual foi o papel dos petrodólares?;Dinheiro dos países exportadores de petróleo aplicado em bancos.
23. Como o II PND afetou a dívida externa brasileira?;Ela cresceu exponencialmente (de US12biparaUS12biparaUS 50 bi).
24. Qual era a política de juros no mercado internacional?;Juros negativos (baixos) – o que estimulou o endividamento.
25. Qual foi a principal crítica ao II PND?;O endividamento excessivo e a ineficiência de alguns projetos.
26. O II PND foi bem-sucedido em seus objetivos?;Parcialmente – criou uma base industrial, mas gerou grande dívida.
27. Qual foi o segundo choque do petróleo?;Em 1979 (revolução iraniana).
28. Qual foi o impacto do segundo choque?;Novo aumento do preço do petróleo e agravamento da crise.
29. Quem sucedeu Geisel em 1979?;O general João Batista Figueiredo.
30. Qual era a política econômica do governo Figueiredo?;Tentativa de ajuste, com maxidesvalorização e controle da inflação.
"31. O que foi a ""maxidesvalorização"" de 1979?";Desvalorização violenta do cruzeiro em relação ao dólar.
32. Qual era o objetivo da maxidesvalorização?;Estimular as exportações e reduzir o déficit.
33. Qual foi a consequência da maxidesvalorização?;Aumento da inflação e da dívida externa em cruzeiros.
34. Como a inflação se comportou no final da década de 1970?;Disparou (ultrapassando 100% ao ano).
35. Qual era a política de indexação?;Correção monetária generalizada (preços, aluguéis, salários).
36. Qual foi o efeito da indexação?;Realimentou a inflação (inflação inercial).
"37. O que era a ""inflação inercial""?";A inflação que se autoalimenta pela indexação.
38. Qual era a política de salários?;A política de arrocho continuou, com perda do poder de compra.
39. Qual era a situação do mercado de trabalho?;Desemprego começou a crescer.
40. Como a desaceleração afetou a indústria?;Houve queda na produção e investimentos.
41. Qual era a política de subsídios?;O governo manteve subsídios para a indústria e agricultura.
42. Qual foi a principal medida de controle da inflação?;O Plano de Ajuste Econômico (1979) – sem sucesso.
43. Qual foi a crise da dívida externa mexicana (1982)?;O México declarou moratória, afetando a confiança no Brasil.
44. Como a crise mexicana afetou o Brasil?;Os bancos suspenderam novos empréstimos.
45. O que foi a moratória?;A suspensão do pagamento da dívida externa.
46. Em que ano o Brasil suspendeu os pagamentos da dívida?;1983 (governo Figueiredo).
47. Qual foi a reação do FMI à moratória?;Impôs um programa de ajuste para novos empréstimos.
48. Qual era o programa do FMI para o Brasil?;Cortes de gastos, aumento de impostos e desvalorização cambial.
49. Qual foi a política de câmbio no início dos anos 1980?;Minidesvalorizações, mas com aceleração.
50. Como a desaceleração afetou a balança comercial?;Houve superávit, mas às custas da recessão.
51. Qual foi a recessão de 1981-1983?;Período de crescimento negativo (PIB caiu).
52. Qual foi a taxa de crescimento do PIB em 1981?;Negativa (cerca de -4%).
53. Qual foi a taxa de inflação em 1983?;Acima de 200% ao ano.
54. Qual foi a política de preços administrados?;O governo controlava preços de combustíveis, energia e telecomunicações.
55. Qual foi o papel da Eletrobras no período?;Financiou e executou grandes projetos energéticos.
56. Qual foi a política de desenvolvimento regional?;Continuaram os incentivos para o Norte/Nordeste.
57. Qual foi a situação da Zona Franca de Manaus?;Expandiu, com novas indústrias eletrônicas.
58. Como a desaceleração afetou a agricultura?;A agricultura continuou crescendo, mas com menor ritmo.
59. Qual foi o principal produto agrícola de exportação?;Soja (liderou as exportações agrícolas).
60. Qual era a política de reforma agrária?;Praticamente estagnada (poucos assentamentos).
61. Qual foi a principal crítica social ao período?;A concentração de renda e a pobreza cresceram.
62. Qual era a política de saúde?;O SUS não existia – a saúde era previdenciária.
63. Qual era a política educacional?;Houve cortes de gastos, com queda na qualidade.
"64. Qual foi o movimento ""Diretas Já"" (1984)?";Campanha por eleições diretas para presidente.
65. Qual foi o impacto do movimento Diretas Já na economia?;Aumentou a instabilidade política, mas não teve efeito direto.
66. Quem foi eleito indiretamente em 1985?;Tancredo Neves (e, com sua morte, José Sarney).
67. Qual era o principal legado do II PND?;A construção de uma infraestrutura energética e industrial.
68. Qual foi a principal falha do II PND?;O endividamento externo insustentável.
"69. O que era a ""dívida externa"" em 1984?";Cerca de US$ 90 bilhões.
70. Qual era o custo do serviço da dívida?;Altíssimo – consumia grande parte das exportações.
"71. O que era a ""dívida interna""?";A dívida do governo em moeda nacional.
72. Como a dívida interna foi financiada?;Com a emissão de títulos públicos.
73. Qual foi a política de juros internos?;Juros altos para atrair a poupança.
74. Qual era o papel da poupança?;Financiava os investimentos e a dívida pública.
75. Qual foi a política cambial de Figueiredo?;Desvalorizações contínuas, mas sem controle.
76. Qual foi o impacto da desvalorização na inflação?;Aumentou os preços dos produtos importados.
77. Qual era a política de comércio exterior?;Incentivo às exportações, mas com barreiras às importações.
78. Qual foi o papel das exportações de manufaturados?;Cresceram, mas ainda eram minoritárias.
79. Qual era a política de incentivo à indústria?;Subsídios e proteção tarifária.
80. Como a crise afetou as empresas estatais?;Muitas foram pressionadas a se modernizar.
81. Qual era a política de privatização?;Ainda não – as estatais eram defendidas.
82. Qual foi a primeira grande privatização?;Apenas na década de 1990 (Collor/FHC).
83. Qual era a política de ciência e tecnologia?;Foi priorizada, com a criação de institutos de pesquisa.
84. Qual foi a contribuição do II PND para a indústria de bens de capital?;Estimulou a produção nacional de máquinas e equipamentos.
85. Qual era a indústria de base mais protegida?;A siderurgia.
86. Qual era a relação do Brasil com o FMI?;Tensa – o Brasil aceitava as condições, mas com resistência.
"87. O que era a ""Carta de Intenções"" ao FMI?";Documento com as metas e compromissos do país.
88. Qual foi a principal medida de ajuste fiscal?;Cortes de investimentos e aumento de impostos.
89. Qual era a política de gastos públicos?;Contenção dos gastos, mas com aumento dos juros da dívida.
90. Qual foi a política de salário mínimo?;Perdeu valor real ao longo dos anos.
91. Como a desaceleração afetou as classes médias?;Perderam poder de compra e muitos passaram a ter dívidas.
92. Qual era a situação da pobreza?;Aumentou, com o crescimento do desemprego.
93. Qual era a política de combate à inflação?;Congelamento de preços (tentativas, mas sem sucesso).
"94. O que foi o ""Plano de Ajuste Econômico"" de 1983?";Programa de ajuste fiscal e monetário.
95. Qual era a meta de inflação do Plano de 1983?;Reduzir para 80% ao ano (não foi alcançado).
96. Qual foi a consequência política da crise?;Aumento da oposição ao regime militar.
97. Em que ano terminou o regime militar?;1985 (com a eleição de Tancredo Neves).
98. Qual foi a transição para a democracia?;A Nova República, iniciada em 1985.
99. Qual o principal legado do período 1974-1984?;A infraestrutura instalada, mas com alto custo financeiro.
100. Qual a principal conclusão sobre a desaceleração e o II PND?;Foi um período de investimentos necessários, mas que gerou uma crise de endividamento que marcou toda a década de 1980.
;
;
" Por que a década de 1980 é chamada de ""década perdida"" na América Latina?";Pelo baixo crescimento econômico e alta inflação.
2. Qual foi o grande marco inicial da crise dos anos 1980?;A moratória do México (1982).
3. Qual foi o efeito da moratória mexicana sobre o Brasil?;A interrupção do fluxo de capitais externos.
4. Em que ano o Brasil suspendeu o pagamento da dívida externa?;1983.
5. Qual era o valor da dívida externa brasileira em 1982?;Cerca de US$ 70-80 bilhões.
"6. O que foi o ""Consenso de Washington"" (criado em 1989)?";Conjunto de medidas neoliberais para países em desenvolvimento.
7. Qual era a principal exigência do FMI para novos empréstimos?;Ajuste fiscal, corte de gastos e abertura comercial.
8. Como era a política de ajuste fiscal no Brasil na década de 1980?;Cortes de investimentos públicos e aumento de impostos.
9. Qual foi a taxa de crescimento do PIB na década de 1980?;Muito baixa (média de cerca de 2% ao ano).
10. Em que anos o PIB brasileiro teve crescimento negativo?;1981, 1983 e 1988 (recessões).
11. Qual foi a inflação acumulada na década de 1980?;Milhares de por cento (chegou a 1.000% ao ano).
12. Qual foi a inflação em 1989?;Cerca de 1.800% ao ano.
"13. O que era a ""inflação inercial""?";A inflação que se autoalimenta por mecanismos de indexação.
14. Como funcionava a indexação na economia brasileira?;Todos os preços e contratos eram corrigidos pela inflação passada.
15. Qual era o principal mecanismo de indexação?;A correção monetária.
16. Qual foi o primeiro plano de combate à inflação na Nova República?;O Plano Cruzado (1986).
17. Em que ano foi lançado o Plano Cruzado?;Fevereiro de 1986.
18. Quem era o presidente quando o Plano Cruzado foi lançado?;José Sarney.
19. Quem foi o principal formulador do Plano Cruzado?;O ministro da Fazenda, Dilson Funaro.
20. Qual foi a principal medida do Plano Cruzado?;O congelamento de preços e salários.
21. Qual foi a mudança monetária do Plano Cruzado?;Criação do cruzado (substituiu o cruzeiro).
22. Como foi a reação inicial da população ao Plano Cruzado?;Muito positiva, com euforia e aumento do consumo.
"23. O que foi o ""gatilho salarial"" do Plano Cruzado?";Reajuste automático dos salários quando a inflação acumulada atingisse 20%.
24. Por que o Plano Cruzado fracassou?;O congelamento gerou desabastecimento e pressão sobre os preços.
25. Qual foi a consequência do desabastecimento?;Mercado negro e filas.
"26. O que foi o ""Plano Cruzado II"" (novembro de 1986)?";Um novo congelamento, com menos credibilidade.
27. Qual foi a inflação após o fim do Plano Cruzado?;Explodiu para patamares ainda mais altos.
28. Qual foi o segundo grande plano de combate à inflação?;O Plano Bresser (1987).
29. Em que ano foi lançado o Plano Bresser?;Junho de 1987.
30. Quem foi o formulador do Plano Bresser?;O ministro da Fazenda, Luiz Carlos Bresser-Pereira.
31. Qual foi a principal medida do Plano Bresser?;Congelamento de preços por 90 dias, sem gatilho salarial.
32. O que diferenciava o Plano Bresser do Cruzado?;Foi mais curto e sem a euforia inicial.
33. Por que o Plano Bresser fracassou?;Não conseguiu romper a inércia inflacionária.
34. Qual foi o terceiro grande plano de combate à inflação?;O Plano Verão (1989).
35. Em que ano foi lançado o Plano Verão?;Janeiro de 1989.
36. Quem foi o formulador do Plano Verão?;O ministro da Fazenda, Maílson Ferreira da Nóbrega.
37. Qual foi a mudança monetária do Plano Verão?;Criação do cruzado novo (cortando três zeros).
38. Qual foi a principal medida do Plano Verão?;Congelamento de preços e nova indexação.
39. Por que o Plano Verão fracassou?;A inflação voltou com força poucos meses depois.
40. Qual era o diagnóstico dos economistas sobre a inflação brasileira?;Que era essencialmente inercial (indexada).
41. Qual a principal divergência no debate sobre a inflação?;Se era de demanda, de custos, fiscal ou inercial.
"42. O que defendia a ""teoria monetarista"" da inflação?";Que a inflação era causada pelo excesso de moeda.
"43. O que defendia a ""teoria da inflação inercial""?";Que a inflação se autoalimentava pela indexação.
44. Quem foram os principais defensores da tese inercial?;Economistas como Francisco Lopes, Yoshiaki Nakano e Persio Arida.
45. Qual foi o papel da indexação na inflação?;Ela transmitia a inflação passada para os preços futuros.
"46. O que era a ""inflação de demanda""?";O excesso de demanda agregada sobre a oferta.
"47. O que era a ""inflação de custos""?";O aumento dos custos de produção (salários, matérias-primas).
48. Qual foi a principal crítica à tese inercial?;Que ela ignorava o déficit público como causa.
"49. O que era o ""déficit público"" na década de 1980?";A diferença entre gastos e receitas do governo.
50. Como o déficit público era financiado?;Pela emissão de moeda e títulos públicos.
51. Qual era a relação entre déficit público e inflação?;O déficit forçava a emissão de moeda, gerando inflação.
"52. O que foi a ""moratória"" da dívida externa em 1987?";O Brasil declarou suspensão temporária dos pagamentos.
53. Quem anunciou a moratória de 1987?;O presidente José Sarney.
54. Qual foi a reação internacional à moratória?;Preocupação e pressão para o Brasil renegociar.
55. Como o Brasil renegociou a dívida externa?;Com o FMI e o Clube de Paris.
"56. O que era o ""Clube de Paris""?";Fórum de renegociação de dívidas entre países credores.
57. Qual foi a política de câmbio no período?;Desvalorizações contínuas, mas sem credibilidade.
58. Qual foi o efeito da desvalorização sobre a inflação?;Alimentou a inflação (repasse cambial).
"59. O que era o ""repasse cambial""?";O aumento dos preços internos devido à alta do dólar.
60. Qual era a situação da balança comercial?;Superávit, devido à recessão e desvalorização.
61. Como a crise afetou o setor industrial?;Houve queda da produção e falências.
62. Qual foi o impacto da crise na agricultura?;Continuou crescendo, mas com menor ritmo.
63. Qual era a política de subsídios à agricultura?;Crédito rural subsidiado, mas com recursos escassos.
64. Como a crise afetou o mercado de trabalho?;Alto desemprego e crescimento do setor informal.
"65. O que era o ""setor informal"" da economia?";Trabalhadores sem carteira assinada e comércio não regulado.
66. Qual era a situação da pobreza na década de 1980?;Aumentou significativamente.
67. Qual era a política de distribuição de renda?;Praticamente inexistente – a renda se concentrou mais.
"68. O que foi a ""Constituição de 1988"" em termos econômicos?";Estabeleceu direitos sociais, mas aumentou o déficit público.
69. Quais foram os gastos previdenciários criados em 1988?;Aposentadoria rural, novos benefícios assistenciais.
70. Como a Constituição de 1988 afetou o orçamento?;Aumentou as despesas obrigatórias, sem aumentar receitas.
"71. O que foi a ""estatização"" da dívida externa?";A transferência da dívida externa privada para o Estado.
72. Em que ano houve a estatização da dívida?;1983 (governo Figueiredo).
73. Qual foi o efeito da estatização?;Aumentou a dívida pública interna e externa.
74. Qual era a política de juros internos?;Juros reais elevados para atrair a poupança.
75. Qual era o papel do Banco Central no combate à inflação?;Tentou controlar a liquidez, mas sem sucesso.
"76. O que era a ""troca de moeda"" nos planos?";Medida de confisco (cortar zeros e criar novas moedas).
77. O Plano Cruzado confiscou a poupança?;Não, mas outros planos (como o Collor) confiscaram.
"78. Qual foi o debate sobre o ""choque heterodoxo""?";O uso de congelamentos para quebrar a inércia.
"79. O que era o ""choque ortodoxo""?";Políticas monetárias restritivas (cortes de gastos).
80. Por que os choques ortodoxos não funcionavam?;A indexação mantinha a inflação alta.
81. Qual era a situação da indústria automobilística?;Encolheu, com queda nas vendas.
82. Qual era a política de energia?;Continuação dos projetos (Itaipu e Tucuruí).
83. Qual foi o impacto da crise no sistema financeiro?;Houve várias quebras de bancos.
"84. O que era a ""caderneta de poupança""?";Instrumento de poupança com correção monetária.
85. Como a poupança foi afetada pela inflação?;Perdeu atratividade, mas era protegida pela correção.
86. Qual era a política de comércio exterior?;Barreiras às importações e incentivo às exportações.
"87. O que era a ""reserva de mercado""?";A proteção total de alguns setores contra importações.
88. Qual foi a crítica à reserva de mercado?;Gerava ineficiência e produtos caros.
89. Qual era o principal parceiro comercial do Brasil?;Os Estados Unidos.
90. Como a crise política (Diretas Já) afetou a economia?;Aumentou a incerteza e a desconfiança.
91. Qual era a relação entre o governo e o empresariado?;Houve conflitos, especialmente com os planos de congelamento.
92. Qual foi a principal crítica dos empresários aos planos?;O congelamento prejudicava os lucros.
93. Qual era a situação do salário mínimo?;Perdeu poder de compra drasticamente.
94. Qual era a política de habitação?;O BNH foi extinto em 1986 (substituído pela CEF).
95. O que foi a CEF (Caixa Econômica Federal)?;Banco estatal para habitação e poupança.
96. Como a inflação afetou os contratos de aluguel?;Eram reajustados pela inflação, mas com defasagem.
97. Qual foi a primeira eleição direta após a ditadura?;1989 (Fernando Collor eleito).
98. Qual foi o legado da década de 1980?;Uma década de estagnação, alta inflação e dívida.
99. Qual a principal lição da crise dos anos 1980?;A necessidade de reformas estruturais para controlar a inflação.
100. Qual a principal conclusão sobre os anos 1980?;Foi uma década perdida economicamente, mas que gerou o debate teórico que embasou o Plano Real.
;
;
Economia Brasileira nos anos noventa;
1. Quem foi eleito presidente em 1989 e assumiu em 1990?;Fernando Collor de Mello.
2. Qual foi o principal plano econômico do governo Collor?;O Plano Collor (Plano Brasil Novo) – lançado em março de 1990.
3. Qual foi a principal medida do Plano Collor?;O confisco da poupança e ativos financeiros (bloqueio de 18 meses).
4. Qual era o objetivo do confisco da poupança?;Reduzir a liquidez da economia e combater a inflação.
"5. O que foi a ""abertura comercial"" iniciada por Collor?";A redução de tarifas de importação e fim de barreiras não tarifárias.
6. Qual era o objetivo da abertura comercial?;Aumentar a competitividade e modernizar a indústria.
7. Qual foi a principal crítica à abertura comercial de Collor?;A indústria nacional não estava preparada, gerando falências.
8. O que foi o Programa Nacional de Desestatização (PND)?;Criado em 1990 para privatizar empresas estatais.
9. Quais foram as primeiras grandes privatizações?;A Usiminas (1991) e a Companhia Siderúrgica Nacional (CSN – 1993).
"10. O que foi a ""abertura financeira""?";A permissão para a entrada de capitais estrangeiros no sistema financeiro.
11. Qual foi o principal acordo de integração econômica da década?;O Mercosul (criado em 1991 pelo Tratado de Assunção).
12. Quais países fundaram o Mercosul?;Brasil, Argentina, Uruguai e Paraguai.
13. Qual era o objetivo do Mercosul?;Criar um mercado comum e reduzir tarifas entre os países.
14. Quem sucedeu Collor (após seu impeachment em 1992)?;O vice-presidente Itamar Franco.
15. Qual foi o principal plano econômico do governo Itamar?;O Plano Real (lançado em 1994).
16. Quem foi o principal formulador do Plano Real?;Fernando Henrique Cardoso (Ministro da Fazenda).
"17. Em que fase do Plano Real houve a criação do ""URV""?";Na primeira fase (janeiro de 1994) – Unidade Real de Valor.
18. O que era a URV?;Uma unidade de conta indexada ao dólar, usada como referência para preços.
19. Qual era a função da URV?;"Desindexar a economia e servir de ""âncora"" para a nova moeda."
20. Em que data o Real entrou em circulação?;Em 1º de julho de 1994.
21. Qual foi a taxa de câmbio inicial do Real em relação ao dólar?;Paridade de 1 Real = 1 Dólar (câmbio fixo).
22. Qual era a âncora cambial do Plano Real?;O câmbio fixo (banda cambial) para controlar a inflação.
23. Como o Plano Real controlou os preços?;Pela âncora cambial e pelo equilíbrio fiscal.
24. Qual foi a principal medida fiscal do Plano Real?;A criação do Fundo Social de Emergência (FSE) e renegociação da dívida dos estados.
25. O que foi o FSE?;Fundo que desvinculava parte das receitas para usos específicos.
26. O Plano Real foi bem-sucedido em reduzir a inflação?;Sim – inflação caiu de cerca de 5.000% ao ano em 1993 para 1% ao mês em 1994.
27. Qual foi o principal efeito social do Plano Real?;Aumento do poder de compra dos salários e redução da pobreza.
28. Quem foi eleito presidente em 1994?;Fernando Henrique Cardoso (FHC).
29. Qual foi a política de câmbio adotada por FHC?;"O regime de ""banda cambial"" (desvalorizações controladas)."
30. O que foi a crise do México (1994) e seu efeito no Brasil?;"A ""Efeito Tequila"" – crise de confiança, com fuga de capitais."
31. Como o Brasil reagiu ao Efeito Tequila?;Aumentou os juros e usou reservas para defender o Real.
32. O que foi a crise asiática (1997) e seu efeito?;Nova fuga de capitais e pressão sobre o câmbio.
33. O que foi a crise russa (1998) e seu efeito?;Agravou a desconfiança e levou a uma nova rodada de juros altos.
"34. O que foi o ""Programa de Estabilização Fiscal"" de 1997?";Conjunto de medidas para reduzir o déficit público.
35. Em que ano o Brasil adotou o regime de câmbio flutuante?;1999 (após a desvalorização do Real).
"36. O que foi a ""maxidesvalorização"" de janeiro de 1999?";O Real foi desvalorizado em cerca de 40% em relação ao dólar.
37. Quem foi o presidente do Banco Central durante a maxidesvalorização?;Gustavo Franco (presidente) e, depois, Armínio Fraga.
38. Qual foi a consequência da maxidesvalorização?;A inflação subiu, mas o câmbio flutuante foi consolidado.
"39. O que foi o ""Regime de Metas de Inflação"" (adotado em 1999)?";Sistema em que o BC define metas anuais de inflação.
40. Qual foi a principal privatização do governo FHC?;A Vale do Rio Doce (1997).
41. Que outra grande empresa foi privatizada?;A Telebrás (sistema de telefonia) – em 1998.
42. Qual era o objetivo das privatizações?;Reduzir a dívida pública e modernizar os serviços.
43. Qual foi a principal crítica às privatizações?;A venda a preços baixos e a perda de controle nacional.
44. O que foi a Lei de Responsabilidade Fiscal (LRF) – criada em 2000?;Lei que limita os gastos públicos e o endividamento dos estados.
45. Qual foi o impacto da LRF?;Aumentou o controle fiscal, mas gerou críticas de restrição ao investimento.
46. Como a década de 1990 afetou a indústria brasileira?;Houve desindustrialização relativa (perda de participação no PIB).
47. Qual foi o principal setor da economia na década de 1990?;O setor de serviços.
48. Qual foi a política de comércio exterior?;Abertura e incentivo às exportações.
49. Qual foi o principal parceiro comercial?;Os Estados Unidos e a União Europeia, além do Mercosul.
50. Qual foi o saldo da balança comercial na década?;Variou, mas com tendência ao déficit em alguns anos.
51. Qual o principal legado do Plano Real?;A estabilidade monetária e o fim da hiperinflação.
52. Qual a principal crítica ao Plano Real?;O câmbio sobrevalorizado prejudicou as exportações.
5 Bancos digitais, meios de pagamento e a transição para o dinheiro digital;
53. O que é um banco digital?;Instituição financeira que opera integralmente pela internet, sem agências físicas.
54. Qual foi o primeiro grande banco digital brasileiro?;O Nubank (fundado em 2013).
"55. O que são as ""fintechs""?";Empresas que usam tecnologia para oferecer serviços financeiros inovadores.
56. Qual foi a principal vantagem dos bancos digitais?;A redução de custos (tarifas) e a maior comodidade.
57. O que é o PIX?;Sistema de pagamentos instantâneos criado pelo Banco Central (em 2020).
58. Qual a característica principal do PIX?;Transferências e pagamentos em tempo real, 24/7, sem custo para pessoas físicas.
59. Qual foi o impacto do PIX na economia?;Popularizou os pagamentos digitais e reduziu o uso de dinheiro físico.
"60. O que é uma ""conta digital"" ou ""conta de pagamentos""?";Conta simplificada, com menores exigências, para pagamentos.
"61. O que são as ""moedas digitais"" (criptomoedas)?";Ativos digitais baseados em criptografia (ex.: Bitcoin).
62. O Bitcoin é uma moeda de curso legal no Brasil?;Não – é um ativo, não reconhecido como moeda oficial.
"63. O que é o ""Real Digital"" (Drex)?";A versão digital da moeda brasileira, emitida pelo Banco Central (em desenvolvimento).
64. Qual é a diferença entre o Real Digital e as criptomoedas?;O Real Digital é centralizado (emitido pelo BC), criptomoedas são descentralizadas.
"65. O que é a ""tokenização"" da economia?";A representação digital de ativos reais (imóveis, títulos) em tokens.
66. Qual é o órgão regulador dos bancos digitais no Brasil?;O Banco Central do Brasil.
"67. O que é o ""Sistema de Pagamentos Brasileiro"" (SPB)?";O conjunto de sistemas que processa transferências e pagamentos.
"68. O que é a ""compensação"" de cheques e boletos?";A troca de informações entre bancos para liquidar pagamentos.
"69. O que é a ""câmara de compensação""?";Entidade que processa e liquida transações financeiras.
70. Qual foi o impacto dos bancos digitais nos bancos tradicionais?;Forçaram a redução de tarifas e a digitalização dos serviços.
"71. O que é o ""open banking"" (sistema financeiro aberto)?";Compartilhamento de dados financeiros entre instituições, mediante consentimento do cliente.
72. Em que ano o open banking começou no Brasil?;Em 2021 (fase de implementação).
73. Qual era o objetivo do open banking?;Aumentar a concorrência e dar mais controle aos clientes.
"74. O que é um ""pagamento por aproximação"" (contactless)?";Pagamento via cartão ou celular, sem contato físico.
"75. O que são as ""carteiras digitais"" (e-wallets)?";Aplicativos que armazenam dados de cartões e permitem pagamentos.
"76. O que é o ""QR Code"" nos pagamentos?";Código de barras 2D que armazena informações de pagamento.
"77. Qual foi a transição do ""dinheiro de plástico"" para o digital?";A substituição gradual de cartões físicos por pagamentos via smartphone.
"78. O que são os ""cartões pré-pagos""?";Cartões que requerem recarga antes do uso (não são contas-correntes).
"79. O que é o ""crédito rotativo"" do cartão de crédito?";O financiamento do saldo devedor após o vencimento, com juros elevados.
80. Qual é a taxa de juros do rotativo?;Historicamente muito alta (acima de 300% ao ano).
"81. O que é o ""Sistema de Informações de Crédito"" (SCR)?";Cadastro do BC com informações sobre operações de crédito.
"82. O que é o ""Cadastro Positivo""?";Banco de dados com histórico de pagamentos de boas, para facilitar o crédito.
83. Qual foi a mudança com a Lei do Cadastro Positivo (2019)?;Passou a ser automático, salvo se o cliente optar por não participar.
"84. O que é a ""fintech de crédito""?";Empresa que oferece empréstimos com análise de dados alternativa.
"85. O que é a ""fintech de câmbio""?";Plataforma digital para compra/venda de moeda estrangeira com taxas mais baixas.
"86. O que é a ""fintech de investimentos""?";Corretoras com aplicativos para investir com baixas taxas.
"87. O que são os ""bancos múltiplos""?";Instituições que oferecem várias operações (crédito, investimento, câmbio).
88. Qual foi o principal risco dos bancos digitais?;A segurança cibernética (golpes, hackers).
89. Como o Banco Central regula as fintechs?;Com licenças e regras de segurança, conforme a Resolução 4.656/2018.
"90. O que é o ""sandbox"" regulatório do BC?";Ambiente de testes para novas tecnologias financeiras.
"91. O que é o ""pagamento com biometria""?";Pagamento feito com impressão digital ou reconhecimento facial.
"92. O que é o ""dinheiro digital"" em sentido amplo?";Qualquer forma de valor monetário armazenada eletronicamente.
93. Como o dinheiro digital impacta a política monetária?;Aumenta a eficiência, mas pode dificultar o controle de liquidez.
"94. O que é a ""bancarização""?";O acesso da população a serviços bancários.
95. Qual foi a taxa de bancarização no Brasil na década de 2010?;Cresceu significativamente, mas ainda há excluídos.
"96. O que é a ""inclusão financeira""?";O acesso a serviços financeiros básicos pela população de baixa renda.
"97. O que são as ""moedas digitais de banco central"" (CBDC)?";Moedas digitais emitidas e garantidas pelo banco central.
"98. O que é a ""tokenização do Real""?";A emissão de tokens lastreados em reais, para uso em blockchain.
99. Qual é o principal desafio da transição do plástico para o digital?;A segurança, a privacidade e a exclusão digital de idosos e áreas remotas.
100. Qual a principal conclusão sobre a evolução dos meios de pagamento?;A tendência é a eliminação gradual do papel-moeda, com mais agilidade e menos custos.
