Ligusterweg;Rua dos Alfeneiros;Rua das Oliveiras
notwendig;necessário;impossível
unerträglich;insuportável;inesquecível
fernzuhalten;manter afastado;aproximar-se
geheimnisvollen;misterioso;barulhento
Wange;bochecha;testa
wandte (sich);virou-se;levantou-se
bog (ab);dobrou (a esquina);quebrou
eintreffen;chegar;partir
Ecke;esquina;calçada
verdrängt;reprimido, afastado;aumentado
gekleideter;vestido (de roupa);pintado
ausstehen;suportar, aguentar;sair
Ansammlung;aglomeração;separação
Umhang;capa;chapéu
verrückte;maluco;sensato
Verkleidung;disfarce;uniforme
vorbeischossen;passavam voando;ficavam parados
verfolgten;perseguiam, acompanhavam;ignoravam
überhaupt;afinal, de modo algum (com nicht);talvez
gewöhnlichen;comum;estranho
Eulen;corujas;pombos
vertreten (die Beine);esticar (as pernas);cruzar (as pernas)
glänzender;brilhante;opaco
begegnete;encontrou (por acaso);evitou
Unbehagen;desconforto;alegria
überquerte;atravessou;contornou
stürmte;precipitou-se, saiu correndo;caminhou devagar
daheim;em casa;no trabalho
überlegte;refletiu, ponderou;esqueceu
ungewöhnlicher;incomum;habitual
beunruhigen;preocupar, inquietar;acalmar
verließ;deixou, saiu de;entrou em
umgestoßen;derrubado;levantado
vorbeigingen;passavam (andando);paravam
umarmte;abraçou;empurrou
genannt;chamado;esquecido
einzubilden;imaginar;lembrar
besserte (sich);melhorou;piorou
Gartenmauer;muro do jardim;portão da garagem
netten;simpático;antipático
erzählte;contou, narrou;perguntou
ganz wie immer;como sempre;pela primeira vez
Abendnachrichten;noticiário da noite;jornal da manhã
Wetteransager;meteorologista (apresentador);locutor esportivo
seltsam;estranho;normal
berichtet;relatado;proibido
gefeiert;celebrado;lamentado
Eiszapfen;pingente de gelo;floco de neve
Kleidung;roupa;comida
Zweck;propósito, finalidade;prazo
klüger;mais esperto;mais bobo
beiläufig;casualmente;propositalmente
rutschte;escorregou;pulou
