Substituir palavras por sinônimos é uma forma de fazer paráfrase.;✅ Certo. O uso de sinônimos preserva o sentido original do texto, sendo um recurso clássico da paráfrase.
2. Trocar “genitores” por “pais” altera o sentido da frase.;❌ Errado. “Genitores” e “pais” são sinônimos nesse contexto, não mudando o sentido.
3. Utilizar antônimos com palavras negativas é incorreto em paráfrases.;❌ Errado. Esse é um recurso válido e eficiente de paráfrase, como em “Ele era fraco” → “Ele não era forte”.
4. Dizer “Ele era fraco” é o mesmo que dizer “Ele não era forte”.;✅ Certo. A ideia principal permanece: a ausência de força.
5. “João saiu cedo. João foi para casa.” pode ser reescrito como “João saiu cedo. Ele foi para casa.”;✅ Certo. O pronome “ele” retoma João, recurso anafórico típico da paráfrase.
6. Termos anafóricos são usados para evitar repetições e manter o sentido.;✅ Certo. Eles retomam palavras já mencionadas, contribuindo para a coesão textual.
"7. “Aquele foi ao colégio; este, ao cinema.” é exemplo de ambiguidade, não de paráfrase.";❌ Errado. É um claro exemplo de uso de anáforas para substituir nomes.
8. Substituir “É necessário que colaborem” por “É necessária a colaboração” muda o sentido.;❌ Errado. A transformação de verbal para nominal mantém o sentido da frase.
9. Mudar a voz do verbo de ativa para passiva é incorreto em paráfrase.;❌ Errado. Isso é um dos recursos clássicos de paráfrase, desde que o sentido seja mantido.
10. “O grupo deve respeitar o professor” equivale a “O respeito do grupo ao professor é necessário”.;✅ Certo. A estrutura muda, mas a essência do conteúdo permanece.
11. Omissão de termos óbvios é válida na paráfrase.;✅ Certo. Desde que o sentido seja preservado e compreensível, a omissão é adequada.
12. “Desejávamos missão mais importante.” é uma paráfrase de “Nós desejávamos uma missão mais importante.”;✅ Certo. A omissão do pronome “nós” não prejudica o entendimento.
13. Mudar a ordem dos termos de um período invalida a paráfrase.;❌ Errado. Alterar a ordem é permitido, desde que o sentido geral se mantenha.
14. “Lendo o jornal, cheguei à conclusão...” pode ser reescrito como “Cheguei à conclusão, lendo o jornal...”;✅ Certo. A inversão não muda o sentido da frase.
15. A voz passiva analítica sempre usa o verbo “ser” mais o particípio.;✅ Certo. É a estrutura padrão da voz passiva analítica.
16. “Plantaram uma roseira” e “Uma roseira foi plantada” expressam a mesma ideia.;"✅ Certo. A primeira é ativa com sujeito indeterminado; a segunda, passiva analítica."
17. “Plantou-se uma roseira” é exemplo de voz ativa.;❌ Errado. É voz passiva sintética.
18. Toda paráfrase deve manter palavras idênticas ao texto original.;❌ Errado. A essência do sentido deve ser mantida, não necessariamente as palavras.
19. Substituir “embora” por “conquanto” é exemplo de paráfrase.;✅ Certo. Ambos são conjunções concessivas, mantendo o sentido.
20. Trocar “pais” por “tutores” altera o sentido de uma frase.;❌ Errado. Em muitos contextos, os termos são sinônimos. Depende do uso.
21. A paráfrase serve apenas para reescrever poemas.;❌ Errado. É amplamente usada em textos em geral, especialmente na interpretação.
22. Usar pronomes como “ele”, “ela”, “este”, “aquele” ajuda a construir paráfrases.;✅ Certo. Esses pronomes anafóricos auxiliam na coesão e evitam repetições.
23. Mudar substantivo por verbo pode ser um bom recurso de paráfrase.;✅ Certo. Exemplo: “Colaboração de todos” → “Que todos colaborem”.
24. O uso de antônimos sem a presença de negação mantém o sentido original.;❌ Errado. O uso isolado de antônimos inverte o sentido. A negação é essencial.
25. “Ele estava cansado” é o mesmo que “Ele não estava descansado”.;✅ Certo. É uma paráfrase por antônimo com negação.
26. “O médico atendeu o paciente.” → “O paciente foi atendido pelo médico.” é uma paráfrase.;✅ Certo. Mudança da voz ativa para a passiva, com preservação do sentido.
27. Em paráfrases, a ordem das orações coordenadas deve ser mantida.;❌ Errado. A ordem pode ser alterada, desde que o sentido geral seja mantido.
28. Omitir palavras pode tornar a paráfrase incorreta.;✅ Certo. Se a omissão prejudicar o entendimento, a paráfrase perde valor.
29. “Ele foi ao cinema. Pedro ficou em casa.” pode virar “Pedro ficou em casa. Ele foi ao cinema.”;❌ Errado. Pode causar ambiguidade na referência do pronome.
30. Toda paráfrase exige sinônimos perfeitos.;❌ Errado. Exige sinônimos adequados ao contexto, não necessariamente perfeitos.
31. “O professor explicou a matéria.” → “A matéria foi explicada pelo professor.” é válido.;✅ Certo. É uma boa paráfrase com mudança de voz verbal.
32. O uso de pronomes anafóricos sempre deixa o texto claro.;❌ Errado. O uso inadequado pode gerar ambiguidade.
33. Parafrasear é o mesmo que copiar.;❌ Errado. Parafrasear é reescrever com outras palavras, sem alterar o sentido.
34. “Quero que respeitem o professor.” → “Quero o respeito ao professor.” é paráfrase.;✅ Certo. Mudança de estrutura com sentido preservado.
35. “A criança abriu o presente.” → “O presente foi aberto pela criança.” é válido.;✅ Certo. Voz passiva analítica corretamente aplicada.
36. “Cheguei à conclusão, após três meses, lendo o jornal...” muda o sentido da frase.;❌ Errado. Desde que os termos estejam coerentes, a ordem pode ser trocada.
37. Toda paráfrase precisa ser mais curta que o original.;"❌ Errado. A extensão pode variar; o importante é manter o sentido."
38. A expressão “não era justo” pode ser paráfrase de “era injusto”.;✅ Certo. Usando antônimo com negação, o sentido se mantém.
39. Parafrasear é útil para demonstrar compreensão do texto.;✅ Certo. A técnica mostra que o leitor entendeu o conteúdo e consegue reformular.
40. A voz passiva só pode ser usada com verbos transitivos diretos.;✅ Certo. Apenas verbos com objeto direto permitem transformação para a voz passiva.
41. “Ela comprou um livro.” e “Foi comprado um livro por ela.” têm o mesmo sentido.;✅ Certo. Ambas as formas expressam a mesma ação.
42. “Ele saiu cedo, embora estivesse cansado.” → “Apesar de estar cansado, ele saiu cedo.” é paráfrase.;✅ Certo. Muda-se a conjunção, mas a relação concessiva permanece.
43. “Conquanto” e “portanto” são sinônimos.;"❌ Errado. “Conquanto” é concessivo; “portanto” é conclusivo."
44. A paráfrase é importante apenas para fins acadêmicos.;❌ Errado. É útil em diversos contextos, como jornalismo, interpretação, ensino etc.
45. É possível transformar uma frase interrogativa em afirmativa em uma paráfrase.;✅ Certo. Desde que o sentido seja mantido, a estrutura pode ser modificada.
A troca do discurso direto pelo indireto é válida como recurso de paráfrase.;✅ Certo. Desde que o conteúdo da fala se mantenha, a troca de discurso é aceitável.
2. “- Cortarei a grama sozinho.” e “Disse que cortaria a grama sozinho.” têm sentidos equivalentes.;✅ Certo. Há mudança formal, mas o conteúdo da fala se mantém.
3. Em uma paráfrase, usar expressões como “o poeta dos escravos” no lugar de “Castro Alves” é aceitável.;✅ Certo. Trata-se de uma perífrase, forma válida de reescrever com o mesmo sentido.
4. Substituir “cidade luz” por “Paris” compromete a clareza e deve ser evitado.;❌ Errado. “Cidade luz” é perífrase de Paris, e o uso é aceitável em paráfrases.
5. Trocar locuções adjetivas por adjetivos (e vice-versa) é um recurso legítimo de paráfrase.;✅ Certo. Exemplo: “homem da cidade” por “homem urbano”.
6. “Linguagem do céu” e “linguagem celeste” são expressões equivalentes em sentido.;✅ Certo. Ambas remetem à mesma ideia, com estrutura diferente.
7. Em uma paráfrase, “da cidade” pode ser substituído por “urbano”.;✅ Certo. A locução adjetiva tem como adjetivo correspondente “urbano”.
8. A paráfrase exige, necessariamente, que se use sinônimos exatos.;❌ Errado. O importante é preservar o sentido, mesmo que o sinônimo não seja perfeito.
9. A paráfrase pode usar mais de um recurso ao mesmo tempo.;✅ Certo. É comum o uso combinado de sinônimos, mudança de ordem, anáforas etc.
10. “Muitas vezes” e “sempre” têm o mesmo sentido e podem ser usados como sinônimos em paráfrases.;"❌ Errado. “Sempre” indica constância; “muitas vezes”, frequência variável."
11. A opção “e” do exercício não é uma paráfrase fiel porque altera o advérbio de frequência.;✅ Certo. Substitui “muitas vezes” por “sempre”, o que muda o sentido.
12. A ordem dos termos na frase nunca altera o sentido.;❌ Errado. Às vezes, mudar a ordem muda a ênfase ou até o sentido da frase.
13. “Encontrei determinadas pessoas...” é igual a “Encontrei pessoas determinadas...”;"❌ Errado. A primeira usa “determinadas” como indefinido; a segunda, como adjetivo."
14. O uso de vírgulas pode alterar o sentido da frase.;✅ Certo. Vírgulas podem indicar mudança de função sintática ou entonação.
15. “A criança agitada corria...” é igual a “A criança, agitada, corria...”;"❌ Errado. A primeira descreve uma característica; a segunda, um estado momentâneo."
16. Paráfrase é qualquer reescritura do texto.;❌ Errado. Só é paráfrase se mantiver o sentido original.
17. Perífrase é o uso de uma expressão no lugar de um termo direto.;✅ Certo. Ex.: “Cidade luz” para “Paris”.
18. “Interior” pode ser usado no lugar de “íntimo” numa paráfrase.;✅ Certo. São sinônimos contextuais aceitáveis.
19. O uso de “sejam elas simples ou não” mantém o sentido de “simples ou grandiosas”.;✅ Certo. A estrutura é diferente, mas o contraste permanece.
20. “Freqüentemente sem rumo” é uma paráfrase adequada para “muitas vezes desnorteado”.;✅ Certo. A ideia central — a ausência de direção — está mantida.
21. “Valor” e “importância” são intercambiáveis em contextos de paráfrase.;✅ Certo. No contexto da frase apresentada, são sinônimos válidos.
22. Em uma paráfrase, substituir “seu íntimo” por “seu âmago” é inadequado.;❌ Errado. “Íntimo” e “âmago” são sinônimos aceitáveis nesse contexto.
23. A substituição de um substantivo por uma locução adjetiva nunca altera o sentido.;❌ Errado. Pode alterar se o termo não for equivalente. É preciso avaliar o contexto.
24. “Vida afora” tem sentido semelhante a “pela vida” em certos contextos.;✅ Certo. Ambas indicam continuidade ao longo da vida.
25. Trocar “segue o homem pela vida” por “o homem caminha pela vida” é paráfrase válida.;✅ Certo. Os verbos “seguir” e “caminhar” são compatíveis nesse contexto.
26. “Sejam simples ou grandiosas” é equivalente a “sejam elas simples ou não”?;✅ Certo. Ambas expressam contraste entre grandeza e simplicidade.
27. A substituição de “Castro Alves” por “poeta dos escravos” pode ser inadequada se o leitor não souber a quem se refere.;✅ Certo. A perífrase depende do conhecimento prévio do leitor.
28. “Cidade luz” e “cidade das luzes” são expressões diferentes em sentido.;❌ Errado. Ambas são perífrases para Paris e equivalentes.
29. É correto afirmar que nem toda reescritura que mantém parte do vocabulário original é uma paráfrase.;✅ Certo. Se o sentido se alterar, não é uma paráfrase, ainda que o vocabulário permaneça.
30. Usar metáforas é uma estratégia comum de paráfrase.;❌ Errado. Metáforas podem alterar o sentido original e devem ser usadas com cautela.
31. A frase “vida afora” tem tom mais literário do que “pela vida”.;✅ Certo. “Vida afora” é uma construção mais poética e estilizada.
32. “Desnorteado” e “desorientado” podem ser usados como equivalentes.;✅ Certo. São sinônimos contextuais válidos.
33. “Porquanto” pode substituir “porque” sem alterar o sentido em muitos casos.;✅ Certo. Ambos são causais, embora “porquanto” seja mais formal.
34. A expressão “com frequência” pode substituir “muitas vezes”.;✅ Certo. Ambas indicam repetição habitual.
35. “Simples ou grandiosas” e “modestas ou esplêndidas” são expressões equivalentes.;✅ Certo. Apesar de palavras diferentes, o contraste entre o comum e o extraordinário permanece.
36. A troca de discurso direto por indireto pode requerer mudança de tempo verbal.;✅ Certo. Em geral, o tempo é recuado (ex.: presente → pretérito imperfeito).
37. “Castro Alves visitou Paris” e “O poeta dos escravos esteve em Paris” têm exatamente o mesmo sentido.;✅ Certo. A forma muda, mas a informação central permanece.
38. Toda mudança lexical implica mudança de sentido.;❌ Errado. A mudança de palavras nem sempre altera o significado, especialmente se forem sinônimos.
39. O uso de vírgulas nunca afeta o sentido do texto.;❌ Errado. Vírgulas mal colocadas podem alterar profundamente o sentido.
40. A paráfrase exige leitura atenta e compreensão profunda do texto original.;✅ Certo. Só é possível parafrasear corretamente entendendo a mensagem inicial.
A frase “Ela é uma jóia de menina” está em sentido denotativo.;"❌ Errado. O termo ""jóia"" está sendo usado conotativamente, ou seja, com um sentido figurado (ela é valiosa como uma jóia)."
2. Na frase “Esse anel de rubi é uma jóia rara”, o termo jóia está em sentido denotativo.;✅ Certo. Refere-se literalmente ao objeto valioso, como definido pelo dicionário.
"3. O uso da palavra ""deliciosa"" em ""Ela escreveu uma frase deliciosa"" é denotativo.";"❌ Errado. Frases não têm sabor; o termo é usado conotativamente para transmitir encanto ou prazer ao ler."
4. A metáfora sempre exige um conectivo comparativo.;"❌ Errado. Quem exige conectivo é a comparação; a metáfora elimina esse conectivo."
5. “Ele é forte como um touro” é uma metáfora.;"❌ Errado. Trata-se de uma comparação (ou símile), pois há conectivo comparativo (""como"")."
6. “Ela é uma flor” é um exemplo de metáfora.;✅ Certo. Há uma comparação implícita entre a mulher e a flor, sem uso de conectivo.
7. “Ganhar a vida com o suor” é uma metonímia.;✅ Certo. Usa-se o efeito (“suor”) no lugar da causa (trabalho árduo).
8. “Li Machado de Assis” é uma metonímia, pois o autor está no lugar da obra.;✅ Certo. A obra é representada pelo nome do autor.
9. Hipérbole é o uso da linguagem para suavizar uma realidade dolorosa.;"❌ Errado. Isso é eufemismo; hipérbole é exagero intencional."
10. “Estava morrendo de rir” é um exemplo de hipérbole.;✅ Certo. Exagera-se o riso com finalidade expressiva.
11. “Ele partiu desta para melhor” é um exemplo de eufemismo.;✅ Certo. Suaviza-se a ideia de morte com expressão mais leve.
12. “A tristeza bateu à porta” é um exemplo de personificação.;✅ Certo. Atribui-se ação humana (“bater à porta”) a um sentimento abstrato.
13. “O vento cantava à noite” é um exemplo de comparação.;❌ Errado. Trata-se de personificação (vento com ação humana).
14. “As flores sorriam para ela” é um exemplo de prosopopeia.;✅ Certo. As flores ganham características humanas.
15. “Subir para cima” é exemplo de anacoluto.;❌ Errado. É um pleonasmo vicioso, não anacoluto.
16. “O Pedro, ninguém gosta dele” contém um anacoluto.;✅ Certo. “O Pedro” é um termo solto, sem função sintática clara.
17. Pleonasmo é sempre um vício de linguagem.;❌ Errado. Pode ser estilístico e expressivo (“vi com meus próprios olhos”).
18. “Entrou para dentro” é um pleonasmo vicioso.;✅ Certo. A preposição “para” já indica direção para o interior.
19. Na frase “A cidade dorme em silêncio”, há personificação.;✅ Certo. A cidade, ser inanimado, recebe ação de humanos.
20. “Tenho um milhão de provas para corrigir” é hipérbole.;✅ Certo. Trata-se de exagero para expressar quantidade elevada.
21. Denotação é o uso figurado da linguagem.;❌ Errado. Denotação é o uso literal, objetivo, conforme o dicionário.
22. Conotação é o emprego estilizado, subjetivo da linguagem.;✅ Certo. A palavra adquire novo significado conforme o contexto.
23. “Ele tem uma doença terminal” é um exemplo de hipérbole.;❌ Errado. A frase está no plano denotativo, não é exagerada.
24. “Vou devorar este livro” é uma metáfora.;✅ Certo. “Devorar” é usado figurativamente para expressar ler intensamente.
25. Na frase “Vi tudo com meus olhos”, temos um pleonasmo.;✅ Certo. É um pleonasmo enfático, aceitável em estilo.
26. “A infância precisa de cuidados” contém metonímia.;✅ Certo. Usa-se o abstrato “infância” no lugar de “crianças”.
27. “Cem olhos o observavam” é hipérbole.;✅ Certo. Exagera-se o número de pessoas observando.
28. A metáfora compara dois elementos com conectivo.;"❌ Errado. Quem usa conectivo é a comparação; metáfora dispensa-o."
29. “Comi três pratos” é metonímia.;✅ Certo. “Pratos” representa o conteúdo, e não o objeto.
30. “A lua beijava o mar” é personificação.;✅ Certo. Atribui-se à lua uma ação humana.
31. “Aquele político é uma raposa” é metáfora.;✅ Certo. A raposa simboliza astúcia, e a comparação é implícita.
32. A frase “Ele é um poço de paciência” é uma metáfora.;✅ Certo. O termo “poço” é usado figuradamente.
33. “Ele ficou vermelho como um tomate” é uma metáfora.;❌ Errado. É comparação explícita (“como”).
34. “Minha tia é um doce” é denotação.;"❌ Errado. Não é literal; “doce” se refere a um modo de ser, é conotativo."
35. A palavra “jóia” tem sempre sentido denotativo.;❌ Errado. Pode ter uso conotativo, como em “você é uma jóia”.
36. “A juventude está perdida” contém metonímia.;✅ Certo. A juventude (abstrato) substitui os jovens (concreto).
37. Anacoluto é uma interrupção da lógica de coesão sintática.;✅ Certo. Um termo fica isolado, sem função definida.
38. Pleonasmo e anacoluto são recursos sempre errados.;❌ Errado. Ambos podem ser usados com valor expressivo, dependendo do contexto.
39. Em “Essa menina é um anjo”, temos comparação.;❌ Errado. Trata-se de metáfora, pois não há conectivo.
40. “A frase era doce como mel” é uma metáfora.;❌ Errado. É uma comparação (há conectivo “como”).
“Era cedo para uns e tarde para outros” é um exemplo de antítese.;"✅ Certo. Há oposição de ideias entre ""cedo"" e ""tarde""."
2. Antítese e paradoxo são exatamente o mesmo recurso.;"❌ Errado. Embora próximos, a antítese opõe ideias diferentes; o paradoxo opõe ideias contraditórias num mesmo enunciado."
3. “Era uma beleza fria” é um exemplo de sinestesia.;✅ Certo. Há fusão de sentidos: visão (beleza) e tato (fria).
4. A sinestesia combina elementos de diferentes sentidos sensoriais.;✅ Certo. É justamente essa a característica do recurso.
5. “O som doce da música” é uma metáfora.;"❌ Errado. É sinestesia, pois une audição (""som"") e paladar (""doce"")."
6. “Barriga da perna” é um exemplo de catacrese.;✅ Certo. É uma metáfora cristalizada pela falta de termo próprio.
7. Catacrese ocorre apenas em verbos.;❌ Errado. Ocorre com substantivos e adjetivos também (ex.: dente de alho, céu da boca).
8. “Enterrei a agulha no dedo” é catacrese.;✅ Certo. “Enterrar” originalmente se refere a pôr na terra, mas aqui é usado por analogia.
9. “O vôo negro dos urubus” apresenta uma hipálage.;"✅ Certo. O adjetivo ""negro"" logicamente qualifica “urubus”, mas aparece junto ao substantivo “vôo”."
10. A hipálage troca a ordem entre sujeito e predicado.;❌ Errado. É o deslocamento de um adjetivo para modificar um termo ao qual não pertence logicamente.
11. “O nado branco dos cisnes” é exemplo de hipálage.;✅ Certo. O adjetivo “branco” logicamente pertence aos cisnes, mas está ligado a “nado”.
12. O quiasmo envolve repetição e inversão de termos.;✅ Certo. É a principal característica do recurso.
13. “Triste e cansado eu voltava, e voltava cansado e triste” é um quiasmo.;✅ Certo. Há inversão e repetição de termos.
14. O quiasmo é uma figura de som.;❌ Errado. É uma figura de construção ou de sintaxe.
15. “Os brasileiros somos confiantes” é exemplo de silepse de pessoa.;✅ Certo. Há concordância com a pessoa que fala, embora o sujeito esteja na terceira pessoa.
16. Na silepse, a concordância é feita com a forma gramatical e não com a ideia.;❌ Errado. A silepse justamente faz concordância com a ideia, e não com a forma.
17. “O grupo saiu e conversavam alto” é uma silepse de número.;"✅ Certo. Embora ""grupo"" esteja no singular, o verbo “conversavam” concorda com a ideia de plural."
18. “Vossa Excelência é bondoso” é silepse de gênero.;✅ Certo. O pronome “Vossa Excelência” é feminino, mas a concordância foi feita com a ideia de um homem.
19. “A plateia gritavam em coro” está corretamente construída.;❌ Errado. A concordância verbal deveria ser feita com “plateia” (singular).
20. A perífrase substitui um nome próprio por uma expressão descritiva.;✅ Certo. É a característica principal da perífrase.
21. “O rei dos animais” é uma perífrase para “leão”.;✅ Certo. Usa-se uma expressão descritiva em vez do nome direto.
22. “Assento etéreo” usado por Camões é uma metáfora para o inferno.;❌ Errado. Trata-se de uma perífrase para o céu.
23. “Veneza brasileira” é um exemplo de catacrese.;"❌ Errado. É perífrase; substitui o nome da cidade do Recife."
24. A catacrese está presente em expressões como “pé da mesa”.;✅ Certo. É uma metáfora cristalizada pela falta de termo específico.
25. “Despertou-me um som colorido” é metáfora.;❌ Errado. É sinestesia: fusão dos sentidos da audição (som) e visão (colorido).
26. “O coração da cidade pulsa forte” é personificação.;✅ Certo. A cidade é humanizada ao “pulsar”.
27. “Morrer” e “descansar em paz” são equivalentes em eufemismo.;✅ Certo. “Descansar em paz” suaviza a ideia de morte.
28. Silepse é um erro gramatical que deve ser evitado em qualquer contexto.;❌ Errado. Pode ser recurso estilístico e é aceita na linguagem literária ou coloquial.
29. “Ele embarcou no ônibus” é um uso literal do verbo.;❌ Errado. “Embarcar” é catacrese, pois originalmente se refere a barcos.
30. “Tinha o olhar doce” é exemplo de sinestesia.;✅ Certo. Há mistura de visão (olhar) com paladar (doce).
31. Perífrase é a troca de uma palavra por outra de som semelhante.;❌ Errado. Isso é paronomásia. Perífrase substitui um termo por expressão descritiva.
32. “Céu da boca” é exemplo de catacrese.;✅ Certo. É expressão usada por analogia à falta de um termo próprio.
33. O quiasmo apenas inverte as palavras, sem repeti-las.;❌ Errado. O quiasmo envolve inversão com repetição ou paralelismo.
34. “Vossa Excelência está preocupado” (dito a uma mulher) é silepse de gênero.;✅ Certo. Há concordância com a ideia (homem), não com a forma (Excelência, feminino).
35. “Leão” pode ser chamado de “rei dos animais” por perífrase.;✅ Certo. Substitui o substantivo por uma expressão que o descreve.
36. “Ela sorriu com os olhos” é um exemplo de sinestesia.;✅ Certo. Mistura os sentidos de visão e expressão emocional.
37. “O menino, ninguém sabe o que aconteceu com ele” é um anacoluto.;✅ Certo. “O menino” está deslocado e sem função sintática na oração principal.
38. “Chegamos cansados e felizes, felizes e cansados saímos” é um quiasmo.;✅ Certo. Há repetição e inversão de termos.
39. “Falei com olhos abertos” é uma hipálage.;✅ Certo. O adjetivo “abertos” desloca-se do sujeito para os “olhos”.
40. “Leito do rio” é exemplo de perífrase.;❌ Errado. É uma catacrese, pois “leito” originalmente designa cama, mas por analogia aplica-se ao fundo do rio.
Assíndeto é a repetição de conjunções para dar ênfase ao ritmo.;"❌ Errado. Isso é polissíndeto; assíndeto é a omissão das conjunções."
2. “Cheguei, comi, dormi” é exemplo de assíndeto.;✅ Certo. Não há conjunções ligando as orações.
3. Assíndeto é uma forma de elipse.;✅ Certo. É uma elipse específica de conectivo.
4. Polissíndeto é a ausência de conectivos.;"❌ Errado. É a repetição de conectivos, geralmente a conjunção ""e""."
5. “E corre, e canta, e pula” é um exemplo de polissíndeto.;✅ Certo. Há repetição da conjunção “e”.
6. Polissíndeto e assíndeto são opostos.;"✅ Certo. Um repete conjunções; o outro as omite."
7. Zeugma é a repetição de palavras no fim de orações.;❌ Errado. Zeugma é a omissão de um termo já citado, geralmente um verbo.
"8. “João gosta de futebol; Maria, de vôlei” é um zeugma.";✅ Certo. O verbo “gosta” foi omitido na segunda oração.
9. Elipse e zeugma são figuras iguais.;"❌ Errado. A elipse omite qualquer termo; a zeugma omite termo já mencionado."
10. Apóstrofe é a invocação de uma entidade ou pessoa.;✅ Certo. É um chamamento, geralmente com vocativo.
11. “Ó céus, ó vida!” é um exemplo de apóstrofe.;✅ Certo. Há invocação a elementos da natureza.
12. Apóstrofe está sempre no início de frases exclamativas.;❌ Errado. Pode aparecer em outros contextos, inclusive no meio de frases.
13. Ironia é a figura que diz o contrário do que se quer expressar.;✅ Certo. Essa é a definição clássica da ironia.
14. “Essa aluna é brilhante: só tirou zero” é uma ironia.;✅ Certo. A frase expressa o contrário da aparência inicial.
15. Toda ironia tem tom de deboche.;❌ Errado. Pode ter tom sutil, dramático ou até elogioso com efeito crítico.
16. Hipérbato é a repetição de vogais na frase.;❌ Errado. Hipérbato é a inversão da ordem natural dos termos.
17. “Aberta em par estava a porta” é hipérbato.;✅ Certo. A ordem direta foi invertida.
18. O hipérbato não altera o sentido, mas cria efeito estilístico.;✅ Certo. Modifica a ênfase e o ritmo, sem comprometer o sentido.
19. Anástrofe é a inversão entre determinante e determinado.;✅ Certo. É um tipo específico de hipérbato.
20. “Sentimos do vento a carícia” é exemplo de anástrofe.;✅ Certo. Inverteu-se a ordem natural: “a carícia do vento”.
21. Toda anástrofe é também hipérbato.;✅ Certo. Mas nem todo hipérbato é anástrofe.
22. Onomatopeia imita sons naturais por meio de palavras.;✅ Certo. É a função principal da onomatopeia.
23. “Tique-taque” e “plic-plic” são exemplos de onomatopeia.;✅ Certo. Reproduzem sons de relógio e agulha.
24. Onomatopeia é sempre escrita com hífen.;❌ Errado. Pode ou não usar hífen, dependendo da forma e estilo.
25. Aliteração é a repetição de sons vocálicos.;"❌ Errado. Isso é assonância; aliteração é a repetição de sons consonantais."
26. “O rato roeu a roupa do rei” é aliteração.;✅ Certo. Há repetição do som /r/.
27. Aliterações podem reforçar efeitos sonoros e rítmicos no poema.;✅ Certo. Muitas vezes evocam sensações auditivas ou sentimentos.
28. “Os teus grilhões estrídulos estalam” é exemplo de aliteração.;"✅ Certo. A repetição de ""s"" e ""t"" reforça o som de estalos."
29. Enálage é a troca do tempo verbal usual por outro.;✅ Certo. Cria um efeito estilístico ao substituir o tempo lógico.
30. “Se você viesse, ganhava minha vida mais entusiasmo” é enálage.;✅ Certo. O correto seria “ganharia”. Houve troca de tempo.
31. “Fora doce em teu seio amar de novo” apresenta enálage.;✅ Certo. “Fora” foi usado no lugar de “seria”.
32. Enálage compromete a compreensão do texto.;❌ Errado. O sentido permanece claro, mesmo com o tempo verbal alterado.
33. Polissíndeto pode transmitir sensação de cansaço ou intensidade.;✅ Certo. A repetição da conjunção pode sugerir exaustão ou insistência.
34. Zeugma e assíndeto são figuras de som.;❌ Errado. São figuras de construção ou sintaxe.
35. A elipse é menos específica que o zeugma.;✅ Certo. A elipse omite qualquer termo, sem necessidade de menção anterior.
36. “Ó morte, onde está tua vitória?” é apóstrofe.;✅ Certo. Há invocação direta à morte.
37. “E chora, e clama, e morre” é assíndeto.;❌ Errado. É polissíndeto, pois há repetição da conjunção “e”.
38. “Cantava ele, triste, na praça” é um hipérbato.;✅ Certo. A ordem dos termos está invertida.
39. Onomatopeia é um recurso exclusivo da linguagem infantil.;❌ Errado. É comum em textos poéticos, narrativos e descritivos.
40. Enálage pode afetar o tom ou o tempo da narrativa.;✅ Certo. A troca verbal pode criar efeitos estilísticos específicos.
Coesão é a ligação entre as partes do texto.;✅ Certo. Coesão refere-se à conexão entre palavras, orações, períodos e parágrafos.
2. Coerência diz respeito à ligação formal dos elementos.;❌ Errado. Coerência é o sentido lógico global do texto.
3. Um texto pode ter coesão sem ter coerência.;✅ Certo. É possível que as partes estejam conectadas formalmente, mas sem fazer sentido lógico.
4. O uso incorreto de conectores pode comprometer a coerência.;✅ Certo. Um conector mal empregado pode gerar contradição ou incoerência.
5. A palavra “apesar disso” indica consequência.;❌ Errado. É um conector concessivo, indicando oposição.
6. A expressão “por isso” introduz uma explicação.;❌ Errado. “Por isso” é um conector de consequência, não de explicação.
7. “Meu filho está na escola. Ele tem prova hoje.” apresenta coesão por pronomes pessoais.;✅ Certo. “Ele” retoma “meu filho”, evitando repetição.
8. “Carlos trouxe o livro e o colocou na mesa.” é exemplo de coesão por elipse.;❌ Errado. É coesão por pronome oblíquo (“o” = o livro).
9. “Pedro chegou à sua maior chance.” mostra coesão por pronome possessivo.;✅ Certo. “Sua” retoma “Pedro”.
10. “Isso preocupa a mãe: o filho está demorando.” está com uso incorreto de demonstrativo.;❌ Errado. Está correto: “isso” retoma o que foi dito anteriormente.
11. “Isto preocupa a mãe: o filho está demorando.” antecipa o conteúdo.;✅ Certo. “Isto” anuncia uma ideia que ainda será dita.
12. “Isso” é usado para retomar algo futuro.;❌ Errado. É usado para retomar algo já mencionado.
13. “Aquele” se refere ao termo mais distante na frase.;✅ Certo. É regra de coesão referencial.
14. “Esta” se refere ao termo mais próximo.;✅ Certo. Ajuda a evitar repetições.
15. “Um” e “outro” podem substituir nomes já citados.;✅ Certo. São pronomes indefinidos usados com valor anafórico.
16. “Primeiro” e “segundo” são usados apenas para contagem.;❌ Errado. Também são usados para garantir coesão entre termos relacionados.
17. Pronomes demonstrativos não são elementos de coesão.;❌ Errado. São elementos fundamentais da coesão referencial.
18. A palavra “mas” indica oposição.;✅ Certo. É conector adversativo.
19. “Logo” é um conector de causa.;❌ Errado. É conector de consequência.
20. “Pois” pode indicar explicação ou conclusão.;✅ Certo. Depende da posição na frase.
21. “Embora estivesse cansado, continuou trabalhando.” expressa condição.;❌ Errado. Expressa concessão, não condição.
22. “Se estudasse mais, passaria.” expressa condição.;✅ Certo. O “se” aqui tem valor condicional.
23. “Quando cheguei, ele já havia saído.” expressa causa.;❌ Errado. “Quando” é conector temporal.
24. Conectores são sempre conjunções.;❌ Errado. Podem ser pronomes, advérbios, expressões e até pontuação.
25. Coesão lexical é a repetição de palavras no texto.;✅ Certo. Pode envolver repetição, sinônimos, hiperônimos etc.
26. “Levantamos cedo. Por isso, não perdemos a aula.” é exemplo de coesão sequencial.;✅ Certo. O conector “por isso” liga os dois períodos de forma lógica.
27. Coesão referencial sempre ocorre com o uso de conectores.;❌ Errado. Pode ocorrer com pronomes, elipses e substituições lexicais.
28. Elipse é um tipo de coesão por omissão.;✅ Certo. Omite-se um termo já compreendido no contexto.
29. Um texto coeso e coerente facilita a compreensão do leitor.;✅ Certo. A união formal e o sentido lógico são essenciais para o entendimento.
30. “No entanto”, “contudo” e “todavia” têm valor adversativo.;✅ Certo. Todos indicam oposição ou contraste.
31. “Ou... ou...” expressa oposição.;❌ Errado. Expressa alternativa.
32. “Não só... mas também...” é uma estrutura adversativa.;❌ Errado. É aditiva, usada para reforço e inclusão.
33. A pontuação pode contribuir para a coesão.;✅ Certo. Ajuda a organizar ideias e relações lógicas.
34. Coerência depende apenas da gramática.;❌ Errado. Depende também de fatores lógicos e contextuais.
35. “Conforme o autor afirma, os dados são falsos.” expressa conformidade.;✅ Certo. “Conforme” introduz ideia de acordo com algo.
36. “Ali” e “lá” são elementos de coesão referencial.;✅ Certo. São advérbios que indicam localização já mencionada.
37. A ausência de conectores sempre compromete a coesão.;❌ Errado. Em alguns casos, a coesão pode ocorrer por justaposição lógica.
38. O uso de “isto” para retomar uma ideia anterior está errado.;❌ Errado. Está gramaticalmente aceitável, embora menos indicado que “isso”.
39. A coerência é garantida quando o texto respeita o conhecimento de mundo do leitor.;✅ Certo. Coerência também depende do contexto e da experiência do leitor.
40. Substituir palavras por pronomes é uma estratégia de coesão.;✅ Certo. Evita repetições e liga as partes do texto.
“Todos acreditavam na vitória” apresenta coesão por pronome indefinido.;✅ Certo. “Todos” retoma os grupos mencionados anteriormente.
2. Pronomes indefinidos nunca funcionam como elementos de coesão.;❌ Errado. Podem sim retomar ou generalizar referentes.
3. O pronome “que” na frase “Havia ali pessoas que me ajudavam” é relativo.;✅ Certo. “Que” retoma “pessoas”, o antecedente.
4. Pronomes relativos sempre introduzem uma nova oração subordinada.;✅ Certo. Eles exercem função dentro da oração e conectam ideias.
5. O termo que precede o pronome relativo é chamado de referente.;❌ Errado. É chamado de antecedente.
6. “Quem será responsabilizado?” apresenta coesão por pronome interrogativo.;✅ Certo. “Quem” antecipa e liga à informação seguinte.
7. Pronomes interrogativos sempre têm um referente anterior explícito.;❌ Errado. Muitas vezes introduzem perguntas sem referência anterior.
8. A palavra “crianças” pode exercer função coesiva.;✅ Certo. Substitui os nomes “José e Helena” para evitar repetição.
9. Substantivos nunca são elementos de coesão.;❌ Errado. Podem retomar ou substituir termos anteriores.
10. Advérbios como “lá” podem exercer papel coesivo.;✅ Certo. “Lá” pode retomar lugares mencionados antes, como “faculdade”.
11. O advérbio “lá” em “Lá se tornou homem” retoma um lugar mencionado.;✅ Certo. Refere-se à “faculdade”.
12. Preposições não estabelecem nenhum tipo de coesão no texto.;❌ Errado. Estabelecem coesão gramatical ou relacional.
13. A preposição “com” em “Passeou com a irmã” exprime posse.;❌ Errado. Indica companhia.
14. Preposições podem indicar causa, modo, tempo, entre outros.;✅ Certo. Exercem funções semânticas variadas.
15. “Feriu-se com a tesoura” apresenta uma preposição com valor de instrumento.;✅ Certo. “Com” indica instrumento usado.
16. “Falavam de política” contém preposição com valor de assunto.;✅ Certo. “De” liga o verbo ao tema falado.
17. “Perdemos tudo com a seca” tem preposição de causa.;✅ Certo. A causa da perda foi a seca.
18. “Trouxe copos de papel” apresenta valor de posse.;❌ Errado. A preposição “de” indica matéria (papel).
19. Preposições possuem sempre valor semântico.;❌ Errado. Podem ter apenas valor relacional (sem sentido próprio).
20. Em “Preciso de ajuda”, a preposição “de” tem valor nocional.;❌ Errado. Tem valor puramente relacional.
21. “Ele não vive sem feijão” apresenta preposição com valor de condição.;✅ Certo. “Sem” expressa condição.
22. “Agiu com tranquilidade” é exemplo de preposição com valor de tempo.;❌ Errado. Aqui, a preposição tem valor de modo.
23. “Retornaram de manhã” mostra valor de tempo.;✅ Certo. A preposição indica quando algo ocorreu.
24. Conjunções são elementos conectores que ligam termos ou orações.;✅ Certo. São essenciais para a coesão sequencial do texto.
25. Conjunções têm referentes claros no texto.;"❌ Errado. Elas não possuem referentes; apenas estabelecem sentido lógico."
26. “Porque”, “embora”, “contudo” são exemplos de conjunções.;✅ Certo. Cada uma com valor específico (causa, concessão, oposição).
27. Conjunções não contribuem para a compreensão do texto.;❌ Errado. São cruciais para estabelecer relações entre ideias.
28. “Irei com certeza” é exemplo de preposição com valor de afirmação.;✅ Certo. A locução introduz certeza da ação.
29. “O livro de André” apresenta preposição com valor de posse.;✅ Certo. Indica que o livro pertence a André.
30. Em “Vivia para o estudo”, a preposição “para” indica meio.;❌ Errado. Indica finalidade.
31. “Falaram por telefone” apresenta preposição de meio.;✅ Certo. Indica o meio usado para a ação.
32. “Ele veio de casa” apresenta valor de lugar.;✅ Certo. “De” indica o local de origem do deslocamento.
33. Conjunções adversativas expressam oposição.;✅ Certo. Ex: “mas”, “contudo”, “porém”.
34. “Se chover, não sairemos” tem conjunção condicional.;✅ Certo. “Se” introduz uma condição.
35. Em “Embora cansado, ele trabalhou”, “embora” expressa consequência.;❌ Errado. Expressa concessão (contraste).
36. “Logo”, “portanto”, “assim” são conjunções conclusivas.;✅ Certo. Indicam conclusão ou consequência.
37. A preposição pode ligar orações frequentemente.;"❌ Errado. Essa função é rara; preposições geralmente ligam termos dentro de orações."
38. “Que” pode ser conjunção ou pronome relativo, a depender do contexto.;✅ Certo. É uma palavra polissêmica com diferentes funções.
39. “Com”, “por”, “sem” são apenas conjunções.;❌ Errado. São preposições.
40. Todas as conjunções e preposições têm valor semântico.;❌ Errado. Algumas têm apenas valor relacional, sem significado próprio.
Conjunções aditivas somam ideias ou orações de igual valor.;✅ Certo. Elas indicam adição, como em “e”, “nem”, “como também”.
2. “Mas” é uma conjunção aditiva.;❌ Errado. “Mas” é adversativa, indica oposição.
3. “Nem” é uma conjunção aditiva que soma elementos negativos.;✅ Certo. Soma elementos negados, ex.: “Não trabalha nem estuda”.
4. “Porém” é uma conjunção conclusiva.;❌ Errado. “Porém” é adversativa, indica contraste.
5. “Logo” é uma conjunção conclusiva que indica consequência.;✅ Certo. Exemplo: “Chegou cedo, logo não perdeu nada.”
6. “Ou” é uma conjunção alternativa que indica escolha ou exclusão.;✅ Certo. Liga ideias que se alternam ou excluem.
7. “Porque” pode ser conjunção explicativa ou causal.;✅ Certo. Pode explicar ou justificar algo dito.
8. “Senão” é sempre uma conjunção adversativa.;❌ Errado. “Senão” pode ser adversativa (“não é isso, senão aquilo”) ou condicional em outros casos.
9. “Pois” pode funcionar como conjunção explicativa.;✅ Certo. “Pois” explica a razão ou causa.
10. “E” nunca pode indicar oposição entre orações.;❌ Errado. Às vezes “e” assume valor adversativo, ex.: “Fiz muito esforço e nada consegui.”
11. Conjunções coordenativas ligam orações de mesma função sintática.;✅ Certo. Elas conectam orações coordenadas.
12. “Todavia” é uma conjunção adversativa.;✅ Certo. Expressa oposição, exemplo: “Falou alto, todavia ninguém escutou.”
13. “Por conseguinte” é uma conjunção conclusiva.;✅ Certo. Indica conclusão ou consequência.
14. “Já...já” é uma conjunção alternativa que indica alternância.;✅ Certo. Exemplo: “Já chorava, já sorria.”
15. “Mas também” é uma conjunção aditiva.;✅ Certo. Soma informações.
16. “No entanto” é uma conjunção adversativa.;✅ Certo. Introduz oposição ou contraste.
17. “Ora...ora” é uma conjunção explicativa.;❌ Errado. É uma conjunção alternativa (indica alternância).
18. “Pois” pode aparecer depois do verbo como conjunção conclusiva.;"✅ Certo. Exemplo: “É cuidadoso; consegue, pois, bons resultados.”"
19. “Por isso” é uma conjunção conclusiva que indica consequência.;✅ Certo. Exemplo: “Choveu muito, por isso o jogo foi cancelado.”
20. “Como também” é uma conjunção adversativa.;❌ Errado. É aditiva, soma informações.
21. “Que” pode funcionar como conjunção explicativa.;✅ Certo. Exemplo: “Volte logo, que vai chover.”
22. “Entretanto” é uma conjunção conclusiva.;❌ Errado. “Entretanto” é adversativa, indica oposição.
23. Conjunções adversativas expressam ideias contraditórias ou opostas.;✅ Certo. Exemplo: “Correu muito, mas não se cansou.”
24. “E” pode ligar orações negativas somando os sentidos.;✅ Certo. “Nem... nem...” é exemplo comum.
25. “Pois” não pode iniciar uma oração coordenada.;❌ Errado. Pode iniciar oração explicativa coordenada, como em “Choveu, pois o chão está molhado.”
26. “Senão” pode substituir “mas” em sentido adversativo.;✅ Certo. Exemplo: “Não o culpo, senão a você.”
27. Conjunções conclusivas indicam conclusão, resultado ou consequência.;✅ Certo. “Logo”, “portanto”, “por isso” são exemplos.
28. “Já...já” é conjunção adversativa.;❌ Errado. É alternativa.
29. “Porque” no imperativo sempre inicia oração subordinada.;❌ Errado. Depois de imperativo, “porque” é coordenativa explicativa.
30. “Como” pode ser conjunção aditiva.;✅ Certo. “Tanto lê como escreve.”
31. “Mas também” é uma locução conjuntiva adversativa.;❌ Errado. É aditiva, soma informações.
32. “Todavia” e “contudo” têm o mesmo valor: oposição.;✅ Certo. Ambas são adversativas.
33. “Ora...ora” indica alternância entre ações ou estados.;✅ Certo. Exemplo: “Ora fala, ora cala.”
34. “Pois” depois do verbo é sempre explicativo.;✅ Certo. Exemplo: “Ele não veio, pois estava doente.”
35. “Senão também” é uma conjunção adversativa.;❌ Errado. É locução aditiva (soma informações).
36. “Não somente... como também” é locução aditiva.;✅ Certo. Soma ideias ou ações.
37. “Que” em “Peça isso a outra pessoa, que não a mim” é adversativo.;✅ Certo. Introduz oposição entre pessoas.
38. Conjunções coordenativas podem ligar orações subordinadas.;❌ Errado. Elas ligam orações coordenadas, de mesma hierarquia.
39. “Por isso” pode ser substituído por “em vista disso”.;✅ Certo. Ambas indicam conclusão ou consequência.
40. “Nem” pode ligar duas orações afirmativas.;❌ Errado. Geralmente liga orações negativas.
Conjunções causais indicam a causa do que se diz na oração principal.;✅ Certo. Exemplo: “O gato miou porque pisei seu rabo.”
2. “Porque” é uma conjunção causal.;✅ Certo. Indica causa.
3. “Se” é uma conjunção condicional.;✅ Certo. Estabelece condição.
4. “Embora” é uma conjunção concessiva.;✅ Certo. Indica concessão, oposição.
5. “Como” pode ser conjunção causal ou conformativa.;✅ Certo. Pode indicar causa (“Como fazia frio...”) ou conformidade (“Fiz conforme me solicitaram.”)
6. “Desde que” pode ser conjunção condicional.;✅ Certo. Exemplo: “Você será aprovado, desde que se esforce.”
7. “Apesar de que” é uma conjunção concessiva.;✅ Certo. Indica oposição à oração principal.
8. “Que” pode ser conjunção integrante.;✅ Certo. Exemplo: “É bom que você estude.”
9. “Que” pode iniciar orações subordinadas substantivas.;✅ Certo. Exemplo acima.
10. “Mal” é uma conjunção temporal.;✅ Certo. Exemplo: “Mal chegou, já saiu.”
11. “Para que” é conjunção final que indica propósito.;✅ Certo. Exemplo: “Fechou a porta para que não entrassem.”
12. “Contanto que” é conjunção condicional.;✅ Certo. Estabelece condição.
13. “De modo que” é conjunção consecutiva.;✅ Certo. Exemplo: “Expliquei, de modo que entenderam.”
14. “Ao passo que” é conjunção proporcional.;✅ Certo. Indica proporção ou oposição suave.
15. “Quanto mais...mais” é uma estrutura proporcional.;✅ Certo. Exemplo: “Quanto mais estudo, mais aprendo.”
16. “Por mais que” é concessiva.;✅ Certo. Indica concessão.
17. “Visto que” é conjunção causal.;✅ Certo. Exemplo: “Visto que chove, não sairemos.”
18. “Caso” pode ser conjunção condicional.;✅ Certo. Exemplo: “Caso precise, me avise.”
19. “Que nem” é conjunção comparativa informal.;✅ Certo. Exemplo: “Rastejávamos que nem serpentes.”
20. “Segundo” é conjunção conformativa.;✅ Certo. Indica conformidade.
21. “Posto que” é conjunção concessiva.;✅ Certo. Exemplo: “Posto que insista, não cederei.”
22. “De sorte que” expressa consequência (consecutiva).;✅ Certo. Exemplo: “Falou alto de sorte que todos ouviram.”
23. “Uma vez que” pode ser causal ou condicional.;✅ Certo. Depende do contexto.
24. “Antes que” é conjunção temporal.;✅ Certo. Exemplo: “Saia antes que chegue a chuva.”
25. “Nem que” é conjunção concessiva.;✅ Certo. Exemplo: “Fale, nem que seja um minuto.”
26. “Enquanto” é conjunção temporal.;✅ Certo. Exemplo: “Enquanto ele estudava, eu lia.”
27. “Se bem que” é concessiva.;✅ Certo. Expressa concessão.
28. “Porquanto” é conjunção causal.;✅ Certo. Exemplo: “Não veio, porquanto estava doente.”
29. “A menos que” é conjunção condicional.;✅ Certo. Exemplo: “Irei, a menos que chova.”
30. “Feito” é conjunção comparativa usada no coloquial.;✅ Certo. Exemplo: “Parado feito estátua.”
31. “Quanto” pode ser comparativa ou proporcional.;✅ Certo. Exemplo: “Nada o entristecia tanto quanto o sofrimento.”
32. “Que” pode funcionar como conjunção final.;✅ Certo. Exemplo: “Faço votos que sejas feliz.”
33. “De forma que” é conjunção consecutiva.;✅ Certo. Indica consequência.
34. “Assim que” é conjunção temporal.;✅ Certo. Exemplo: “Assim que anoiteceu, saímos.”
35. “Dado que” pode ser condicional.;✅ Certo. Exemplo: “Dado que ele tente, alcançará.”
36. “Visto como” é conjunção causal.;✅ Certo. Exemplo: “Visto como estava frio, pegou o casaco.”
37. “Que” em “Triste que estava” é causal.;✅ Certo. Exemplo dado no texto.
38. Conjunções subordinativas ligam orações dependentes, que completam a oração principal.;✅ Certo. Definição básica.
39. “Se” pode ser conjunção integrante ou condicional.;✅ Certo. Exemplo condicional: “Se chover, não saio.” Exemplo integrante: “Veja se ele chegou.”
40. “Uma vez que” indica sempre tempo, nunca causa.;❌ Errado. Pode indicar causa ou condição, depende do contexto.
“Mas” pode ser conjunção coordenativa adversativa.;✅ Certo. Exemplo: “Pediu, mas ninguém atendeu.”
2. “Mas” nunca tem valor aditivo.;❌ Errado. Em “Não só dá aulas, mas também escreve” tem valor aditivo.
3. “E” pode ter valor aditivo ou adversativo, dependendo do contexto.;✅ Certo. “Leu o livro, e não entendeu nada” equivale a “mas”.
4. “Pois” pode ser coordenativa conclusiva.;✅ Certo. Exemplo: “Estava, pois, esgotado.”
5. “Pois” pode ser coordenativa explicativa.;✅ Certo. Exemplo: “Traga o jornal, pois quero ler.”
6. “Pois” pode ser subordinativa causal.;✅ Certo. Exemplo: “A planta secou pois não foi regada.”
7. “Como” é sempre uma conjunção causal.;❌ Errado. Também pode ser aditiva, comparativa ou conformativa.
8. “Como” pode ser coordenativa aditiva.;✅ Certo. Exemplo: “Tanto ria como chorava.”
9. “Como” pode ser subordinativa comparativa.;✅ Certo. Exemplo: “Era alto como um poste.”
10. “Como” pode ser subordinativa conformativa.;✅ Certo. Exemplo: “Alterei a programação, como o chefe determinara.”
11. “Porque” é sempre subordinativa causal.;❌ Errado. Pode ser também coordenativa explicativa e subordinativa final.
12. “Porque” pode ser coordenativa explicativa.;✅ Certo. Exemplo: “Não faça perguntas, porque ele ficará zangado.”
13. “Porque” pode indicar finalidade (subordinativa final).;✅ Certo. Exemplo: “Porque meu filho fosse feliz, fui para outra cidade.”
14. “Uma vez que” é sempre causal.;❌ Errado. Pode ser condicional.
15. “Uma vez que” pode ser condicional.;✅ Certo. Exemplo: “Uma vez que mude de hábitos, será aceito.”
16. “Se” é conjunção subordinativa condicional.;✅ Certo. Exemplo: “Se forem discretos, agradarão a todos.”
17. “Se” pode ser também integrante.;✅ Certo. Exemplo: “Diga-me se está na hora.”
18. “Desde que” é sempre condicional.;❌ Errado. Também pode ser temporal.
19. “Desde que” pode ser conjunção temporal.;✅ Certo. Exemplo: “Conheço aquela jovem desde que era bebê.”
20. “Sem que” pode ser condicional ou concessiva.;✅ Certo. Exemplo condicional: “Sem que haja debate, não haverá acordo.” Exemplo concessivo: “Sem que fizesse esforço, foi aprovado.”
21. “Porquanto” pode ser coordenativa explicativa.;✅ Certo. Exemplo: “Ele deve ter chorado, porquanto os olhos estão vermelhos.”
22. “Porquanto” pode ser subordinativa causal.;✅ Certo. Exemplo: “Ficamos animados, porquanto houve progresso.”
23. “Quanto” pode ser coordenativa aditiva.;✅ Certo. Exemplo: “Eles tanto criticam quanto incentivam.”
24. “Quanto” pode ser subordinativa comparativa.;✅ Certo. Exemplo: “Ele se preocupa tanto quanto o médico.”
25. “Que” pode ser coordenativa adversativa.;✅ Certo. Exemplo: “Diga tal coisa a outro, que não a ele.” (=mas)
26. “Que” pode ser coordenativa explicativa.;✅ Certo. Exemplo: “Faça as anotações, que você estudará melhor.”
27. “Que” pode ser subordinativa causal.;✅ Certo. Exemplo: “Nervoso que se encontrava, não assinou.”
28. “Que” pode ser subordinativa concessiva.;✅ Certo. Exemplo: “Sujo que estivesse, deitou na poltrona.”
29. “Que” pode ser subordinativa comparativa.;✅ Certo. Exemplo: “É mais trabalhador que o tio.”
30. “Que” pode ser subordinativa consecutiva.;✅ Certo. Exemplo: “Era tal seu medo que fugiu.”
31. “Que” pode ser subordinativa final.;✅ Certo. Exemplo: “Ele me fez um sinal que eu não dissesse nada.”
32. “Que” pode ser subordinativa temporal.;✅ Certo. Exemplo: “Agora, que já tomaste o remédio, sairemos.”
33. “Que” pode ser subordinativa integrante.;✅ Certo. Exemplo: “Queria que todos fossem felizes.”
34. O valor semântico da conjunção determina a classificação da oração.;✅ Certo. O sentido é o mais importante para a classificação.
35. “E” nunca pode ter valor adversativo.;❌ Errado. Pode sim, como em “Leu o livro, e não entendeu nada.”
36. “Mas” pode ser coordenativa aditiva com “também”.;✅ Certo. Exemplo: “Não só dá aulas, mas também escreve.”
37. “Pois” pode indicar causa, explicação ou conclusão.;✅ Certo. Depende do contexto.
38. “Porque” em “porque meu filho fosse feliz” indica finalidade.;✅ Certo. Indica propósito (subordinativa final).
39. “Sem que” indica sempre condição negativa.;❌ Errado. Também pode indicar concessão.
40. “Que” sozinho pode ter mais de uma função gramatical.;✅ Certo. Pode ser integrante, causal, concessiva, entre outras.
Texto descritivo tem por base a apresentação de pessoas, objetos ou lugares.;✅ Certo. A descrição detalha características para visualização.
2. A adjetivação é irrelevante em textos descritivos.;❌ Errado. A adjetivação é fundamental para dar detalhes no texto descritivo.
3. A hipálage é uma figura de linguagem comum em textos descritivos.;✅ Certo. Exemplo: “olhos azuis tristes” em vez de “olhos tristes”.
4. Texto narrativo se concentra na apresentação detalhada de coisas, sem contar história.;❌ Errado. Texto narrativo conta fatos, ações e histórias.
5. O narrador é sempre personagem na história.;❌ Errado. O narrador pode ser personagem ou narrador observador (3ª pessoa).
6. Personagens podem ser pessoas, animais ou coisas na narração.;✅ Certo. Exemplo: burra como personagem principal.
7. Enredo é a sequência de acontecimentos da narrativa.;✅ Certo. O enredo organiza os fatos da história.
8. O tempo na narração refere-se ao momento em que a história ocorre.;✅ Certo. Pode ser passado, presente ou futuro.
9. O ambiente é o lugar onde a história se passa.;✅ Certo. Exemplo: fazenda, cidade, floresta etc.
10. Narração e descrição são tipos textuais que não podem coexistir no mesmo texto.;"❌ Errado. Podem coexistir; uma narrativa pode conter descrições."
11. “Meus cabelos eram muito bonitos...” é exemplo de texto descritivo.;✅ Certo. Trecho mostra características físicas detalhadas.
12. “Hoje estive na loja...” é trecho narrativo com narrador-personagem.;✅ Certo. O narrador participa da história e usa 1ª pessoa.
13. Texto descritivo tem como objetivo principal contar uma sequência de ações.;❌ Errado. Objetivo é mostrar detalhes e qualidades.
14. O termo “narrar” está relacionado ao ato de contar histórias.;✅ Certo. Narração é contar fatos e acontecimentos.
15. O narrador-personagem narra em 3ª pessoa.;❌ Errado. Geralmente narra em 1ª pessoa.
16. A perplexidade do guerreiro na descrição é expressa pela palavra “todo”.;✅ Certo. Indica admiração e surpresa.
17. Em textos narrativos, o foco é o desenvolvimento do enredo.;✅ Certo. A trama é a base da narrativa.
18. Descrição pode apresentar aspectos emocionais e morais, além do físico.;✅ Certo. Pode abordar sentimentos e caráter.
19. Em narrativas, o tempo e o espaço são irrelevantes para a compreensão.;❌ Errado. Tempo e ambiente são elementos essenciais.
20. O trecho de Érico Veríssimo mostra uso do narrador observador.;✅ Certo. Narra em 3ª pessoa, contando história de outros.
21. “Ignotas armas e tecidos ignotos cobrem-lhe o corpo” é exemplo de descrição objetiva.;❌ Errado. É descrição subjetiva, com adjetivos carregados.
22. O enredo pode ser simples, com poucos acontecimentos, e ainda ser uma narração.;✅ Certo. Complexidade não é requisito obrigatório.
23. A adjetivação exagerada é uma característica negativa da descrição.;❌ Errado. É característica marcante para dar riqueza visual.
24. O narrador sempre tem conhecimento total dos fatos na narrativa.;❌ Errado. Pode ter conhecimento limitado ou parcial.
25. Na narração, o narrador pode se referir a si mesmo na história.;✅ Certo. É o narrador-personagem.
26. Em textos descritivos, as emoções do sujeito descrito podem ser destacadas.;✅ Certo. Pode incluir emoções e sentimentos.
27. O narrador de “Hoje estive na loja...” é uma voz externa à história.;❌ Errado. É o próprio narrador-personagem, interno.
28. O narrador pode usar o tempo verbal futuro para narrar.;✅ Certo. Pode usar futuro para contar eventos futuros ou planos.
29. A descrição não pode ser usada para criar ambientes na narrativa.;❌ Errado. Descrição é importante para ambientar a narrativa.
30. Narração e descrição são os únicos tipos textuais existentes.;❌ Errado. Existem outros tipos como argumentação, dissertação, injunção.
31. “O azul triste das águas profundas” é exemplo de recurso poético na descrição.;✅ Certo. É uma figura de linguagem, hipálage.
32. Personagens animais em narrativas são considerados personagens secundários.;❌ Errado. Podem ser protagonistas, como a burra no exemplo.
33. O narrador-personagem geralmente tem visão parcial dos fatos.;✅ Certo. Porque narra sua própria experiência.
34. O ambiente em narração pode variar ao longo do texto.;✅ Certo. O local da história pode mudar com a trama.
35. A descrição pode se limitar ao aspecto físico da coisa descrita.;✅ Certo. Pode ser apenas física, mas não necessariamente.
36. O enredo é opcional em um texto narrativo.;❌ Errado. Enredo é fundamental para a narrativa.
37. O narrador sempre julga as ações dos personagens.;❌ Errado. Pode ser neutro ou imparcial.
38. O texto narrativo apresentado de Érico Veríssimo indica passagem do tempo.;✅ Certo. O personagem lembra o passado.
39. Texto descritivo não pode provocar emoções no leitor.;❌ Errado. Pode provocar emoções pelo detalhamento e escolha de palavras.
40. A palavra “extático” na descrição reforça o estado emocional do guerreiro.;✅ Certo. Expressa admiração e surpresa.
No discurso direto, a fala do personagem é apresentada exatamente como foi dita, palavra por palavra.;✅ Certo. O narrador reproduz a fala literal do personagem.
2. O discurso indireto exige o uso obrigatório de dois pontos e travessão.;❌ Errado. Discurso indireto não usa dois pontos nem travessão.
3. Discurso indireto utiliza conjunções integrantes como “que” e “se”.;✅ Certo. Exemplo: “disse que...” ou “perguntou se...”.
4. O discurso indireto livre é uma fusão do discurso direto e indireto.;✅ Certo. Apresenta a fala do personagem sem travessão nem conjunções.
5. Em discurso indireto, é importante manter a correlação entre tempos verbais.;✅ Certo. Para preservar sentido, tempos devem ser ajustados.
6. Discurso direto e indireto têm sempre o mesmo sentido, mesmo com adaptações.;✅ Certo. O conteúdo é mantido, apesar das mudanças estruturais.
7. No discurso indireto, a fala do personagem aparece entre aspas.;❌ Errado. No discurso indireto, não se usam aspas para a fala.
8. O discurso indireto livre sempre usa conjunções para ligar as falas.;❌ Errado. Ele não usa conjunções nem pontuação especial.
9. Discurso direto é mais comum em textos narrativos.;✅ Certo. Facilita a dramatização dos diálogos.
10. Em dissertação, a ideia é o foco central do texto.;✅ Certo. O texto dissertativo é argumentativo e opinativo.
11. A introdução em um texto dissertativo apresenta a ideia que será desenvolvida.;✅ Certo. Contém o tópico frasal, base do texto.
12. O desenvolvimento da dissertação é onde se argumenta e discute o tema.;✅ Certo. É o corpo do texto.
13. A conclusão da dissertação sempre contém uma citação famosa.;❌ Errado. Pode ser resumo, opinião final, ou outros tipos de fecho.
14. Um texto pode apresentar tipologia mista, como narração com descrição.;✅ Certo. Misturas são comuns e aceitáveis.
15. O tema de um texto determina sempre a sua tipologia textual.;❌ Errado. O tema sugere, mas o autor pode desenvolver diferentes tipos.
16. No discurso direto, usa-se travessão para indicar a fala.;✅ Certo. É o recurso gráfico habitual.
17. O discurso indireto pode alterar pronomes para manter a coerência.;✅ Certo. É preciso adaptar para o contexto do narrador.
18. Discurso indireto livre mantém a fala do personagem intacta, sem alterações.;❌ Errado. Pode haver alterações, mas mantém impressão da fala.
19. Dissertação não pode conter opiniões do autor.;❌ Errado. É um texto opinativo, expressa posicionamentos.
20. O discurso indireto livre não usa pontuação específica para a fala.;✅ Certo. Não usa travessão nem aspas nem conjunções.
21. Em discurso direto, é obrigatório colocar as falas entre aspas.;❌ Errado. Aspas são opcionais, o travessão é mais usado.
22. “Minha colega me afirmou que estaria lá se eu precisasse dela.” é discurso indireto.;✅ Certo. Usa a conjunção “que” e adaptação verbal.
23. A introdução em dissertação deve ser sempre longa e detalhada.;❌ Errado. Geralmente é curta e direta.
24. O desenvolvimento da dissertação pode conter um ou vários parágrafos.;✅ Certo. Depende da extensão do texto.
25. A conclusão de um texto dissertativo encerra com uma ideia nova não discutida.;❌ Errado. Deve fechar o assunto, não introduzir novo tema.
26. O discurso direto facilita a identificação do interlocutor na narrativa.;✅ Certo. A fala é atribuída claramente.
27. O discurso indireto livre permite expressar pensamentos do personagem.;✅ Certo. Aproxima-se do fluxo de consciência.
28. Um texto dissertativo pode ser confundido com um narrativo se não houver opinião.;❌ Errado. Falta de opinião impede dissertação, mas não cria narrativa.
29. No discurso indireto, os tempos verbais geralmente avançam para o futuro.;❌ Errado. Normalmente recuam, conforme o verbo principal.
30. No discurso direto, as falas são sempre curtas e simples.;❌ Errado. Podem ser longas e complexas.
31. Em dissertação, é aceitável o uso de exemplos para argumentar.;✅ Certo. Exemplos fortalecem a argumentação.
32. Discurso indireto livre não é comum na literatura contemporânea.;❌ Errado. É recurso muito usado para criar subjetividade.
33. O discurso direto usa sinais de pontuação para indicar emoção na fala.;✅ Certo. Exclamação e interrogação podem aparecer.
34. A introdução de dissertação deve conter o tópico frasal.;✅ Certo. É o ponto-chave do texto.
35. O desenvolvimento de uma dissertação pode conter contra-argumentos.;✅ Certo. Rebate pontos contrários para fortalecer a tese.
36. O discurso direto não permite o uso de gírias ou linguagem coloquial.;❌ Errado. Pode reproduzir exatamente a fala do personagem.
37. A dissertação é um tipo textual que visa convencer o leitor.;✅ Certo. Busca persuadir através de argumentos.
38. O discurso indireto não pode ser usado em textos narrativos.;❌ Errado. É muito usado para resumir falas.
39. No discurso indireto livre, o narrador desaparece completamente.;❌ Errado. O narrador ainda está presente, mas de forma mesclada.
40. Um texto pode conter narração, descrição, discurso e dissertação juntos.;✅ Certo. Tipologia mista é comum em textos complexos.
Campo semântico é um conjunto de palavras que compartilham sentido semelhante dentro de um contexto.;✅ Certo. Palavras relacionadas pelo sentido formam campo semântico.
2. Sinônimos e antônimos sempre pertencem ao mesmo campo semântico.;❌ Errado. Campo semântico é relação mais ampla, não sinônimo ou antônimo.
3. A palavra “abóbora” pode pertencer a mais de um campo semântico.;✅ Certo. Pode ser legume e cor, dependendo do contexto.
4. Campos semânticos são apenas formados por nomes de objetos concretos.;❌ Errado. Também podem incluir palavras abstratas ou associadas.
5. Polissemia é quando uma palavra tem vários significados diferentes, dependendo do contexto.;✅ Certo. Exemplo: “andar” com vários sentidos.
6. Homonímia é igual a polissemia.;❌ Errado. Homônimos são palavras com mesma forma, mas origens diferentes.
7. “Ele anda muito” e “Meu relógio não anda” exemplificam polissemia.;✅ Certo. “Andar” tem sentidos distintos nas frases.
8. Sinonímia ocorre quando duas palavras são intercambiáveis em todos os contextos.;❌ Errado. Sinonímia pode ser parcial, válida só em certos contextos.
9. “Face” e “rosto” são sempre sinônimos perfeitos.;❌ Errado. Em “em face do exposto”, não são sinônimos.
10. Antonímia é a relação de palavras com significados opostos.;✅ Certo. Exemplo: corajoso x medroso.
11. É correto afirmar que “martelo” e “serrote” pertencem a um mesmo campo semântico.;✅ Certo. São ferramentas.
12. O termo “jardim” não pode estar em um campo semântico porque não é um grupo delimitado.;❌ Errado. Pode formar campo semântico com palavras relacionadas, mesmo sem grupo fechado.
13. “Azul”, “verde” e “lilás” formam um campo semântico de cores.;✅ Certo. São nomes de cores.
14. “Batata” e “berinjela” são palavras com o mesmo significado.;❌ Errado. São diferentes legumes, não sinônimos.
15. Polissemia ajuda a enriquecer o texto pela diversidade de sentidos.;✅ Certo. Permite múltiplas interpretações.
16. “Estar doente” e “andar doente” são expressões que ilustram polissemia.;✅ Certo. “Andar” tem sentido diferente.
17. Sinônimos podem ser usados para evitar repetição em textos.;✅ Certo. Troca de palavras similares melhora fluidez.
18. “Extensão” e “comprimento” são sinônimos em todos os contextos.;❌ Errado. São sinônimos apenas em alguns contextos específicos.
19. Antonímia pode ser absoluta ou relativa, dependendo do grau de oposição.;✅ Certo. Exemplo: morto/vivo (absoluta), quente/frio (relativa).
20. Em antonímia, as palavras sempre pertencem ao mesmo campo semântico.;✅ Certo. São opostos dentro de um mesmo domínio semântico.
21. Uma palavra só pode pertencer a um único campo semântico.;❌ Errado. Pode pertencer a mais de um, como “abóbora”.
22. Campos semânticos ajudam na compreensão e interpretação de textos.;✅ Certo. Organizam o sentido das palavras.
23. A palavra “perfume” não pode fazer parte de um campo semântico com “flor” e “jardim”.;❌ Errado. Pode estar associada por relação de sentido.
24. Homônimos têm a mesma origem etimológica.;❌ Errado. Homônimos são palavras iguais em forma, mas origens diferentes.
25. Polissemia é uma característica exclusiva da língua portuguesa.;❌ Errado. Muitas línguas possuem palavras polissêmicas.
26. A palavra “andar” é polissêmica porque tem significados diferentes.;✅ Certo. Exemplo: caminhar, estar, funcionar.
27. “Olhos” e “cabelos” formam um campo semântico de partes do corpo.;✅ Certo. São partes do corpo humano.
28. Sinonímia é sempre uma relação absoluta e nunca depende do contexto.;❌ Errado. Depende do contexto para ser válida.
29. Em “Ele tem um belo rosto” e “Ele tem uma bela face”, as palavras são sinônimas.;✅ Certo. Nesse contexto, face e rosto são sinônimos.
30. “Corajoso” e “medroso” são exemplos de sinônimos.;❌ Errado. São antônimos, com sentido oposto.
31. Em “em face do exposto”, “face” significa “rosto”.;❌ Errado. Aqui “face” tem sentido diferente, não sinônimo de rosto.
32. Campos semânticos facilitam a organização mental do vocabulário.;✅ Certo. Agrupam palavras relacionadas.
33. Polissemia dificulta a interpretação textual.;❌ Errado. Pode exigir atenção, mas enriquece o texto.
34. A sinonímia evita a repetição e amplia a expressão textual.;✅ Certo. Ajuda na variedade vocabular.
35. Antonímia sempre traz contraste claro entre palavras.;✅ Certo. Exemplo: alto x baixo.
36. Campos semânticos excluem palavras que não sejam da mesma classe gramatical.;❌ Errado. Podem incluir substantivos, adjetivos, verbos relacionados.
37. O contexto é fundamental para identificar polissemia.;✅ Certo. O significado varia conforme o uso.
38. Sinonímia implica que as palavras são exatamente iguais.;❌ Errado. São próximas, mas nem sempre idênticas em sentido.
39. Em “Meu relógio não anda”, “anda” significa “funciona”.;✅ Certo. Significado específico do verbo.
40. Antonímia e sinonímia são relações que ocorrem entre palavras sem relação de sentido.;❌ Errado. São relações de sentido, oposto ou semelhante.
Homônimos homófonos têm a mesma pronúncia, mas grafia diferente.;✅ Certo. Ex.: ceda / seda.
2. Homônimos homógrafos têm a mesma grafia, mas pronúncia diferente.;✅ Certo. Ex.: peso (péso) / peso (pêso).
3. Homônimos perfeitos têm a mesma pronúncia e grafia.;✅ Certo. Ex.: pena / pena.
4. A classificação dos homônimos não é tão importante quanto seu significado.;✅ Certo. O mais relevante é o sentido no contexto.
5. “Acender” (pôr fogo) e “ascender” (elevar-se) são homônimos perfeitos.;❌ Errado. São homônimos homófonos (mesma pronúncia, grafia diferente).
6. “Censo” (recenseamento) e “senso” (juízo) são homônimos homófonos.;✅ Certo. Mesma pronúncia, grafia diferente.
7. “Chegue” e “xeque” são palavras parônimas.;❌ Errado. São homônimos homófonos.
8. “Cela” (cômodo) e “sela” (arreio) são homônimos homófonos.;✅ Certo.
9. Parônimos são palavras que se confundem por serem muito parecidas, mas não homônimos.;✅ Certo. Exemplo: tráfego / tráfico.
10. “Tráfego” e “tráfico” são homônimos perfeitos.;❌ Errado. São parônimos, têm pronúncia e grafia diferentes.
11. “Comprimento” e “cumprimento” são parônimos.;✅ Certo. Exemplo clássico.
12. “Emergir” e “imergir” são palavras homônimas.;❌ Errado. São parônimos, com sentidos diferentes.
13. “Acender” e “ascender” são exemplos de homônimos homófonos.;✅ Certo. Pronúncia igual, grafia diferente.
14. “Pena” (dor) e “pena” (pena de pássaro) são homônimos perfeitos.;✅ Certo. Mesma grafia e pronúncia.
15. “Taxa” e “tacha” são homônimos homófonos.;❌ Errado. São homônimos homófonos? Na verdade, têm pronúncia parecida, mas grafia diferente e sentidos distintos, são homônimos homófonos. Sim, é um caso clássico, portanto correto: ✅ Certo.
16. “Incerto” e “inserto” são parônimos.;✅ Certo.
17. “Fluír” e “fruir” são homônimos.;❌ Errado. São parônimos, pronúncia parecida, sentidos diferentes.
18. “Lasso” (cansado) e “laço” (nó) são homônimos homógrafos.;❌ Errado. São parônimos.
19. “Mandado” (ordem judicial) e “mandato” (procuração) são parônimos.;✅ Certo.
20. “Cegar” (tirar a visão) e “cegar” (ceifar) são homônimos homófonos.;❌ Errado. “Cegar” (tirar visão) e “segar” (ceifar) são homônimos homófonos, mas grafia diferente.
21. “Seda” e “ceda” são homônimos homófonos.;✅ Certo.
22. “Estático” (parado) e “extático” (em êxtase) são homônimos homófonos.;✅ Certo.
23. “Sustar” e “suster” são parônimos.;✅ Certo.
24. “Infligir” e “infringir” são homônimos.;❌ Errado. São parônimos.
25. “Eminente” e “iminente” são homônimos perfeitos.;❌ Errado. São parônimos.
26. “Prescrever” e “proscrever” são parônimos.;✅ Certo.
27. “Ratificar” e “retificar” são parônimos.;✅ Certo.
28. “Vultoso” e “vultuoso” são palavras homônimas.;❌ Errado. São parônimos.
29. “Descriminar” significa “separar” e “discriminar” significa “inocentar”.;❌ Errado. “Descriminar” significa “inocentar”, “discriminar” significa “separar”.
30. “Delatar” e “dilatar” são parônimos.;✅ Certo.
31. “Espiar” (olhar) e “expiar” (sofrer) são homônimos perfeitos.;❌ Errado. São homônimos homófonos, grafia diferente.
32. “Sidra” e “cidra” são homônimos homófonos.;✅ Certo.
33. “Cela” e “sela” são parônimos.;❌ Errado. São homônimos homófonos.
34. “Preito” significa “disputa”.;❌ Errado. “Preito” significa “homenagem”.
35. “Pleito” significa “disputa”.;✅ Certo.
36. “Discriminar” significa “separar”.;✅ Certo.
37. “Despercebido” e “desapercebido” são sinônimos.;"❌ Errado. “Despercebido” = sem ser notado; “desapercebido” = desprevenido."
38. “Descrição” e “discrição” são homônimos perfeitos.;❌ Errado. São parônimos.
39. “Estada” e “estadia” são parônimos.;✅ Certo.
"40. “Imigrar” significa entrar em um país; “emigrar” significa sair de um país.";✅ Certo.
"Ab initio"" significa ""desde o princípio"".";"✅ Certo. Literalmente, ""desde o início""."
"2. ""Ad hoc"" quer dizer ""para isso"".";✅ Certo. Usado para indicar algo criado para uma finalidade específica.
"3. ""A priori"" é um termo usado para indicar algo ""depois da argumentação"".";"❌ Errado. Significa ""antes de qualquer argumento""."
"4. ""Ex officio"" significa ""por obrigação de lei ou dever do cargo"".";✅ Certo. Refere-se a funções atribuídas pelo cargo.
"5. ""Curriculum vitae"" quer dizer ""correr da vida"" e se refere a um conjunto de informações pessoais.";✅ Certo.
"6. ""Data venia"" significa ""sem permissão"".";"❌ Errado. Significa ""com a devida permissão""."
"7. ""Errata"" é a especificação dos erros de impressão.";✅ Certo. Muito comum em livros.
"8. ""Et alii"" significa ""e outros"".";✅ Certo. Usado para indicar outros autores, por exemplo.
"9. ""Ex cathedra"" significa ""de súbito"".";"❌ Errado. Significa ""em virtude de autoridade decorrente do título""."
"10. ""Ex abrupto"" quer dizer ""de súbito"".";✅ Certo.
"11. ""Ex jure"" quer dizer ""segundo o direito, por justiça"".";✅ Certo.
"12. ""Ex lege"" significa ""contrário à lei"".";"❌ Errado. Significa ""de acordo com a lei""."
"13. ""Fac-simile"" é uma cópia fiel.";✅ Certo.
"14. ""Habeas corpus"" refere-se à liberdade de locomoção.";✅ Certo.
"15. ""Hic et nunc"" quer dizer ""lá e depois"".";"❌ Errado. Significa ""aqui e agora""."
"16. ""Honoris causa"" significa ""por motivo de honra"".";✅ Certo. Usado em títulos honorários.
"17. ""Ibidem"" significa ""no mesmo lugar"".";✅ Certo.
"18. ""Idem"" quer dizer ""diferente"".";"❌ Errado. Significa ""igualmente"" ou ""também""."
"19. ""In loco"" significa ""no lugar"".";✅ Certo.
"20. ""In limine"" é uma expressão que significa ""finalmente"".";"❌ Errado. Significa ""preliminarmente""."
"21. ""In totum"" significa ""totalmente"".";✅ Certo.
"22. ""Mutatis mutandis"" quer dizer ""sem nenhuma mudança"".";"❌ Errado. Significa ""mudando o que deve ser mudado""."
"23. ""Opus"" é uma obra musical classificada e numerada.";✅ Certo.
"24. ""Pari passu"" significa ""simultaneamente"".";✅ Certo.
"25. ""Passim"" significa ""em um único lugar"".";"❌ Errado. Significa ""aqui e ali"", ""em toda parte""."
"26. ""Prima facie"" significa ""à primeira vista, sem maior exame"".";✅ Certo.
"27. ""Pro labore"" significa ""pagamento por serviço prestado"".";✅ Certo.
"28. ""R sic"" significa ""errado"".";"❌ Errado. Significa ""assim mesmo"", indicando que algo foi escrito daquela forma."
"29. ""Sine die"" significa ""sem data fixa"".";✅ Certo.
"30. ""Sine jure"" significa ""com direito"".";"❌ Errado. Significa ""sem direito""."
"31. ""Sine qua non"" é algo ""indispensável"".";✅ Certo.
"32. ""Sub judice"" significa ""sob apreciação judicial"".";✅ Certo.
"33. ""Sui generis"" significa ""comum"".";"❌ Errado. Significa ""peculiar, sem igual""."
"34. ""Stricto sensu"" significa ""em sentido amplo"".";"❌ Errado. Significa ""em sentido restrito""."
"35. ""Urb et orbi"" significa ""em toda a parte"".";✅ Certo.
"36. ""Verbi gratia"" significa ""por exemplo"".";✅ Certo.
"37. ""Verbo ad verbum"" significa ""palavra por palavra"".";✅ Certo.
"38. ""Ad referendum"" significa ""sem necessidade de aprovação"".";"❌ Errado. Significa ""sujeito à aprovação""."
"39. ""Ad usum"" significa ""segundo o costume"".";✅ Certo.
"40. ""Ex consensu"" significa ""sem consentimento"".";"❌ Errado. Significa ""com o consentimento""."
