A semântica estuda apenas o significado literal das palavras isoladas.;Errado
O significado é a noção primária da palavra, enquanto o sentido depende do contexto.;Certo
A frase “chato pra cachorro” usa a palavra “cachorro” em seu significado literal.;Errado
Fatores extralinguísticos como idade e região influenciam a significação das palavras.;Certo
A troca de acentuação em “sábia” e “sabiá” não altera o significado.;Errado
A posição da sílaba tônica pode alterar o sentido da palavra.;Certo
“Fabrica” e “fábrica” possuem o mesmo valor semântico.;Errado
O contexto da conjunção pode indicar adversidade ou adição.;Certo
A semântica é independente da morfologia e da sintaxe.;Errado
A lexicologia estuda o léxico, ou seja, o conjunto de palavras de uma língua.;Certo
O vocabulário é o conjunto de palavras que constam em um dicionário.;Errado
A sinonímia indica palavras com significados iguais ou próximos.;Certo
Existem sinônimos perfeitos em todos os contextos.;Errado
“Aipim” e “macaxeira” são exemplos de sinonímia vocabular.;Certo
A antonímia ocorre apenas com palavras de radicais diferentes.;Errado
“Preto” e “branco” são considerados antônimos.;Certo
A antonímia nunca ocorre entre frases.;Errado
Homônimos são palavras com mesma grafia e mesmo sentido.;Errado
“Acender” e “ascender” são homófonos.;Certo
“Pôde” e “pode” são homógrafos.;Errado
“Casa” (lar) e “casa” (verbo casar) são homônimos perfeitos.;Certo
Parônimos possuem grafia e pronúncia idênticas.;Errado
“Ratificar” e “retificar” são parônimos.;Certo
“Absolver” e “absorver” têm o mesmo significado.;Errado
A polissemia ocorre quando uma mesma palavra assume sentidos diferentes conforme o contexto.;Certo
Uma palavra polissêmica muda de classe gramatical.;Errado
“Leve” como adjetivo e verbo é exemplo de homonímia, não polissemia.;Certo
“Animal” é hiperônimo de “gato”.;Certo
“Maçã” é hiperônimo de “fruta”.;Errado
“Pneu” é holônimo de “carro”.;Errado
“Mão” é holônimo de “dedo”.;Certo
“Dedo” é merônimo de “mão”.;Certo
Acrônimo é o mesmo que sigla pronunciada letra por letra.;Errado
“Petrobras” é um acrônimo.;Certo
“ONU” é uma sigla pronunciada por soletração.;Errado
Estrangeirismos podem ser adaptados à ortografia portuguesa.;Certo
A palavra “banda” é um estrangeirismo aportuguesado.;Certo
Palavras estrangeiras devem sempre ser traduzidas para o português.;Errado
Toponímia estuda nomes de lugares.;Certo
Antroponímia refere-se a nomes de pessoas.;Certo
Axionímia trata de nomes de marcas comerciais.;Errado
Oneonímia refere-se a títulos honoríficos.;Errado
Campo semântico é o conjunto de palavras com o mesmo radical.;Errado
Campo lexical é o conjunto de palavras da mesma família.;Certo
“Mar, marinho, marítimo” formam um campo lexical.;Certo
“Computador, monitor, teclado” pertencem ao mesmo campo semântico.;Certo
A palavra “verde” possui antônimo direto no sentido literal.;Errado
A sinonímia frasal ocorre entre palavras de uma mesma classe gramatical.;Errado
Homógrafos têm grafia diferente e som igual.;Errado
A semântica é essencial para a interpretação textual.;Certo
A ambiguidade é sempre um erro e nunca pode ter valor expressivo.;Errado
A frase “A demissão do ministro” pode gerar dúvida entre quem demitiu e quem foi demitido.;Certo
O mau uso de pronomes e possessivos pode causar ambiguidade.;Certo
A ambiguidade só ocorre em textos literários.;Errado
A intertextualidade ocorre quando um texto se relaciona com outro.;Certo
A citação é uma forma de intertextualidade implícita.;Errado
A paráfrase reafirma a ideia do texto original.;Certo
A paródia mantém a ideologia original sem modificações.;Errado
O plágio é aceito se o autor for mencionado.;Errado
A alusão exige conhecimento de mundo para ser compreendida.;Certo
A estilização é um tipo de intertextualidade que dialoga com outras manifestações culturais.;Certo
A epígrafe aparece no final do texto para reforçar a conclusão.;Errado
O pastiche é uma cópia fiel e respeitosa do texto original.;Errado
A denotação trata do sentido literal de uma palavra.;Certo
A conotação refere-se ao sentido figurado.;Certo
A expressão “Há dias que amanhecem noite” é exemplo de denotação.;Errado
“Por que” separado é usado em perguntas diretas e indiretas.;Certo
“Porque” junto é usado em perguntas.;Errado
“Por quê” é usado antes de pausa ou pontuação.;Certo
“Porquê” é substantivo e pode ser pluralizado.;Certo
“Há dez anos” e “faz dez anos” são equivalentes.;Certo
“A dez anos” indica tempo passado.;Errado
“Se não” separado equivale a “caso não”.;Certo
“Senão” pode significar “exceto” ou “mas sim”.;Certo
“Onde” deve ser usado com verbos de movimento.;Errado
“Aonde” indica movimento.;Certo
“Donde” indica origem.;Certo
“Mal” é o antônimo de “bom”.;Errado
“Mau” é o antônimo de “bem”.;Errado
“Mais” expressa ideia de intensidade ou quantidade.;Certo
“Mas” pode ser conjunção adversativa ou aditiva.;Certo
“Afim” significa propósito.;Errado
“A fim de” indica finalidade.;Certo
“Ao invés de” é usado com termos equivalentes.;Errado
“Em vez de” significa no lugar de.;Certo
“Acerca de” equivale a “sobre”.;Certo
“Há cerca de” indica distância física.;Errado
“A cerca de” indica tempo futuro aproximado.;Certo
“Malgrado” é sinônimo de “apesar de”.;Certo
“De mau grado” significa com boa vontade.;Errado
“Porventura” significa por sorte.;Errado
“Por ventura” significa por acaso.;Errado
“A baixo” é usado com a expressão “de cima”.;Certo
“Abaixo” é usado nos demais contextos.;Certo
“De encontro a” expressa ideia de oposição.;Certo
“Ao encontro de” indica convergência ou acordo.;Certo
“A par de” significa estar desinformado.;Errado
“Ao par de” é usada em contexto econômico.;Certo
“Demais” é advérbio de intensidade.;Certo
“De mais” equivale a “sobrando” e acompanha substantivo.;Certo
“Contudo” é conjunção conclusiva.;Errado
“Contudo” equivale a “porém”.;Certo
“A princípio” significa “em tese”.;Errado
“Em princípio” equivale a “conceitualmente”.;Certo
“Por tanto” é o mesmo que “portanto”.;Errado
“Portanto” tem valor conclusivo.;Certo
“Sobre tudo” significa “a respeito de tudo”.;Certo
“Sobretudo” pode significar “principalmente” ou “casacão”.;Certo
“Ao nível de” indica hierarquia.;Errado
“Em nível de” é a forma adequada para expressar hierarquia.;Certo
“A nível de” é aceito na norma culta.;Errado
“Por ora” significa “por enquanto”.;Certo
“Por hora” expressa ideia de frequência temporal.;Certo
“O mais das vezes” significa “raramente”.;Errado
“À medida que” indica proporcionalidade.;Certo
“Na medida em que” tem valor causal.;Certo
“À medida em que” é expressão correta.;Errado
“Sequer” deve ser usado em frases afirmativas.;Errado
“Se quer” é diferente de “sequer”.;Certo
“A domicílio” é usada com verbos de movimento.;Certo
“Em domicílio” indica estado ou permanência.;Certo
“Fazer com que” e “fazer que” são ambas formas corretas.;Certo
A escolha lexical independe do contexto.;Errado
“Paulista” designa quem nasce na cidade de São Paulo.;Errado
“Paulistano” refere-se a quem é da capital.;Certo
“Caro” e “preço alto” têm exatamente o mesmo uso.;Errado
“Escassez” indica insuficiência.;Certo
“Resto” tem sentido neutro.;Errado
“Demais” é preferível a “resto” em contextos formais.;Certo
“Apreender” aplica-se a objetos, não a pessoas.;Certo
“Capturar” e “deter” são usados para pessoas.;Certo
“Explicar” e “justificar” são sinônimos perfeitos.;Errado
“Justificar” está ligada à ideia de inocência.;Certo
“Poluir” e “contaminar” têm o mesmo uso semântico.;Errado
“Poluir” se refere a danos ao meio ambiente.;Certo
“Contaminar” relaciona-se à transmissão de doenças.;Certo
Gírias são usadas em grupos profissionais.;Errado
Regionalismos pertencem a grupos geográficos.;Certo
Jargões são típicos de grupos profissionais.;Certo
Estrangeirismos vêm de outros idiomas.;Certo
Arcaísmos são palavras novas criadas recentemente.;Errado
Neologismos são criações linguísticas recentes.;Certo
Expressões idiomáticas têm sentido literal.;Errado
“Acabar em pizza” significa situação mal resolvida.;Certo
“Amigo da onça” significa amigo fiel.;Errado
“Grosso modo” quer dizer de forma grosseira.;Certo
“Dormir no ponto” expressa perda de oportunidade.;Certo
“Uma mão lava a outra” indica ajuda mútua.;Certo
A morfologia estuda a forma e estrutura das palavras.;Certo
Todo vocábulo é palavra com significado próprio.;Errado
As formas livres possuem autonomia semântica e podem ser usadas isoladamente.;Certo
2. As formas dependentes têm sentido completo e independem de outras palavras.;Errado
3. As formas presas podem ser usadas sozinhas em uma frase.;Errado
4. O radical é o morfema lexical que contém o núcleo do significado da palavra.;Certo
5. A raiz é sempre igual ao radical e nunca muda conforme a origem etimológica.;Errado
6. As classes variáveis incluem substantivos, adjetivos, artigos, pronomes, numerais e verbos.;Certo
7. Advérbios, preposições, conjunções e interjeições são classes invariáveis.;Certo
8. O morfema lexical é também chamado de desinência.;Errado
9. O morfema derivacional é composto por afixos, que formam novas palavras.;Certo
10. As desinências são morfemas derivacionais usados para criar palavras novas.;Errado
11. As desinências nominais indicam gênero e número.;Certo
12. As desinências verbais indicam apenas o tempo dos verbos.;Errado
13. O morfema flexional altera a classe gramatical da palavra.;Errado
14. O radical é a base da palavra e serve para a formação de vocábulos cognatos.;Certo
15. Vocábulos cognatos são palavras sem relação semântica, apenas formal.;Errado
16. A alomorfia ocorre para facilitar a pronúncia das palavras.;Certo
17. Prefixos aparecem depois do radical e modificam o sentido da palavra.;Errado
18. Sufixos normalmente vêm depois do radical e podem mudar a classe da palavra.;Certo
19. O sufixo -mente forma advérbios a partir de adjetivos femininos.;Certo
20. Sufixos aumentativos e diminutivos têm apenas valor de tamanho.;Errado
21. As desinências flexionam as palavras, mas não criam novas.;Certo
22. A vogal temática é a parte da palavra que expressa o tempo verbal.;Errado
23. As vogais temáticas nominais são -a, -e, -o.;Certo
24. Verbos terminados em -ar pertencem à 2ª conjugação.;Errado
25. Verbos da 3ª conjugação têm vogal temática -i.;Certo
26. A vogal temática liga o radical à desinência ou ao sufixo.;Certo
27. Palavras terminadas em consoante ou vogal tônica são chamadas temáticas.;Errado
28. O conjunto radical + vogal temática forma o tema.;Certo
29. O verbo pôr pertence à 1ª conjugação, pois termina em -r.;Errado
30. O verbo pôr e seus derivados são da 2ª conjugação.;Certo
31. O morfema é a menor unidade significativa de uma palavra.;Certo
32. As formas dependentes incluem artigos, conjunções e preposições.;Certo
33. O prefixo des- tem sempre o mesmo sentido em todas as palavras.;Errado
34. O radical pode aparecer em várias palavras da mesma família.;Certo
35. A vogal temática contribui para a eufonia da palavra.;Certo
36. O morfema lexical é opcional na estrutura da palavra.;Errado
37. As classes de palavras são definidas apenas por sua função sintática.;Errado
38. Desinências número-pessoais marcam número e pessoa nos verbos.;Certo
39. As desinências modo-temporais indicam o modo e o tempo verbal.;Certo
40. A alomorfia ocorre apenas nos sufixos.;Errado
A letra de ligação é considerada um morfema por possuir significado próprio.;Errado
2. A letra de ligação serve apenas para favorecer a eufonia entre radicais ou afixos.;Certo
3. A palavra “cafezal” apresenta uma letra de ligação entre o radical e o sufixo.;Certo
4. As palavras primitivas derivam de outras palavras existentes na língua.;Errado
5. As palavras derivadas formam-se a partir de outras já existentes.;Certo
6. Uma palavra simples contém mais de um radical.;Errado
7. As palavras compostas são formadas por dois ou mais radicais.;Certo
8. “Florista” é exemplo de palavra primitiva.;Errado
9. A derivação prefixal ocorre pela adição de um sufixo à palavra base.;Errado
10. A derivação sufixal ocorre pelo acréscimo de um sufixo à palavra primitiva.;Certo
11. A derivação parassintética ocorre com o acréscimo simultâneo de prefixo e sufixo.;Certo
12. Em “envelhecer”, há derivação prefixal simples.;Errado
13. Na derivação parassintética, a retirada do prefixo ou do sufixo mantém o sentido da palavra.;Errado
14. A derivação regressiva ocorre quando um verbo origina um substantivo abstrato de ação.;Certo
15. A regressão adiciona elementos à base verbal.;Errado
16. A derivação imprópria ocorre com mudança de classe gramatical sem alteração formal.;Certo
17. Em “o amar e o partir”, há substantivação, exemplo de derivação imprópria.;Certo
18. A composição ocorre quando há apenas um radical.;Errado
19. Na composição por justaposição, não há perda de elementos sonoros.;Certo
20. A aglutinação conserva integralmente os radicais originais.;Errado
21. “Vinagre” é exemplo de composição por aglutinação.;Certo
22. A onomatopeia reproduz sons naturais ou artificiais.;Certo
23. “Tique-taque” é exemplo de palavra formada por abreviação.;Errado
24. A abreviação reduz o tamanho da palavra sem alterar o sentido.;Certo
25. “Cine” e “metrô” são exemplos de redução vocabular.;Certo
26. A siglonimização forma palavras pela união de radicais de línguas diferentes.;Errado
27. “ONU” e “PIB” são exemplos de siglonimização.;Certo
28. O hibridismo combina elementos de uma mesma língua.;Errado
29. “Sociologia” e “televisão” exemplificam o hibridismo.;Certo
30. A combinação lexical une partes de palavras para formar novas.;Certo
31. “Portunhol” é exemplo de combinação ou amálgama.;Certo
32. As palavras formadas por amálgama são sempre dicionarizadas.;Errado
33. O neologismo é sempre formado a partir de línguas estrangeiras.;Errado
34. Neologismos mórficos usam os processos de formação já existentes.;Certo
35. Neologismos semânticos surgem quando um termo existente adquire novo sentido.;Certo
36. “Mala” (pessoa chata) é exemplo de neologismo semântico.;Certo
37. “Zebra” com sentido de resultado inesperado é um neologismo mórfico.;Errado
38. Estrangeirismos são palavras emprestadas de outras línguas.;Certo
39. “Link” e “byte” são estrangeirismos adaptados à ortografia portuguesa.;Errado
40. “Deletar” e “estresse” são estrangeirismos adaptados.;Certo
Existem dez classes tradicionais de palavras na língua portuguesa.;Certo
2. As palavras denotativas fazem parte das dez classes gramaticais tradicionais.;Errado
3. Substantivos, adjetivos, artigos, pronomes, numerais e verbos são classes variáveis.;Certo
4. Advérbios, preposições, conjunções e interjeições são classes invariáveis.;Certo
5. O morfema é a menor unidade sem sentido de uma palavra.;Errado
6. O morfema lexical é o núcleo de significado de uma palavra.;Certo
7. O morfema derivacional altera o sentido ou a classe da palavra.;Certo
8. O morfema flexional cria novas palavras com significados diferentes.;Errado
9. O radical é o mesmo que o morfema lexical.;Certo
10. A raiz e o radical são conceitos idênticos, sem distinção histórica.;Errado
11. O estudo das raízes é diacrônico, pois analisa a origem histórica dos vocábulos.;Certo
12. Vocábulos cognatos compartilham o mesmo morfema lexical e o mesmo sentido.;Errado
13. Para que as palavras sejam cognatas, é necessário haver ligação semântica.;Certo
14. A alomorfia é a variação sonora de um morfema para garantir eufonia.;Certo
15. A alomorfia ocorre apenas nos sufixos das palavras.;Errado
16. Afixos são morfemas derivacionais que modificam o radical.;Certo
17. Prefixos vêm depois do radical.;Errado
18. Sufixos normalmente aparecem após o radical e podem mudar a classe da palavra.;Certo
19. O sufixo -mente forma advérbios a partir de adjetivos masculinos.;Errado
20. O sufixo -mente se liga a adjetivos femininos, uniformes e numerais femininos.;Certo
21. Desinências são morfemas derivacionais que criam novas palavras.;Errado
22. As desinências nominais indicam gênero e número.;Certo
23. As desinências verbais indicam modo, tempo, número e pessoa.;Certo
24. O -s do plural é um exemplo de desinência nominal.;Certo
25. A vogal temática tem função de ligar o radical às desinências.;Certo
26. Palavras terminadas em consoante ou vogal tônica são chamadas temáticas.;Errado
27. A vogal temática nominal pode ser -a, -e ou -o.;Certo
28. As vogais temáticas verbais indicam a conjugação a que pertence o verbo.;Certo
29. O verbo pôr pertence à 3ª conjugação.;Errado
30. O verbo pôr e seus derivados pertencem à 2ª conjugação.;Certo
31. O conjunto formado pelo radical e pela vogal temática chama-se tema.;Certo
32. A letra de ligação é um morfema que indica relação semântica.;Errado
33. A letra de ligação não tem significado, apenas facilita a pronúncia.;Certo
34. Em “chaleira”, há uma letra de ligação.;Certo
35. As palavras primitivas derivam de outras na língua.;Errado
36. As palavras derivadas surgem de outras já existentes.;Certo
37. As palavras simples possuem um único radical.;Certo
38. As palavras compostas apresentam dois ou mais radicais.;Certo
39. “Flor” e “sol” são exemplos de palavras compostas.;Errado
40. “Girassol” é exemplo de palavra composta.;Certo
A derivação é um processo de formação de palavras pelo acréscimo de prefixos e sufixos.;Certo
2. Na derivação prefixal, o sufixo é acrescentado antes do radical.;Errado
3. Na derivação sufixal, o sufixo é acrescentado depois da palavra primitiva.;Certo
4. A derivação parassintética ocorre quando prefixo e sufixo são adicionados ao mesmo tempo.;Certo
5. Na derivação parassintética, a retirada do prefixo ou sufixo mantém o sentido da palavra.;Errado
6. A derivação regressiva ocorre pela ampliação da palavra primitiva.;Errado
7. A derivação regressiva forma substantivos a partir de verbos.;Certo
8. A derivação imprópria altera a forma da palavra e sua classe gramatical.;Errado
9. Na derivação imprópria, a palavra muda de classe sem mudar de forma.;Certo
10. “O amar é bonito” é exemplo de derivação imprópria.;Certo
11. A composição é o processo de formação de palavras com dois ou mais radicais.;Certo
12. Na composição por justaposição, há perda de elementos fonéticos.;Errado
13. Na composição por aglutinação, ocorre fusão de sons e perda de partes dos radicais.;Certo
14. “Planalto” é exemplo de composição por justaposição.;Errado
15. “Vinagre” é exemplo de composição por aglutinação.;Certo
16. A onomatopeia imita sons de seres animados ou inanimados.;Certo
17. “Tique-taque” é exemplo de abreviação.;Errado
18. Abreviação ou redução mantém o sentido original com forma encurtada.;Certo
19. “Metrô” é forma reduzida de “metropolitano”.;Certo
20. A siglonimização consiste em criar palavras pelo cruzamento de partes de duas outras.;Errado
21. “ONU” é exemplo de siglonimização.;Certo
22. Hibridismo é a junção de elementos de origens linguísticas diferentes.;Certo
23. “Sociologia” é uma palavra híbrida formada por elementos do latim e do grego.;Certo
24. “Portunhol” é exemplo de composição por aglutinação.;Errado
25. “Showmício” é exemplo de combinação ou amálgama.;Certo
26. O neologismo é sempre uma palavra estrangeira incorporada ao português.;Errado
27. Neologismo mórfico usa processos normais de formação para criar novas palavras.;Certo
28. Neologismo semântico atribui novo sentido a uma palavra já existente.;Certo
29. “Mala” como pessoa chata é exemplo de neologismo semântico.;Certo
30. Estrangeirismos são palavras novas criadas com base em radicais latinos.;Errado
31. Estrangeirismos podem manter a forma original ou adaptar-se ao português.;Certo
32. “Deletar” é exemplo de estrangeirismo adaptado.;Certo
33. “Link” é exemplo de estrangeirismo não adaptado.;Certo
34. O adjetivo é uma classe que caracteriza seres, ações e circunstâncias.;Errado
35. O adjetivo caracteriza e modifica o substantivo.;Certo
36. Morfologicamente, o adjetivo varia em gênero, número e grau.;Certo
37. Sintaticamente, o adjetivo pode exercer as funções de sujeito e predicado.;Errado
38. O adjetivo exerce função de adjunto adnominal ou predicativo.;Certo
39. Se o adjetivo puder ser retirado da frase sem alterar o sentido essencial, ele tende a ser adjunto adnominal.;Certo
40. O adjetivo pode modificar apenas substantivos.;Errado
41. Um adjetivo pode modificar pronomes, numerais e até orações substantivas.;Certo
42. Em “é necessário estudar”, o adjetivo “necessário” varia em gênero.;Errado
43. Adjetivos podem transformar-se em substantivos, dependendo do contexto.;Certo
44. Uma palavra que normalmente é substantivo pode funcionar como adjetivo em certos contextos.;Certo
45. O adjetivo não pode expressar qualidades psicológicas.;Errado
46. “Triste”, “amargo” e “calmo” são exemplos de adjetivos descritivos.;Certo
47. O grau dos adjetivos nunca é expresso por advérbios.;Errado
48. Adjetivos são fundamentais para a descrição e expressão de pontos de vista.;Certo
49. O adjetivo tem valor essencialmente objetivo e não pode ser subjetivo.;Errado
50. Adjetivos podem possuir caráter subjetivo ou objetivo, conforme o contexto.;Certo
Adjetivação pode significar o uso exagerado de adjetivos para dar ênfase em um texto.;Certo
2. Adjetivação ocorre apenas quando um verbo se transforma em adjetivo.;Errado
3. Um substantivo pode se tornar adjetivo quando passa a caracterizar outro termo.;Certo
4. Em “jeito moleque”, o termo “moleque” funciona como substantivo.;Errado
5. Em “muito homem”, o substantivo “homem” exerce papel adjetivo.;Certo
6. Adjetivos subjetivos são recomendados em textos jornalísticos.;Errado
7. Adjetivos objetivos descrevem sem avaliação pessoal.;Certo
8. Nominalização consiste em transformar orações adjetivas em adjetivos simples.;Certo
9. A nominalização aumenta o número de verbos na frase.;Errado
10. O adjetivo simples possui mais de um radical.;Errado
11. O adjetivo composto tem mais de um radical.;Certo
12. O adjetivo primitivo não contém afixos.;Certo
13. O adjetivo derivado contém afixos formadores.;Certo
14. “Sorriso amarelado” traz um adjetivo primitivo.;Errado
15. “Carro azul” traz adjetivo restritivo.;Certo
16. O adjetivo restritivo indica característica inerente ao ser.;Errado
17. O adjetivo explicativo exprime característica essencial do ser.;Certo
18. O adjetivo explicativo deve ser separado por vírgula ou outro sinal de pontuação.;Certo
19. Se o adjetivo explicativo não for separado por pontuação, pode gerar ambiguidade.;Certo
20. O adjetivo pátrio ou gentílico indica origem ou nacionalidade.;Certo
21. “Latino-americana” é exemplo de adjetivo pátrio composto.;Certo
22. O adjetivo relacional varia em grau como os adjetivos descritivos.;Errado
23. O adjetivo relacional deriva de substantivo e não admite variação de grau.;Certo
24. Locução adjetiva é a união de preposição com outro termo que exerce valor de adjetivo.;Certo
25. “Homem de coragem” é exemplo de locução adjetiva.;Certo
26. Locução adjetiva equivale sempre à locução adverbial.;Errado
27. “De Minas Gerais” é locução adjetiva, enquanto “em Minas Gerais” é locução adverbial.;Certo
28. Locuções adjetivas podem ser substituídas por adjetivos correspondentes.;Certo
29. A locução adjetiva nunca tem valor possessivo.;Errado
30. A locução adjetiva pode modificar uma oração inteira.;Certo
31. Adjetivos biformes têm a mesma forma para masculino e feminino.;Errado
32. Adjetivos uniformes mantêm a mesma forma nos dois gêneros.;Certo
33. Em adjetivos compostos, normalmente apenas o último elemento varia.;Certo
34. “Surdo-mudo” é exceção, pois ambos os elementos variam.;Certo
35. “Claro-escuro” é exemplo de adjetivo composto invariável.;Errado
36. Substantivos adjetivados permanecem invariáveis.;Certo
37. “Vestidos laranja” está incorreto, pois “laranja” deve ir ao plural.;Errado
38. Adjetivos compostos com substantivos ficam invariáveis.;Certo
39. “Blusas verde-garrafa” está corretamente flexionado.;Certo
40. “Azul-marinho” é forma variável.;Errado
41. “Furta-cor” é exemplo de adjetivo invariável.;Certo
42. O grau comparativo expressa intensidade dentro de um mesmo ser ou entre seres.;Certo
43. O comparativo de igualdade usa a estrutura mais... que.;Errado
44. O comparativo de superioridade usa a estrutura mais... que.;Certo
45. O comparativo de inferioridade usa menos... que.;Certo
46. As formas “melhor”, “pior”, “maior” e “menor” são comparativos sintéticos.;Certo
47. Em comparações de qualidades de um mesmo ser, deve-se usar formas analíticas como “mais bom”.;Certo
48. O superlativo absoluto intensifica a qualidade de um único ser.;Certo
49. O superlativo analítico usa sufixos como -íssimo.;Errado
50. “Paupérrimo” é forma erudita de superlativo de “pobre”.;Certo
O superlativo relativo de superioridade expressa que um ser tem uma qualidade mais intensa em relação a um grupo.;Certo
2. O superlativo relativo de inferioridade utiliza a estrutura o/a mais + adjetivo + de.;Errado
3. O superlativo relativo de inferioridade usa o/a menos + adjetivo + de/dentre.;Certo
4. “Ele é o mais inteligente da turma” é exemplo de superlativo absoluto.;Errado
5. “Ela é a menos estudiosa do grupo” é superlativo relativo de inferioridade.;Certo
6. Prefixos como “super-” podem criar formas estilísticas de superlativo.;Certo
7. Repetição de adjetivo, como “linda, linda”, é forma estilística de intensificação.;Certo
8. “Linda como uma princesa” é exemplo de superlativo absoluto sintético.;Errado
9. Expressões idiomáticas como “bonito de morrer” funcionam como intensificadores.;Certo
10. O uso de aumentativos e diminutivos não pode transmitir ideia de superlativo.;Errado
11. Adjetivos antepostos ao substantivo tendem a ter sentido conotativo.;Certo
12. “Velho amigo” tem sentido objetivo e denotativo.;Errado
13. Adjetivos pospostos ao substantivo tendem a ter valor descritivo.;Certo
14. Em “homem pobre”, o adjetivo é modalizador.;Errado
15. Em “pobre homem”, o adjetivo é subjetivo e expressa juízo de valor.;Certo
16. A posição do adjetivo pode alterar o sentido do enunciado.;Certo
17. Adjetivos nunca modificam o valor semântico de uma frase.;Errado
18. Adjetivos modalizadores expressam opinião e são refutáveis.;Certo
19. Juízo de valor é objetivo e verificável.;Errado
20. Juízo de fato é atestação e possui caráter objetivo.;Certo
21. O adjetivo pode atuar como elemento de coesão textual.;Certo
22. Adjetivos coesivos servem apenas para intensificar substantivos, sem relação textual.;Errado
23. O artigo é uma classe variável que acompanha o substantivo.;Certo
24. O artigo, isoladamente, possui valor semântico próprio.;Errado
25. O artigo definido individualiza o substantivo.;Certo
26. O artigo indefinido generaliza ou indetermina o substantivo.;Certo
27. “O capital” e “a capital” exemplificam mudança de sentido por gênero do artigo.;Certo
28. O artigo sempre funciona como adjunto adverbial.;Errado
29. Morfologicamente, o artigo varia em gênero e número.;Certo
30. Sintaticamente, o artigo exerce função de adjunto adnominal.;Certo
31. “O aluno estudioso” contém um artigo definido.;Certo
32. “Um aluno estudioso” contém um artigo definido.;Errado
33. O artigo indefinido marca referência específica e conhecida.;Errado
34. Os artigos podem se contrair com preposições como a, de, em e por.;Certo
35. “Da escola” é exemplo de contração entre preposição e artigo.;Certo
36. “Num lugar” é forma incorreta, pois não se admite contração com artigo indefinido.;Errado
37. A fusão entre a preposição “a” e o artigo “a” resulta em crase.;Certo
38. Não ocorre contração da preposição com artigo em títulos de obras.;Certo
39. A preposição se contrai com o artigo antes de sujeito de verbo no infinitivo.;Errado
40. Alguns gramáticos aceitam a contração antes de sujeito de verbo no infinitivo.;Certo
41. O artigo pode ser confundido com pronomes oblíquos átonos.;Certo
42. Pronomes oblíquos átonos sempre acompanham substantivos.;Errado
43. O artigo antecede substantivos, enquanto pronomes oblíquos acompanham verbos.;Certo
44. O pronome demonstrativo pode ser substituído por “aquele” ou “aquilo”.;Certo
45. O numeral “um” pode indicar quantidade e vir acompanhado de “só” ou “apenas”.;Certo
46. O pronome indefinido “um” substitui substantivo em oposição a outro.;Certo
47. O artigo nunca se confunde com numeral ou pronome.;Errado
48. O artigo definido marca especificidade do substantivo.;Certo
49. O artigo indefinido indica conhecimento prévio do ser mencionado.;Errado
50. A identificação correta do artigo é essencial para evitar confusão com outras classes.;Certo
O artigo vem sempre imediatamente antes do substantivo.;Errado
2. Entre o artigo e o substantivo podem aparecer outros determinantes, como adjetivos ou pronomes.;Certo
3. Em “As grandes crises econômicas”, o termo “grandes” é adjetivo.;Certo
4. O artigo só pode anteceder substantivos.;Errado
5. O artigo pode preceder advérbios, numerais e pronomes sem mudar a classe dessas palavras.;Certo
6. O artigo tem poder de substantivar outras classes gramaticais.;Certo
7. Em “O brasileiro é um forte”, o adjetivo “forte” foi substantivado.;Certo
8. Em “Estou entre o sim e o não”, os advérbios foram substantivados.;Certo
9. O artigo definido pode ter valor de pronome possessivo.;Certo
10. O artigo definido nunca tem valor de pronome demonstrativo.;Errado
11. O artigo definido indica totalidade de uma espécie.;Certo
12. O artigo é obrigatório em provérbios.;Errado
13. O artigo é dispensado antes de meses e datas, salvo quando especificados.;Certo
14. O artigo é usado antes de dias da semana.;Certo
15. O artigo é dispensável antes das estações do ano.;Errado
16. O artigo é usado em expressões de peso e medida.;Certo
17. “Casa” sempre exige artigo, mesmo sem especificação.;Errado
18. O artigo é usado com “casa” quando há especificação ou sentido comercial.;Certo
19. “Terra” exige artigo quando está em oposição a “bordo”.;Errado
20. “Terra” aceita artigo quando se refere ao planeta.;Certo
21. O uso do artigo antes de nome próprio indica familiaridade ou afetividade.;Certo
22. O artigo é obrigatório diante de nomes célebres.;Errado
23. É obrigatório o uso do artigo diante de “Virgem Maria”.;Certo
24. O artigo é usado antes de topônimos, especialmente quando especificados.;Certo
25. Pontos cardeais e colaterais nunca recebem artigo.;Errado
26. Pontos cardeais recebem artigo quando não indicam direção.;Certo
27. O artigo é usado depois do pronome indefinido “todos” seguido de substantivo.;Certo
28. “Todo o” indica totalidade, enquanto “todo” isolado indica generalização.;Certo
29. O artigo acompanha o pronome relativo “cujo”.;Errado
30. O artigo pode ter função intensificadora.;Certo
31. O artigo é usado antes de nomes de idiomas, exceto com verbos de aprendizado.;Certo
32. É obrigatório o artigo em construções com “até a”.;Certo
33. O artigo definido pode ser omitido para dar ideia de rapidez ou acumulação.;Certo
34. O artigo indefinido é usado para indicar generalização ou desconhecimento.;Certo
35. O artigo indefinido não pode referir-se a uma espécie inteira.;Errado
36. “Um homem não pode fraquejar” exemplifica uso genérico do artigo indefinido.;Certo
37. O artigo indefinido pode indicar quantidade aproximada.;Certo
38. O artigo indefinido pode expressar ênfase ou depreciação.;Certo
39. O artigo indefinido pode anteceder nome próprio para valorizar ou comparar.;Certo
40. “Era uma Afrodite” mostra uso figurado do artigo indefinido.;Certo
41. O artigo indefinido pode retomar um termo já mencionado.;Errado
42. O artigo indefinido pode explicar ou detalhar um termo introduzido antes.;Certo
43. Normalmente, o artigo indefinido é omitido em apostos explicativos.;Certo
44. O artigo definido retoma informações já conhecidas no texto.;Certo
45. O artigo indefinido introduz novas informações no discurso.;Certo
46. O artigo definido indica falta de conhecimento compartilhado.;Errado
47. “A namorada” e “uma namorada” possuem o mesmo valor discursivo.;Errado
48. O artigo definido pressupõe conhecimento mútuo entre interlocutores.;Certo
49. O artigo indefinido cria expectativa de posterior retomada com artigo definido.;Certo
50. O uso incorreto entre artigos definidos e indefinidos não altera o sentido do texto.;Errado
O pronome sempre substitui o substantivo.;Errado
2. O pronome pode acompanhar o substantivo, funcionando como adjetivo.;Certo
3. Pronomes indicam as três pessoas do discurso.;Certo
4. O pronome não pode expressar posse, indefinição ou generalização.;Errado
5. Pronome substantivo substitui um substantivo ou está desacompanhado.;Certo
6. Pronome adjetivo acompanha um substantivo determinando-o.;Certo
7. Os pronomes pessoais retos não podem exercer função de sujeito.;Errado
8. Os pronomes retos podem ser predicativo do sujeito, vocativo ou aposto.;Certo
9. Pronomes retos nunca podem vir preposicionados.;Errado
10. Em casos excepcionais, pronomes retos de 3ª pessoa podem ser objeto direto.;Certo
11. Pronomes pessoais oblíquos átonos incluem me, te, se, nos, vos, o, a, os, as.;Certo
12. Lhe(s) indica objeto direto.;Errado
13. Os pronomes átonos podem sofrer transformações quando ligados a verbos terminados em -r, -s, -z ou ditongo nasal.;Certo
14. É aceitável misturar formas da 2ª e 3ª pessoa na mesma frase.;Errado
15. O pronome “nos” pode indicar sujeito coletivo ou estratégia de modéstia.;Certo
16. Pronomes pessoais oblíquos tônicos nunca são precedidos por preposição.;Errado
17. O pronome mim pode ser sujeito de um verbo no infinitivo.;Errado
18. Conosco e convosco são usados quando não seguidos de certos determinantes ou numerais.;Certo
19. Pronomes si e consigo podem referir-se a qualquer sujeito da frase.;Errado
20. Pronomes de tratamento como Vossa Senhoria indicam deferência.;Certo
21. Usa-se Vossa quando se fala sobre a pessoa e Sua quando se fala com a pessoa.;Errado
22. Você é classificado como pronome de tratamento.;Certo
23. Próclise ocorre quando o pronome oblíquo vem antes do verbo.;Certo
24. Próclise é obrigatória após palavras negativas, advérbios, conjunções subordinativas, pronomes relativos, indefinidos e interrogativos.;Certo
25. Ênclise ocorre quando há fator atrativo para o pronome.;Errado
26. Ênclise ocorre no início da oração sem atrativo, no imperativo afirmativo, no infinitivo não flexionado e no gerúndio.;Certo
27. Mesóclise ocorre no meio do verbo em qualquer tempo verbal.;Errado
28. Mesóclise é obrigatória no futuro do presente ou do pretérito do indicativo sem palavra atrativa.;Certo
29. Pronomes retos não podem ser vocativo.;Errado
30. Pronomes pessoais oblíquos tônicos sempre acompanham preposição.;Certo
31. Pronomes substantivos sempre acompanham substantivo.;Errado
32. Pronomes adjetivos nunca acompanham substantivo.;Errado
33. O uso de pronomes retos na 1ª pessoa do singular deve ser evitado em excesso por soar arrogante.;Certo
34. O plural de modéstia substitui o uso excessivo de “eu” por “nós”.;Certo
35. O pronome de 3ª pessoa nunca pode ser usado para deferência em requerimentos.;Errado
36. A uniformidade de tratamento exige manter a mesma pessoa na frase.;Certo
37. A forma “dela viajar” é sempre incorreta.;Errado
38. Pronomes tônicos mim, ti, si, consigo não podem exercer função de sujeito.;Certo
39. O pronome oblíquo átono “nos” não pode incluir o leitor.;Errado
40. O pronome oblíquo “lhe” indica objeto indireto.;Certo
41. Pronomes retos podem substituir objeto direto comumente.;Errado
42. Transformações de átonos incluem -lo, -la, -no, -na dependendo do verbo.;Certo
43. Você exige concordância verbal e possessiva na 2ª pessoa.;Errado
44. Você é usado apenas em contextos formais.;Errado
45. Ênclise e mesóclise nunca ocorrem no gerúndio.;Errado
46. Próclise pode ser causada por oração optativa.;Certo
47. Mesóclise é formal e rara na fala coloquial.;Certo
48. Pronomes oblíquos tônicos não sofrem colocação pronominal.;Errado
49. Pronomes de tratamento exigem flexão verbal na 3ª pessoa.;Certo
50. Pronomes pessoais retos podem ser usados em linguagem coloquial como objeto direto da 3ª pessoa sem restrições.;Errado
A colocação do pronome oblíquo átono é sempre obrigatória, sem casos facultativos.;Errado
2. Pronomes demonstrativos antes do verbo podem ter posição facultativa.;Certo
3. Em locuções verbais com particípio, o pronome sempre vem antes do verbo auxiliar.;Errado
4. Com infinitivo ou gerúndio, sem palavra atrativa, o pronome pode vir antes ou depois do verbo principal.;Certo
5. Pronomes possessivos concordam com o substantivo em gênero e número, mas se referem à pessoa do discurso.;Certo
6. O pronome “seu” não pode gerar ambiguidade em nenhum contexto.;Errado
7. O artigo é obrigatório antes do pronome possessivo substantivo.;Certo
8. Pronomes indefinidos referem-se à 1ª pessoa do discurso de forma genérica.;Errado
9. “Cada” é sempre pronome adjetivo.;Certo
10. A posição de alguns pronomes indefinidos pode alterar seu sentido.;Certo
"11. “Todo” sem artigo significa inteireza; com artigo, significa qualquer.";Errado
12. Muitos indefinidos podem se transformar em advérbios se modificarem verbos, adjetivos ou advérbios.;Certo
13. Pronomes interrogativos exprimem questionamento e podem ser diretos ou indiretos.;Certo
14. “Que” é sempre conjunção integrante, nunca pronome interrogativo.;Errado
15. Pronomes demonstrativos indicam posição temporal ou espacial do ser em relação ao falante ou ouvinte.;Certo
16. Este(a/s) e isto indicam proximidade do ouvinte.;Errado
17. Pronomes demonstrativos podem assumir valor endofórico: catáfora ou anáfora.;Certo
18. Pronomes relativos não introduzem oração subordinada adjetiva.;Errado
19. A preposição sempre deve vir antes do pronome relativo se o verbo exigir.;Certo
20. O pronome “quem” se refere a pessoas e sempre vem preposicionado.;Certo
21. “Cujo” pode ser precedido de artigo.;Errado
22. “Onde” só retoma antecedente locativo.;Certo
"23. “Como” retoma antecedente de modo, maneira, forma ou jeito; “quando” retoma temporal.";Certo
24. Pronomes têm função discursiva de coesão textual, podendo ser endofóricos ou exofóricos.;Certo
25. Pronomes dêiticos incluem pronomes pessoais da 1ª e 2ª pessoa e pronomes demonstrativos.;Certo
26. Pronomes relativos nunca são anafóricos.;Errado
27. Pronomes relativos sempre retomam termos anteriores, sendo anafóricos.;Certo
28. O principal foco de provas sobre pronomes inclui oblíquos átonos, demonstrativos e relativos.;Certo
29. Em locuções verbais, o pronome nunca pode vir depois do verbo principal.;Errado
30. A posição facultativa do pronome não depende de sujeito explícito antes do verbo.;Errado
31. Com palavra atrativa, o pronome pode vir antes do auxiliar ou depois do verbo principal.;Certo
32. Pronomes demonstrativos podem ser classificados como o(s)/a(s) quando substituíveis por isto, isso ou aquilo.;Certo
33. O pronome possessivo pode indicar estimativa, indefinição, ironia, cortesia, intimidade ou realce.;Certo
34. Artigo definido é obrigatório antes do pronome possessivo adjetivo.;Errado
35. Pronome indefinido “amigo algum” indica sentido negativo.;Certo
36. Pronomes interrogativos nunca podem ser usados em oração indireta.;Errado
37. Pronome relativo “que” pode substituir outros relativos para evitar ambiguidade.;Certo
38. Pronomes demonstrativos não podem indicar distribuição temporal ou espacial.;Errado
39. Função endofórica inclui catáfora e anáfora.;Certo
40. Pronomes exofóricos/dêiticos se referem a elementos do texto apenas.;Errado
41. “Este” pode ter valor catáfora, antecipando algo que será dito.;Certo
42. “Esse” pode ter valor anáfora, retomando algo já mencionado.;Certo
43. “Aquele” refere-se ao termo mais próximo citado.;Errado
44. Pronomes demonstrativos não têm valor distributivo.;Errado
45. Pronomes indefinidos nunca alteram sentido por mudança de posição.;Errado
46. Artigo antes do pronome possessivo substantivo é facultativo.;Errado
47. Pronomes relativos exigem sempre preposição se o verbo da oração adjetiva precisar.;Certo
48. Locuções verbais com infinitivo ou gerúndio permitem flexibilidade de posição do pronome.;Certo
49. “Cujo” não pode ser substituído por “que”.;Certo
50. Pronomes relativos têm valor anafórico e ajudam na coesão textual.;Certo
O verbo indica ação, estado, mudança de estado ou fenômeno natural, sempre com perspectiva temporal.;Certo
2. Palavras como substantivos e adjetivos que indicam ação ou estado são verbos.;Errado
3. O verbo varia morfologicamente em modo, tempo, número e pessoa.;Certo
4. A conjugação verbal não depende de mudança da forma infinitiva.;Errado
5. O verbo é sempre núcleo do predicado, inclusive no predicado nominal.;Errado
6. A língua portuguesa possui mais de 11.000 verbos.;Certo
7. Para concursos, não é necessário conhecer verbos derivados de ser, ter, ir e ver.;Errado
8. O modo indicativo expressa certeza, fato ou convicção.;Certo
9. O modo subjuntivo indica dúvida, hipótese ou subjetividade.;Certo
10. O modo imperativo indica apenas ordem e nunca sugestão ou súplica.;Errado
11. O tempo verbal situa o discurso no passado, presente ou futuro.;Certo
12. O subjuntivo possui os tempos presente, pretérito imperfeito e futuro.;Certo
13. O infinitivo tem noção temporal de presente.;Errado
14. O número verbal indica singular ou plural do sujeito.;Certo
15. A pessoa verbal indica falante, receptor ou referente.;Certo
16. O radical do verbo não é necessário para existir verbo.;Errado
17. Alomorfia ocorre em verbos irregulares, alterando o radical.;Certo
18. A vogal temática indica o modelo de conjugação e liga o radical às desinências.;Certo
19. O tema verbal é formado pelo radical mais a vogal temática.;Certo
20. As desinências modo-temporais marcam apenas modo do verbo, não o tempo.;Errado
21. As desinências do imperativo são iguais às do subjuntivo.;Certo
22. A desinência do particípio é -do.;Certo
23. As desinências número-pessoais marcam apenas número, não pessoa.;Errado
24. Algumas DNPs do pretérito perfeito são chamadas de cumulativas, por marcarem também modo e tempo.;Certo
25. Locução verbal é um conjunto de verbos que forma uma única unidade de sentido.;Certo
26. Na locução verbal, os verbos podem se referir a sujeitos diferentes.;Errado
27. O verbo auxiliar concorda em número e pessoa com o sujeito.;Certo
28. O verbo principal da locução carrega a noção de predicação verbal.;Certo
29. Verbos de voz formam a voz passiva, combinando ser, estar, ficar, viver, andar, ir, vir + particípio.;Certo
30. Verbos de tempo composto usam ter ou haver + particípio.;Certo
31. Verbos de aspecto indicam apenas início da ação.;Errado
32. Verbos modais indicam obrigação, possibilidade, vontade, tentativa ou probabilidade.;Certo
33. O valor semântico dos verbos modais depende do contexto.;Certo
34. Verbos no infinitivo não participam de locuções verbais.;Errado
35. O radical do verbo pode sofrer alomorfia por eufonia.;Certo
36. Formas rizotônicas têm a sílaba tônica fora do radical.;Errado
37. Formas arrizotônicas têm a sílaba tônica fora do radical.;Certo
38. Verbo pôr e derivados pertencem à 1ª conjugação.;Errado
39. Não há vogal temática na 1ª pessoa do singular do presente do indicativo.;Certo
40. Desinências modo-temporais do imperativo aparecem na 2ª pessoa do singular.;Errado
41. Locução verbal permite o verbo principal no gerúndio, infinitivo ou particípio.;Certo
42. O verbo auxiliar sempre carrega o significado principal da locução.;Errado
43. Locuções verbais podem formar tempos compostos ou passiva.;Certo
44. Verbos modais são independentes de contexto para expressar valores semânticos.;Errado
45. Para identificar locução verbal, os verbos devem se referir ao mesmo sujeito.;Certo
46. O tema verbal nunca inclui a vogal temática.;Errado
47. As desinências número-pessoais marcam número e pessoa.;Certo
48. A flexão verbal é irrelevante para situar o tempo da ação.;Errado
49. O radical é o morfema lexical do verbo.;Certo
50. Verbos terminados em -ear, -iar e -uar fazem parte do acrônimo MARIO.;Certo
Evento instantâneo é aquele que não dura além de um momento.;Certo
2. O aspecto inceptivo indica o término de uma ação.;Errado
3. O aspecto cessativo apresenta o processo em sua totalidade, com conclusão.;Certo
4. O pretérito perfeito do indicativo se encaixa no aspecto permansivo.;Errado
5. O aspecto permansivo indica ação concluída cujos efeitos permanecem.;Certo
6. O aspecto genérico trata de verdades absolutas.;Certo
7. O aspecto iminencial indica que a ação já ocorreu.;Errado
8. O infinitivo flexionado admite variação de pessoa.;Certo
9. O infinitivo impessoal admite variação de pessoa.;Errado
10. O infinitivo normalmente vem depois de preposições indicando declaração.;Certo
11. O futuro do subjuntivo aparece após conjunções como se e quando.;Certo
12. O gerúndio termina em -ndo.;Certo
13. O gerúndio indica processo completo e instantâneo.;Errado
14. O gerúndio pode desempenhar funções de advérbio e adjetivo.;Certo
15. O gerundismo é considerado vício de linguagem quando indica continuidade adequada.;Errado
16. O particípio termina normalmente em -do.;Certo
17. Se a forma participial não indica ação, é apenas um adjetivo.;Certo
18. Na voz passiva analítica, o particípio não varia em gênero e número com o sujeito.;Errado
19. Na voz passiva sintética, o agente da passiva é sempre explícito.;Errado
20. Voz ativa ocorre quando o sujeito pratica a ação do verbo.;Certo
21. Verbos impessoais como “chover” podem ter voz ativa.;Errado
22. Na transposição de vozes, o objeto direto da ativa vira sujeito da passiva.;Certo
23. Na transposição, o sujeito da ativa vira agente da passiva.;Certo
24. A locução verbal da passiva deve mudar o tempo do auxiliar em relação à ativa.;Errado
25. Verbos transitivos indiretos podem ser facilmente passados para voz passiva na língua culta.;Errado
26. Particípio pode expressar valores circunstanciais de tempo, concessão, condição e causa.;Certo
27. O infinitivo funciona apenas como verbo, nunca como substantivo.;Errado
28. O aspecto inceptivo/incoativo indica o início de uma ação.;Certo
29. O aspecto cessativo/conclusivo se refere à ação em sua totalidade concluída.;Certo
30. O aspecto permansivo indica ação instantânea e breve.;Errado
31. O aspecto genérico/universal trabalha com verdades absolutas.;Certo
32. O aspecto iminencial indica que algo está prestes a ocorrer.;Certo
33. Gerúndio composto é adequado para ações únicas e instantâneas.;Errado
34. O gerúndio simples indica processo durativo ou prolongado.;Certo
35. Particípio na voz passiva analítica concorda em gênero e número com o sujeito.;Certo
36. Verbos neutros como nascer podem ter voz ativa segundo alguns gramáticos.;Certo
37. Voz passiva sempre requer transitividade direta ou indireta.;Certo
38. Na voz passiva sintética, o pronome “se” é usado como apassivador.;Certo
39. Verbos impessoais podem ter voz passiva.;Errado
40. Na locução verbal passiva, o particípio deve manter gênero e número do sujeito.;Certo
41. Gerúndio pode desempenhar papel de advérbio.;Certo
42. O infinitivo pessoal não admite flexão de pessoa.;Errado
43. O futuro do subjuntivo é usado após preposições declarativas.;Errado
44. Aspectos verbais permitem expressar início, conclusão, permanência, verdades e iminência.;Certo
45. O gerundismo é considerado vício quando usado para ação instantânea.;Certo
46. Voz ativa só ocorre com verbos transitivos.;Errado
47. Particípio também pode atuar em locuções verbais de tempos compostos.;Certo
48. Na transposição de vozes, o verbo da ativa vira sempre um verbo no infinitivo na passiva.;Errado
49. O infinitivo impessoal geralmente aparece após conjunções como se e quando.;Errado
50. O gerúndio composto é adequado quando se quer indicar continuidade.;Certo
Voz reflexiva ocorre quando o sujeito pratica e sofre a ação do verbo ao mesmo tempo.;Certo
2. O pronome reflexivo funciona sempre como sujeito da oração.;Errado
3. Reflexiva recíproca normalmente ocorre no singular.;Errado
4. Verbos essencialmente pronominais não podem ser conjugados sem o pronome oblíquo átono.;Certo
5. Os tempos primitivos incluem presente do indicativo, pretérito perfeito do indicativo e infinitivo impessoal.;Certo
6. O presente do subjuntivo é derivado do pretérito perfeito do indicativo.;Errado
7. O futuro do subjuntivo é derivado do infinitivo impessoal.;Certo
8. O imperativo afirmativo inclui a 1ª pessoa do singular.;Errado
9. Imperativo negativo copia o presente do subjuntivo e é precedido de termos negativos.;Certo
10. Uniformidade de tratamento exige manter a pessoa do discurso ao longo da frase.;Certo
11. Tempos compostos ativos usam ter/haver + particípio.;Certo
12. Tempos compostos passivos usam ter/haver + sido + particípio.;Certo
13. Falsa locução composta ocorre quando o particípio forma locução verbal com sentido próprio.;Errado
14. Modo indicativo exprime certeza.;Certo
15. Presente do indicativo pode ser usado como presente histórico.;Certo
16. Pretérito perfeito indica ação passada incompleta ou contínua.;Errado
17. Pretérito imperfeito indica ação passada não concluída, habitual ou contínua.;Certo
18. Pretérito mais-que-perfeito indica fato anterior a outro passado e é comumente substituído pela forma composta.;Certo
19. Futuro do presente indica ação hipotética no passado.;Errado
20. Futuro do pretérito indica fato posterior normalmente hipotético a um fato no passado.;Certo
21. Modo subjuntivo aparece apenas em orações principais.;Errado
22. Subjuntivo expressa desejo, hipótese, incerteza e possibilidade.;Certo
23. Imperativo é usado para ordens, pedidos e exortações.;Certo
24. Correlação verbal exige coerência entre modos e tempos dos verbos em períodos compostos.;Certo
25. Padrão comum: presente do indicativo + presente do subjuntivo.;Certo
26. Padrão comum: pretérito perfeito do indicativo + futuro do presente do indicativo.;Errado
27. Padrão comum: pretérito imperfeito do subjuntivo + futuro do pretérito do indicativo.;Certo
28. Padrão comum: futuro do subjuntivo + futuro do presente do indicativo.;Certo
29. Reflexiva recíproca só ocorre com dois ou mais seres no singular.;Errado
30. Verbos essencialmente pronominais têm pronome opcional na conjugação.;Errado
31. Imperativo afirmativo é formado a partir do presente do indicativo e subjuntivo.;Certo
32. Uniformidade de tratamento permite misturar tu e você na mesma frase.;Errado
33. Futuro do subjuntivo indica hipótese ou ocorrência futura possível.;Certo
34. Pretérito imperfeito do subjuntivo se correlaciona com futuro do pretérito.;Certo
35. Falsa locução composta mantém sentido verbal unitário do particípio.;Errado
36. Tempos compostos do subjuntivo usam ter/haver + particípio.;Certo
37. Imperativo negativo é idêntico ao presente do indicativo precedido de não.;Errado
38. Voz reflexiva requer VTD ou VTDI acompanhado de pronome reflexivo.;Certo
39. Pronome reflexivo pode ser testado adicionando a mim/ti/si mesmo.;Certo
40. Reflexiva recíproca indica ação praticada e sofrida por uma só pessoa.;Errado
41. Verbos pronominais podem ser conjugados sem pronome oblíquo átono.;Errado
42. Futuro do presente indica fato posterior certo de ocorrer.;Certo
43. Pretérito perfeito indica fato passado cujos efeitos não perduram.;Errado
44. Presente do indicativo pode expressar fatos atemporais.;Certo
45. Pretérito imperfeito indica fatos habituais no passado.;Certo
46. Pretérito mais-que-perfeito sempre é preferido à forma composta.;Errado
47. Futuro do pretérito indica consequência hipotética atrelada a condição.;Certo
48. Correlação verbal permite misturar modos de forma semântica incoerente.;Errado
49. Subjuntivo futuro aparece em orações condicionais e temporais.;Certo
50. Imperativo pode ter valor condicional em certas construções.;Certo
Verbos regulares mantêm radical e desinências inalterados ao conjugar-se.;Certo
2. Verbos irregulares apresentam alteração no radical ou desinências, visível geralmente na 3ª pessoa do singular do presente do indicativo.;Errado
3. Verbos anômalos apresentam mais de um radical diferente.;Certo
4. Apenas o verbo ser é considerado anômalo.;Errado
5. Verbos defectivos não possuem conjugação completa, geralmente faltando 1ª pessoa do singular do presente do indicativo.;Certo
6. Todos os verbos unipessoais são defectivos.;Certo
7. Verbos abundantes têm apenas uma forma de particípio.;Errado
8. Verbos abundantes possuem formas diferentes de particípio para voz ativa e passiva.;Certo
9. Verbos pronominais podem ser conjugados sempre sem pronome.;Errado
10. Verbos vicários substituem outros verbos para evitar repetição.;Certo
11. Papéis temáticos indicam relação semântica entre verbo e elementos da frase.;Certo
12. Agente é quem sofre a ação do verbo.;Errado
13. Experienciador é quem passa por um estado psicológico.;Certo
14. Beneficiário é quem se beneficia ou é prejudicado pela ação.;Certo
15. Instrumento é o objeto usado pelo agente.;Certo
16. Verbos no presente do indicativo predominam em textos de narração.;Errado
17. Texto descritivo usa principalmente pretérito imperfeito do indicativo.;Certo
18. Textos injuntivos usam infinitivo impessoal e imperativo.;Certo
19. Dissertação emprega verbos no pretérito perfeito do indicativo para marcar verdade.;Errado
20. Verbos modalizadores em dissertação exprimem ponto de vista do locutor.;Certo
21. Advérbio pode indicar circunstâncias como modo, lugar, tempo, intensidade e causa.;Certo
22. Advérbios podem variar em gênero e número.;Errado
23. A única variação aceita do advérbio é em grau, feita por derivação.;Certo
24. Advérbio termina em -mente sempre modifica apenas verbos.;Errado
25. Advérbios podem atuar como adjunto adverbial.;Certo
26. Advérbios nunca podem modificar substantivos ou pronomes.;Errado
27. Advérbios de intensidade podem modificar adjetivos e outros advérbios.;Certo
28. Advérbios como não raramente podem indicar negação.;Certo
29. Advérbios iniciando oração terminada em -mente sempre se referem apenas ao verbo.;Errado
30. Em textos narrativos, o presente histórico pode ser usado para vivacidade.;Certo
31. Verbos defectivos podem ter conjugação completa em todos os tempos.;Errado
32. Particípio duplo é utilizado em abundantes apenas na voz ativa com ter/haver.;Certo
33. Formas regulares de particípio em abundantes são usadas com ser/estar/ficar na voz passiva.;Errado
34. Advérbios podem indicar subjetividade do enunciado.;Certo
35. Advérbios invariáveis não têm variação em grau.;Errado
36. Advérbios como todo e alerta têm variações aceitas por certos gramáticos.;Certo
37. Vicários são verbos que substituem substantivos para evitar repetição.;Errado
38. Advérbio pode modificar oração inteira, não apenas verbos.;Certo
39. Papéis temáticos incluem agente, alvo, instrumento, beneficiário e experienciador.;Certo
40. Instrumento sempre indica quem se beneficia da ação.;Errado
41. Verbos pronominais podem ser essencialmente ou acidentalmente pronominais.;Certo
42. Verbos essenciais pronominais têm pronome opcional.;Errado
43. Abundantes são verbos com mais de um radical.;Errado
44. Regulares podem ter alterações gráficas para manter sonoridade sem perder regularidade.;Certo
45. Texto injuntivo usa verbos no pretérito imperfeito para dar instrução.;Errado
46. Dissertação pode generalizar opinião usando 3ª pessoa.;Certo
47. Narração sempre usa presente do indicativo.;Errado
48. Advérbios podem expressar opinião do emissor.;Certo
49. Advérbios terminados em -mente não podem atuar como adjunto adverbial.;Errado
50. Advérbio bem pode indicar modo ou intensidade dependendo do contexto.;Certo
O vocábulo que, ligado a um adjetivo, pode funcionar como advérbio de intensidade equivalendo a quão.;Certo
2. Adjetivos adverbializados alteram sua forma quando modificam verbos.;Errado
3. O numeral primeiro pode ser considerado advérbio em certos contextos.;Certo
4. Advérbios terminados em -mente derivam de adjetivos femininos.;Certo
5. Advérbios terminados em -mente sempre indicam modo.;Errado
6. Quando houver vários advérbios terminados em -mente na mesma frase, apenas o último deve receber o sufixo por concisão.;Certo
7. Advérbios interrogativos incluem quando, como, onde e por que.;Certo
8. Advérbios relativos nunca remetem a antecedente.;Errado
9. Advérbio como pode indicar intensidade em frases exclamativas.;Certo
10. Advérbio para que é uma locução interrogativa de finalidade.;Certo
11. Advérbios de preço não existem na gramática normativa.;Errado
12. Locução adverbial é um conjunto de palavras com valor de advérbio, normalmente iniciadas por preposição.;Certo
13. Locuções adverbiais nunca indicam modo.;Errado
14. Circunstâncias adverbiais são sempre apenas sete: afirmação, negação, modo, tempo, lugar, dúvida e intensidade.;Errado
15. Advérbios de afirmação incluem sim, decerto e deveras.;Certo
16. Advérbios de negação incluem não, tampouco, nem e sequer.;Certo
17. Advérbios de modo podem indicar também conclusão, como assim.;Certo
18. Locuções adverbiais de modo incluem à toa, de cor e em vão.;Certo
19. Advérbios de tempo sempre indicam apenas passado, nunca futuro ou presente.;Errado
20. Advérbios de lugar respondem à pergunta onde.;Certo
21. Advérbios pronominais aqui e aí indicam exclusivamente lugar.;Errado
22. Advérbios de dúvida incluem acaso, porventura, talvez e quiçá.;Certo
23. Advérbio talvez exige subjuntivo quando anteposto, segundo gramática tradicional.;Certo
24. Advérbios de intensidade modificam substantivos ou pronomes.;Errado
25. Advérbios de intensidade incluem assaz, bastante, demais, mais, meio, todo e pouco.;Certo
26. Advérbio nada nunca modifica verbo, apenas funciona como pronome indefinido.;Errado
27. Circunstâncias como causa, concessão, conformidade, finalidade e condição são geralmente expressas por locuções adverbiais.;Certo
28. Locuções adverbiais de instrumento indicam objeto usado para realizar ação.;Certo
29. Locuções de meio e instrumento têm exatamente o mesmo valor semântico.;Errado
30. Advérbios podem expressar simultaneamente mais de uma circunstância, como tempo e negação.;Certo
31. Advérbios terminados em -mente derivam de substantivos.;Errado
32. Advérbios relativos atuam como pronomes quando remetem a um antecedente.;Certo
33. Locuções adverbiais nunca possuem substantivo como núcleo.;Errado
34. Advérbios podem ser usados em orações diretas ou indiretas.;Certo
35. Advérbios de intensidade podem ser confundidos com pronomes indefinidos, dependendo do contexto.;Certo
36. Advérbios de afirmação incluem com efeito e sem dúvida como locuções adverbiais.;Certo
37. Advérbios de negação sempre devem preceder o verbo na norma culta.;Errado
38. Advérbio nem pode funcionar como conjunção aditiva.;Errado
39. Advérbios de tempo incluem hoje, ontem, amanhã, já, logo e outrora.;Certo
40. Advérbios de lugar incluem aqui, lá, ali, fora e adentro.;Certo
41. Advérbios de dúvida incluem talvez, quiçá, porventura e acaso.;Certo
42. Advérbios de intensidade podem ser exagerativos, mas nunca graduativos.;Errado
43. Locuções adverbiais de finalidade incluem a negócios, por uma boa nota e a fim do primeiro lugar.;Certo
44. Advérbios terminados em -mente podem ser de tempo, modo, ordem, dúvida ou afirmação.;Certo
45. Advérbios de modo sempre indicam apenas como a ação é praticada.;Errado
46. Advérbios como assim podem indicar conclusão.;Certo
47. Locuções adverbiais de meio indicam o instrumento usado para realizar a ação.;Errado
48. Advérbios pronominais como aqui podem indicar também tempo.;Certo
49. Advérbios de intensidade como nada modificam apenas substantivos.;Errado
50. Locuções adverbiais iniciadas por preposição normalmente indicam circunstâncias adverbiais.;Certo
Advérbios de exclusão só, apenas, somente e unicamente só são classificados como tal quando modificam verbos, adjetivos, outros advérbios ou orações.;Certo
2. A posição de um advérbio de exclusão na frase não altera seu significado.;Errado
3. Advérbios e locuções de inclusão incluem também, mesmo, além disso e ademais.;Certo
4. A palavra mesmo nunca atua como advérbio de inclusão.;Errado
5. Advérbios de consequência incluem consequentemente e consiguientemente.;Certo
6. Palavras denotativas modificam sempre o verbo, adjunto adverbial ou oração.;Errado
7. Tradicionalmente, um vocábulo que modifica um substantivo é considerado palavra denotativa.;Certo
8. Estudos modernos ignoram completamente a distinção entre advérbios e palavras denotativas.;Errado
9. Palavras denotativas de designação servem para apresentar um ser ou fato repentinamente, como eis.;Certo
10. Palavras denotativas de exclusão incluem apenas, salvo, só, somente, exceto e afora.;Certo
11. Palavras denotativas de inclusão incluem até, inclusive, mesmo, também e ademais.;Certo
12. O sentido da palavra até nunca é alterado pela posição antes ou depois do substantivo.;Errado
13. Palavras denotativas de explicação incluem isto é, ou melhor, por exemplo, a saber e ou seja.;Certo
14. Palavras denotativas de realce são expletivas e podem ser retiradas sem prejuízo sintático ou semântico.;Certo
15. Advérbio ainda é sempre considerado partícula expletiva.;Errado
16. Palavras denotativas de retificação incluem aliás, ou melhor, digo e perdão.;Certo
17. Advérbios podem ser intensificados apenas por outro advérbio.;Errado
18. Comparativo de igualdade é expresso por tão... quanto/como.;Certo
19. Comparativo de superioridade é formado por mais... que.;Certo
20. Comparativo de inferioridade é formado por menos... que.;Certo
21. Advérbios bem e mal formam melhor e pior no comparativo de superioridade.;Certo
22. Superlativo absoluto sintético é formado com sufixo -íssimo ou -issimamente.;Certo
23. Superlativo absoluto analítico é formado com advérbio de intensidade modificando outro advérbio.;Certo
24. Advérbios bem e mal não possuem formas no superlativo absoluto sintético.;Errado
25. Formas como mais bem e mais mal só são aceitas antes de particípios ou adjetivos.;Certo
26. Gradação coloquial de advérbios pode ser feita por repetição, prefixos, sufixos e expressões metafóricas.;Certo
27. Advérbios dêiticos referem-se a algo fora do texto, ligados ao momento da enunciação.;Certo
28. Advérbios anafóricos referem-se a algo que será dito no texto.;Errado
29. Advérbios catafóricos referem-se a algo que será dito posteriormente no texto.;Certo
30. Advérbios desempenham papel importante na coesão textual.;Certo
31. Advérbios modalizadores exprimem apenas circunstâncias de modo ou tempo.;Errado
32. Advérbios de modalização epistêmica indicam avaliação sobre o valor de verdade do que se diz.;Certo
33. Asseverativos indicam que o falante considera o conteúdo verdadeiro.;Certo
34. Quase asseverativos relativizam a certeza do conteúdo.;Certo
35. Delimitadores estabelecem os limites de interpretação do conteúdo.;Certo
36. Advérbios terminados em -mente não podem ter valor modalizador.;Errado
37. Consequentemente e consiguientemente são advérbios de consequência.;Certo
38. Advérbios de inclusão nunca podem ter valor de afirmação.;Errado
39. O advérbio só pode ser denotativo ou de exclusão, nunca de afirmação.;Errado
40. A posição de advérbios de exclusão não influencia a ligação ao constituinte seguinte.;Errado
41. Advérbios podem variar em grau por sufixos aumentativos ou diminutivos.;Certo
42. Advérbios bem e mal no superlativo absoluto sintético tornam-se ótimo e péssimo.;Certo
43. Advérbios modalizadores apenas alteram o sentido do verbo, nunca o do enunciado.;Errado
44. Advérbios podem ter valor anafórico, catafórico ou dêitico no discurso.;Certo
45. Palavras denotativas de situação incluem afinal, agora, então e mas.;Certo
46. Aliás é usado apenas como advérbio de tempo.;Errado
47. Advérbios modalizadores podem expressar estado emocional ou ponto de vista.;Certo
48. Delimitadores como geograficamente, basicamente e humanamente orientam a interpretação do leitor.;Certo
49. Advérbios quase asseverativos incluem provavelmente, possivelmente e talvez.;Certo
50. Advérbios modalizadores nunca são terminados em -mente.;Errado
Advérbios modalizadores deônticos indicam que o falante considera algo obrigatório ou necessário, como obrigatoriamente e necessariamente.;Certo
2. Advérbios de persuasão têm a função de expressar obrigação do falante.;Errado
3. Advérbios modalizadores afetivos exprimem opinião emotiva ou julgamento de valor do falante.;Certo
4. Focalizadores servem para realçar uma expressão dentro da frase, como especialmente, exatamente, unicamente e sobretudo.;Certo
5. Advérbios afetivos são os menos cobrados em concursos públicos.;Errado
6. Preposição estabelece relações de sentido, mas seu sentido depende do contexto.;Certo
7. Preposições têm sentido fixo e não variam conforme o contexto.;Errado
8. Morfologicamente, a preposição é uma palavra invariável que liga palavras ou orações.;Certo
9. Preposições podem exercer função sintática diretamente na frase.;Errado
10. A preposição introduz complementos verbais ou nominais e participa na construção de adjuntos.;Certo
11. Preposição sempre inicia a frase quando deslocada.;Errado
12. Para identificar uma preposição, deve-se conhecer suas formas e perceber o contexto em que aparecem.;Certo
13. Preposições essenciais incluem a, ante, após, até, com, contra, de, desde, em, entre, para, per, perante, por, sem, sob, sobre e trás.;Certo
14. Preposições acidentais são palavras de outras classes gramaticais que atuam como preposições em um contexto específico.;Certo
15. Exemplos de preposições acidentais incluem como, conforme, durante, mediante, menos, salvo, exceto, afora, tirante, senão, exclusive, inclusive, visto, malgrado, mesmo e que.;Certo
16. O sentido das preposições acidentais nunca varia conforme o contexto.;Errado
17. Inclusive é uma preposição acidental que indica inclusão.;Certo
18. Visto e malgrado podem indicar causa e concessão, respectivamente.;Certo
19. A preposição que entre ter e infinitivo indica possibilidade.;Errado
20. As preposições per e trás caíram em desuso, mas aparecem em expressões fixas como per si e por trás de.;Certo
21. As contrações pelo e pela não derivam da preposição por + artigo.;Errado
22. A preposição após pode ser usada acidentalmente como advérbio, significando atrás ou depois.;Certo
23. A forma pra é considerada própria da língua culta formal.;Errado
24. É correto confundir até como preposição com até como advérbio de inclusão.;Errado
25. Preposições essenciais precedem pronomes oblíquos tônicos.;Certo
26. Preposições acidentais precedem pronomes pessoais do caso reto.;Certo
27. Advérbios focalizadores realçam uma expressão dentro da frase e são os menos cobrados em concursos.;Errado
28. Advérbios modalizadores persuasivos realçam algo já conhecido para convencer o interlocutor da veracidade.;Certo
29. Advérbios modalizadores afetivos não aparecem em provas de concurso.;Errado
30. Advérbios deônticos indicam obrigação ou necessidade.;Certo
31. Preposições podem ligar palavras, palavras a orações ou orações entre si.;Certo
32. Preposições acidentais nunca iniciam adjuntos adverbiais.;Errado
33. Preposições essenciais incluem a, ante, após, até, com, contra, de, desde, em, entre, para, per, perante, por, sem, sob, sobre e trás.;Certo
34. A preposição mesmo pode indicar concessão em certos contextos.;Certo
35. Preposições essenciais precedem pronomes pessoais do caso reto.;Errado
36. Preposições acidentais como salvo, exceto, afora indicam formas de exclusão.;Certo
37. O sentido das preposições acidentais não depende do contexto.;Errado
38. A preposição que, entre ter e infinitivo, indica obrigação.;Certo
39. As formas pra (de para) e para são consideradas forma formal da língua.;Errado
;
| 40;
;
;
;
;
;
Advérbios focalizadores como especialmente, exatamente, unicamente e sobretudo realçam expressões dentro da frase.;Certo
Advérbios modalizadores persuasivos expressam opinião emotiva.;Errado
Advérbios afetivos como felizmente, curiosamente, sinceramente e lamentavelmente são os mais vistos em provas.;Certo
Advérbios deônticos indicam juízo de valor emocional.;Errado
A correta interpretação de advérbios permite distinguir caráter descritivo ou subjetivo no discurso.;Certo
Advérbios focalizadores não realçam nenhuma expressão na frase.;Errado
Preposições têm função apenas morfológica, nunca semântica.;Errado
A preposição com não tem sentido em alguns contextos, funcionando como mero conector.;Certo
Morfologicamente, a preposição é variável conforme o contexto.;Errado
Sintaticamente, a preposição participa da construção de adjuntos adverbiais ou adnominais.;Certo
Combinação ocorre quando a preposição se une a outra palavra sem perda fonética, como a + o = ao.;Certo
Contração ocorre quando a preposição se junta a outra palavra sem perda fonética.;Errado
Crase é uma contração da preposição a com artigo feminino ou pronome demonstrativo iniciado por a.;Certo
Contrações antes de verbo no infinitivo são recomendadas na norma culta.;Errado
A locução prepositiva é sempre formada por advérbio + preposição.;Errado
Locuções prepositivas iniciam com frequência adjuntos adverbiais.;Certo
A locução prepositiva “a nível de” é considerada correta pela maioria dos gramáticos.;Errado
Locuções de concessão incluem apesar de, a despeito de, sem embargo de.;Certo
“Não obstante” é a única locução prepositiva de concessão terminada em preposição.;Errado
Expressões como “frente a” e “face a” são unanimemente aceitas pela norma culta.;Errado
Pode ocorrer acúmulo de preposições como de até, por sobre, com até para efeito expressivo.;Certo
Expressões como dentro de, perto de e longe de são consideradas advérbios seguidos de preposição por todos os gramáticos.;Errado
Preposições de valor relacional são exigidas por verbos, substantivos, adjetivos ou advérbios.;Certo
Preposições de valor nocional são sempre exigidas por verbos ou nomes.;Errado
Relação necessária ocorre quando a preposição é exigida sintaticamente pelo termo subordinante.;Certo
Relação fixa indica que a preposição é obrigatória em todos os contextos.;Errado
Relação livre (posvérbio) ocorre por razões estilísticas, acrescentando matiz ao verbo transitivo direto.;Certo
Preposições de valor nocional indicam principalmente tempo, lugar e noção como causa, modo ou instrumento.;Certo
O valor nocional da preposição nem sempre coincide com o valor do adjunto adverbial que ela introduz.;Errado
Exemplo de valor nocional da preposição a para causa: morrer à fome.;Certo
Exemplo de valor nocional da preposição a para instrumento: desenhar a lápis.;Certo
Exemplo de valor nocional da preposição a para modo: produtos a granel.;Certo
Exemplo de valor nocional da preposição a para limite: margem de erro de 1% a 3%.;Certo
Exemplo de valor nocional da preposição a para preço: a cem reais.;Certo
Exemplo de valor nocional da preposição a para finalidade: correu a ajudar.;Certo
Exemplo de valor nocional da preposição a para tipo: barco à vela.;Certo
Exemplo de valor nocional da preposição a para meio: a cavalo.;Certo
Exemplo de valor nocional da preposição a para matéria: quadro a óleo.;Certo
Exemplo de valor nocional da preposição a para distância: estou a 200 m.;Certo
Exemplo de valor nocional da preposição a para medida: comidinha a quilo.;Certo
Combinação e contração são sinônimos no contexto prepositivo.;Errado
Crase ocorre apenas com a preposição a antes de artigo masculino.;Errado
Locuções prepositivas podem ser formadas por preposição + substantivo + preposição.;Certo
Locução prepositiva “por meio de” indica concessão.;Errado
Locução prepositiva “em virtude de” indica causa.;Certo
Locução prepositiva “ao invés de” indica oposição.;Certo
Acúmulo de preposições como “por sobre” é considerado erro absoluto.;Errado
Expressões “frente a” e “face a” têm divergência entre gramáticos quanto à aceitação.;Certo
Preposições de valor relacional indicam apenas valor semântico, sem exigência sintática.;Errado
Posvérbios acrescentam sentido estilístico, não sintático, ao verbo.;Certo
Valor nocional de preposições inclui instrumentos, meios e finalidades.;Certo
Valor relacional de preposições é opcional, dependendo do estilo.;Errado
Relação necessária ocorre quando a preposição é exigida pelo verbo ou substantivo.;Certo
Relação fixa indica que a preposição é exigida apenas em alguns casos por estilo.;Certo
Relação livre é chamada de posvérbio por Bechara e Nascentes.;Certo
Preposição a com valor nocional nunca indica tipo ou matéria.;Errado
Preposição a com valor nocional pode indicar preço, finalidade e distância.;Certo
Locução prepositiva “não obstante” pode funcionar como locução conjuntiva adversativa ou concessiva.;Certo
Locução prepositiva deve sempre terminar em preposição essencial.;Certo
Locuções prepositivas nunca iniciam adjuntos adverbiais.;Errado
A repetição de preposições é sempre obrigatória em sequências de termos coordenados.;Errado
A repetição de preposição torna-se obrigatória quando garante clareza, diferenciando significados.;Certo
Verbos como chegar, ir, voltar, levar e dar exigem a preposição em para indicar lugar.;Errado
Usa-se aos domingos para indicar repetição de um fato.;Certo
Na construção ter/haver + infinitivo, a forma ter que é privilegiada na norma culta.;Errado
Preposições como por, para, a, sem e ao seguidas de infinitivo podem expressar causa, finalidade, condição/concessão ou tempo.;Certo
Preposições e locuções prepositivas não têm função de coesão textual.;Errado
A conjunção é invariável morfologicamente.;Certo
A conjunção exerce função sintática, determinando sujeito e predicado da oração.;Errado
Conjunção estabelece relação lógica entre termos ou orações.;Certo
Conjunções também são chamadas de conectivo, síndeto e operador argumentativo.;Certo
Uma conjunção pode ser identificada apenas pelo seu posicionamento na frase.;Errado
Algumas conjunções podem mudar de posição, vindo no final da oração ou após o verbo.;Certo
Conjunções correlatas aparecem isoladas, sem formar unidade de sentido.;Errado
Locução conjuntiva é um grupo de palavras que desempenha o mesmo papel da conjunção.;Certo
Locuções conjuntivas nunca terminam em que.;Errado
Conjunções coordenativas ligam termos ou orações sintaticamente independentes.;Certo
Conjunções subordinativas ligam orações sintaticamente independentes.;Errado
Coordenativas podem ser retiradas da frase sem torná-la agramatical.;Certo
Subordinativas podem ser retiradas sem prejuízo sintático.;Errado
Correlação de conjunções envolve duplas que formam unidade de sentido.;Certo
Conjunção integrante é a única que não carrega sentido próprio.;Certo
Locuções conjuntivas e conjunções nunca são equivalentes em valor semântico.;Errado
A função semântica de uma conjunção pode ser de adição, oposição ou conclusão.;Certo
Morfologicamente, conjunções podem variar em número e gênero.;Errado
A conjunção “mas” indica oposição.;Certo
A conjunção “por isso” indica adição.;Errado
Conjunções não precisam estar entre termos conectados para manter seu valor lógico.;Certo
Conjunções deslocadas no período perdem totalmente seu valor de ligação.;Errado
Exemplos de conjunções deslocadas incluem: “voltem às onze, porém”.;Certo
A repetição da preposição deve ser obrigatória quando o artigo é repetido.;Certo
Preposições nunca são exigidas por verbos ou substantivos.;Errado
Locuções prepositivas iniciam frequentemente adjuntos adverbiais.;Certo
Preposição “a” é usada com verbos como chegar, ir e voltar para indicar lugar.;Certo
“Nos domingos” é a forma correta para indicar repetição de um fato.;Errado
Ter de + infinitivo é a forma recomendada na norma culta.;Certo
Preposições e locuções prepositivas podem ter valor nocional ou relacional.;Certo
Valor relacional indica apenas noção de tempo ou lugar, não exigência sintática.;Errado
Preposições podem conectar palavras, orações ou ideias para coesão textual.;Certo
Função textual da preposição é limitada à ligação entre substantivos.;Errado
Conjunções subordinativas completam ou determinam a oração subordinada.;Certo
Conjunções coordenativas são obrigatórias para que a frase seja gramatical.;Errado
Locução conjuntiva “visto que” desempenha papel de conjunção subordinativa.;Certo
Locuções conjuntivas nunca substituem conjunções simples.;Errado
Conjunções invariavelmente aparecem no meio da frase.;Errado
Correlação de conjunções pode ocorrer em coordenadas e subordinadas.;Certo
Função de correlação é unir conjunções isoladas, sem sentido.;Errado
Conjunções e locuções conjuntivas podem ser cobradas em provas de concurso.;Certo
Conjunções morfologicamente invariáveis podem apresentar flexão sem prejuízo sintático, segundo todos os gramáticos.;Errado
Conjunção “e” expressa valor semântico de adição.;Certo
A conjunção “e” sempre indica apenas adição, sem outros valores semânticos.;Errado
Conjunções aditivas incluem e, nem, tampouco e correlações como não só… mas também.;Certo
A conjunção “mas” pode ser deslocada livremente na frase.;Errado
Conjunções adversativas indicam essencialmente oposição ou contraste.;Certo
“Não obstante” nunca é considerada locução concessiva.;Errado
Conjunções alternativas expressam ideia de exclusão, alternância ou opção.;Certo
“Ou” sempre indica exclusão e nunca inclusão ou retificação.;Errado
Conjunções conclusivas expressam ideia de conclusão ou consequência.;Certo
Conjunção “pois” antes do verbo é explicativa.;Certo
Conjunção “pois” depois do verbo é sempre explicativa.;Errado
Locuções conclusivas incluem “sendo assim” e “assim sendo”.;Certo
Conjunções subordinativas adverbiais integrantes incluem “que” e “se”.;Certo
Conjunção integrante carrega sempre sentido próprio na oração.;Errado
Conjunções causais exprimem razão ou causa de um efeito.;Certo
Conjunção “como” nunca pode ser causal.;Errado
Locução causal “na medida em que” não deve ser confundida com “à medida que”.;Certo
Conjunções comparativas expressam contraste e oposição.;Errado
Correlações comparativas usam termos como mais… que, melhor… que, menor… que.;Certo
Conjunções concessivas indicam contrariedade sem invalidar a ideia.;Certo
Locuções concessivas terminadas em que vêm seguidas do subjuntivo.;Certo
Conjunções condicionais expressam apenas causa, nunca hipótese.;Errado
Conjunção “sem que” indica condição ou concessão.;Certo
Conjunções conformativas expressam acordo ou conformidade.;Certo
Conjunções consecutivas indicam efeito, resultado ou consequência.;Certo
Nas correlações consecutivas, todo termo é conjunção.;Errado
Conjunções finais exprimem finalidade ou propósito.;Certo
Locuções finais como “de modo que” nunca indicam finalidade.;Errado
Conjunções proporcionais indicam proporcionalidade ou simultaneidade.;Certo
“À medida que” é correto apenas para proporcionalidade.;Certo
Conjunções temporais não indicam tempo, apenas condição.;Errado
Conjunção “desde que” é temporal quando seguida de verbo no indicativo.;Certo
Relações entre termos existem apenas com a conjunção, sem ela não há sentido.;Errado
Valor argumentativo das conjunções permite contraponto de ideias.;Certo
O domínio de conjunções não influencia coesão ou coerência textual.;Errado
Conjunção “e” pode assumir sentido adversativo em certos contextos.;Certo
Conjunções subordinativas adverbiais nunca têm correlações.;Errado
Locuções conclusivas podem ser formadas por grupos como “de modo que”, “de forma que”.;Certo
Conjunções explicativas normalmente aparecem antes de verbos no imperativo.;Certo
“Pois” explicativo e “pois” conclusivo são usados da mesma forma.;Errado
Conjunções temporais podem ter matiz condicional ou concessivo.;Certo
Conjunções causais sempre exigem verbo no subjuntivo.;Errado
Correlações comparativas só incluem o termo “mais… que”.;Errado
Conjunções finais como “para que” indicam intenção ou objetivo.;Certo
Conjunções proporcionais podem ser usadas em correlações iniciadas por quanto mais/menos…;Certo
Conjunções temporais sempre exigem verbo no indicativo.;Errado
Conjunções adversativas podem expressar compensação ou ressalva.;Certo
Locuções concessivas como “não obstante” sempre exigem indicativo.;Errado
Conjunções condicionais podem implicar consequência certa.;Certo
Conjunções subordinativas adverbiais expressam apenas finalidade.;Errado
Domínio das conjunções facilita reescrita de frases e pontuação correta.;Certo
