;
The conjunction “however” could be replaced by “nevertheless”.;Errado.
“Not only... but also” indicates a correlative conjunction.;Certo.
“Several” specifies an exact quantity.;Errado.
“The decomposition of the mummies adds to the effect...”;Certo.
The conjunction “while” introduces a purpose.;Errado.
“Terrifying” conveys intense fear and is formed from “to terrify”.;Certo.
In “The poems are quite short”, “quite” modifies “short”.;Certo.
The adjective “rapid” could be replaced by “quickly”.;Errado.
“Comfortable” is in the superlative form.;Errado.
In “This evolution resulted in benefits,” “evolution” is the subject.;Certo.
In the sentence, “bit” indicates an insignificant detail.;Certo.
“Hope” is used as adjective and verb.;Errado.
The success of quantum computing companies depends on dealing with daily user complaints.;Errado.
“More closely” modifies the noun “singer”.;Errado.
Lusofalantes usam artigos incorretamente porque em português eles são mais frequentes.;Certo.
The main goal of quantum computing is improving classical computing power.;Errado.
Perfecting the physics of quantum computing is the primary challenge.;Certo.
“These” functions as a demonstrative adjective.;Certo.
“Though” can be replaced by “Even if” without affecting meaning.;Errado.
“Quick” and “easy” describe “communication”.;Certo.
“Often” can be replaced by “commonly”.;Certo.
“Polarising” describes social media as unifying.;Errado.
“Analysis”, “criteria”, “children”, “mice”, “trusses” are the plurals of the listed words.;Errado.
“At the café” translates as “no café”.;Certo.
“On” can indicate electronic media, locations, and surfaces.;Certo.
“Less people” is correct because “less” is used with countable nouns.;Errado.
“To”, “through”, “towards” are used exclusively with movement verbs.;Errado.
“For” indicates a period of time.;Certo.
“Her” and “this” are determiners.;Certo.
Connectors like “in addition”, “moreover”, “however”, “despite” organize ideas.;Certo.
“Rousing” means stirring, exciting.;Certo.
Prepositional verbs cannot be separated.;Certo.
“Easier” is a superlative adjective.;Errado.
"“Advice” is countable; “an advice” is correct.";Errado.
“However” can be replaced by “Therefore” without changing meaning.;Errado.
“Despite” can be replaced by “In spite of” maintaining meaning and correctness.;Certo.
“Responsible for” uses “for” correctly.;Certo.
It is correct to use “a” before vowel sounds, as in “a apple”.;Errado.
“Higher” is a comparative adjective.;Certo.
"“Respect” is a noun; “patient autonomy” is the object of “for”.";Certo.
“I will go to the beach if the weather is nice” is an example of coordinated conjunction.;Errado.
“The most important” is a superlative adjective.;Certo.
“With” is a conjunction modifying verbs.;Errado.
“Often” can be replaced by “seldom”.;Errado.
“Rogue” is used with the sense of dangerous, harmful.;Certo.
“19th” is cardinal and spelled “ninteenth”.;Errado.
There are four prepositions in the fragment.;Certo.
“History”, “functions”, “linguistic” modify “characteristics”.;Certo.
The comma after “memoirist” is incorrect because of “and”.;Errado.
The sentence contains comparative adjectives.;Errado.
“the most important” é um adjetivo no superlativo e segue a mesma regra de “the most powerful”, “the most comfortable” e “the most intelligent”.;Certo
“With” é classificado como conjunção e conjunções modificam verbos indicando a ação.;Errado
“often” é um advérbio de frequência e pode ser substituído corretamente por “seldom”.;Errado
O adjetivo “rogue” é usado com o sentido de perigoso, nocivo.;Certo
“19th” é número cardinal e pode ser escrito como “ninteenth”.;Errado
Há quatro preposições em: “By gathering data and conducting thorough analysis, they identify opportunities for energy efficiency, waste reduction, and resource optimization.”;Certo
“history”, “functions” e “linguistic” funcionam como modificadores de “characteristics”.;Certo
Na frase dada, há uso de adjetivos no comparativo.;Errado
Preposições de tempo e de lugar têm o mesmo significado independentemente do contexto.;Errado
Em “Only John and Mary can understand…”, “only” modifica a frase inteira.;Errado
Conjunções coordenativas unem orações independentes, frases ou palavras.;Certo
“biases” é usado como advérbio.;Errado
A vírgula após “memoirist” está incorreta por causa do “and”.;Errado
A frase “He sleeps late in night” está correta quanto ao uso da preposição “in”.;Errado
“out of” é um exemplo de preposição complexa.;Certo
“microbusinesses” segue a mesma regra de plural que “technologies” e “companies”.;Errado
Compostos aglutinados são como football, housekeeper e window.;Errado
“heavy-handedness” funciona como adjetivo.;Errado
“That COVID warped our perception of time” é oração subordinada substantiva subjetiva.;Certo
“an useful tool” está com artigo correto.;Errado
Formas plurais irregulares como “children” e “geese” fogem às regras padrão.;Certo
Nomes possessivos são corretamente descritos no enunciado.;Certo
O enunciado define corretamente a função dos substantivos.;Certo
“best” e “worst” são comparativos.;Errado
Evidence, furniture e money são contáveis.;Errado
Always, usually, often e rarely são advérbios de frequência.;Certo
shelfs, wolfs, sheeps são plurais corretos.;Errado
“cheaper” é superlativo.;Errado
“under” pode ser substituído por “below” sem mudança de sentido.;Errado
“since” pode ser substituído por “for” no período final.;Errado
“information” é incontável.;Certo
A frase pode ser completada corretamente com a preposição “by”.;Certo
Em “most legal protections”, “legal” é substantivo.;Errado
“better” é o comparativo de “good” e a frase está correta.;Certo
“from the financial crisis of 2007-09” é locução prepositiva.;Certo
“good at sports” está com preposição correta.;Certo
“my house is bigger than yours” usa comparativo corretamente.;Certo
O enunciado define corretamente o artigo definido “the”.;Certo
“Billie is playing his guitar always” está com advérbio corretamente posicionado.;Errado
A explicação sobre conjunções correlativas está correta.;Certo
A definição de advérbios de frequência está correta.;Certo
A definição de advérbios de modo está correta.;Certo
Em “A beautiful big white horse”, a ordem dos adjetivos está correta.;Certo
“effectively” e “profitably” são advérbios derivados de “effective” e “profitable”.;Certo
“attendant” é substantivo.;Certo
“hottest” segue mesma regra ortográfica de big e thin.;Certo
“good at playing soccer” está com preposição correta.;Certo
A explicação sobre substantivos coletivos está correta.;Certo
A ordem apresentada para os adjetivos está correta.;Errado
Em “They treated him roughly”, o advérbio está correto.;Certo
Na frase “Billie is playing his guitar always”, o uso do advérbio está correto?;Errado
Correlative conjunctions: o uso está correto no item apresentado?;Certo
“Always” é advérbio de frequência?;Certo
Em “They treated him roughly”, a forma do advérbio está correta?;Certo
Ordem dos adjetivos em “A beautiful big white horse” está correta?;Certo
“Effectively” e “profitably” derivam de “effective” e “profitable”?;Certo
“Attendant” é substantivo?;Certo
“Hottest” segue mesma regra ortográfica de “big” e “thin”?;Certo
Preposição “at” está correta em “he’s very good at playing soccer”?;Certo
Explicação sobre collective nouns está correta?;Certo
Ordem correta de adjetivos: opinion > size > age > shape > color > origin > religion > material > purpose > noun?;Errado
“Roughly” está corretamente formado?;Certo
Ordem correta em “beautiful Asian guttural primaeval native language”?;Errado
Plural de “mouse” é “mice”?;Certo
“Born on April” está correto?;Errado
Adjetivos gradable aceitam “very/quite/rather”?;Certo
Adjective clauses definidas corretamente?;Certo
“By” e “with” são advérbios?;Errado
“Rarely” é advérbio de frequência?;Certo
“Bounced back” é noun phrase?;Errado
Oposto de “rigorous” é “lenient”?;Certo
Explicação sobre countable/uncountable nouns correta?;Certo
“Although” expressa contraste?;Certo
Pode-se usar artigo indefinido antes de “information/advice/bread”?;Errado
Uso correto: AN umbrella, AN hour, A university?;Certo
“Coming back on September” está correto?;Errado
Explicação sobre adjective order correta?;Certo
“Yet” funciona como indicador de tempo?;Errado
Plural de “curriculum” é “curricula”?;Certo
“Wealthier” significa “less rich”?;Errado
Há três artigos indefinidos em “a teacher, a doctor, a politician”?;Errado
“Occasionally” significa ação frequente em curto período?;Errado
“Little” é usado com countable e uncountable?;Errado
“Cheaper” é superlativo?;Errado
“Impulsively”, “easily” e “disability” são advérbios?;Errado
“Throughout” significa “sobre”?;Errado
“Exacerbated” e “overwhelmed” são adjetivos no texto?;Certo
“About” em “look about the room” é advérbio?;Certo
“Quicker” e “better” são comparativos?;Certo
Oposto de “less energetic” é “more energetic”?;Certo
“However” significa “de qualquer maneira”?;Errado
“Families” segue mesma regra de “communities/agencies/supplies”?;Certo
Pode-se trocar “above” por “below” sem mudar sentido?;Errado
“Losses” é plural de “lose”?;Errado
“Widely/rapidly” são adverbs of manner?;Certo
“Easier” e “further” são ambos adjetivos?;Errado
“Tellingly” pode ser substituído por “convincingly”?;Errado
“Best” é superlativo de “good”?;Certo
Pode trocar “an” por “a” antes de “investment”?;Errado
“It’s” é contração de “it has”?;Certo
“Broad-leaved” não é adjetivo?;Errado
Pode-se substituir “above” por “below” sem mudar o sentido?;Errado
“Losses” é plural de “lose”?;Errado
“Widely” e “rapidly” são adverbs of manner formados de “wide” e “rapid”?;Certo
“Easier” e “further” pertencem à mesma classe de palavras (adjetivos)?;Errado
“Therefore” expressa concessão?;Errado
“Indeed” pode ser substituído por “nevertheless”?;Errado
“Most likely” é superlativo?;Errado
“Texting” é usado como substantivo?;Certo
“Therefore” introduz ideia de conclusão?;Certo
“Therefore” pode ser substituído por “thus”?;Certo
Plural de “business” é “businesses”?;Certo
“Then” significa “at that time”?;Certo
“Functions” é usado como substantivo?;Certo
“Therefore” pode ser substituído por “consequently”?;Certo
“A little” pode ser substituído por “few”?;Errado
“Then” substitui antecedente da crise econômica?;Errado
“Compared” pode ser usado com “with”?;Certo
“Within” significa “outside”?;Errado
“Thus” pode ser substituído por “hence”?;Certo
“Shopping” funciona como adjetivo?;Certo
“Arduous” e “árduo” são falsos cognatos?;Errado
“Largely” pode ser substituído por “seldom”?;Errado
“So” introduz conclusão?;Certo
“Constraints” pode ser substituído por “limitations”?;Certo
“Philosophical” é adjetivo formado por sufixo acrescentado a um substantivo?;Certo
“At present” é advérbio de lugar?;Errado
“Highly”, “frequently”, “critically” são advérbios?;Certo
“Amidst” pode ser sinônimo de “among”?;Certo
“By” tem o mesmo sentido que em “She travels by car”?;Errado
“In a tropical island” está correto?;Errado
Há quatro adjetivos na última frase do texto?;Errado
“Almost always” é advérbio de lugar?;Errado
“Mr. Ross loves reading about carnivorous plants.” Está correto?;Certo
Noun forms de strong, wise, high são strength, wizard, highly?;Errado
“19th” é cardinal?;Errado
Formas adjetivas de beauty, mother, courage são beautiful, motherly, courageous?;Certo
“But” expressa adição?;Errado
“She beautifully sings” está correto?;Errado
“Brightly” e “pretty” são adjetivo e advérbio, respectivamente?;Errado
“He was standing by the window” está correto?;Certo
“Simply” é advérbio?;Certo
“A circle” pode ser substituído por “the circle”?;Errado
“After” é preposição?;Certo
“Thinking” está no -ing por vir após preposição?;Certo
“As well as” é comparativo?;Errado
“One” é numeral?;Certo
The phrase “Digital workflow in dentistry has increased rapidly in recent years” uses the present perfect tense to show a recent action with present relevance.;Certo
“a real test of steel” conveys the idea of a major challenge ahead.;Certo
The word “emerging” functions as a verb.;Errado
The modal verb “can” in “can potentially witness” expresses permission.;Errado
“written” and “reproduced” are past participles used in passive voice constructions.;Certo
The present continuous “is revolutionizing” indicates a completed action.;Errado
The clause “although intense” is a full subordinate clause with explicit subject and predicate.;Errado
The word “hope” is used both as adjective and as verb.;Errado
“have seen” is in the present perfect tense.;Certo
The infinitive “to identify” suggests purpose.;Certo
“though” introduces a concessive clause.;Certo
The period contains verbs in the past perfect and past simple.;Errado
“intraoral” functions as a verb.;Errado
“While the committee was discussing the id proposal” is a noun clause functioning as the object of the verb.;Errado
“Let me tell you:” presents a verb in the imperative mood.;Certo
The verb “encourage” has a cognate in Portuguese: encorajar.;Certo
The last period represents a reported statement in indirect speech.;Certo
The auxiliary “will” expresses the idea of a plan already in progress.;Errado
“It is a perfect setup..., says the doctor” is correct direct speech.;Certo
Indirect speech must alter verb tenses to faithfully convey the message.;Errado
“suggest” and “recommend” are followed by infinitive (“I suggest to go”).;Errado
“Paula said she was tired.” is direct speech.;Errado
“whether” introduces two possibilities and can be replaced by “if” without change of meaning.;Certo
Modal verbs are the only exception to verb phrases without a verb as central element.;Errado
The subjunctive is only used in hypothetical situations and identical to the indicative except in the present.;Errado
“carried out” means to perform or complete a job.;Certo
“had been already resolved” is present perfect.;Errado
“must” always indicates obligation and cannot be replaced by “have to” without change.;Errado
“took off” is incorrect because phrasal verbs cannot be separated.;Errado
“Turn down” means to increase volume or intensity.;Errado
With collective nouns, the verb must be singular.;Certo
“He asked if it would be ok…” is incorrect reported speech.;Errado
Past perfect continuous is used exclusively to emphasize duration and cannot be used in passive.;Errado
In reported speech, pronoun variety does not occur.;Errado
In indirect speech, we use the tense immediately preceding the direct one.;Certo
In both fragments, “need” is a verb.;Certo
The sentences are in the past simple.;Errado
Past perfect continuous: had + been + -ing, focus on duration.;Certo
The word “fun” is a verb.;Errado
“has transformed” uses past simple.;Errado
“run into” means encounter unexpectedly.;Certo
“Scientists have connected…” is present perfect.;Certo
Passive voice cannot be used in all tenses and is formed with “be + past continuous form.”;Errado
The predominant tense is simple past.;Errado
The second panel has four different verb tenses.;Errado
“should” expresses a recommendation.;Certo
The two sentences in the first panel form reported speech.;Errado
“reaches” follows same spelling rule as watch/catch/wash.;Errado
“She asked if you were going home” is correct reported speech.;Certo
"In indirect speech, words must be reproduced exactly; in direct speech, only the meaning matters.";Errado
"O ""said"" e o ""told"" são formas no passado que utilizamos no discurso indireto. Ambos significam ""disse"", e são utilizados nas mesmas situações.";Errado
“My mother said that she loved the gift you gave her”: em discurso direto, deveria estar no simple present.;Errado
Em “The students must pass the exam…”, “must” expressa necessidade.;Certo
"""Give up"" significa parar de fazer algo ou desistir.";Certo
“Look forward to” expressa medo ou receio de evento futuro.;Errado
“Put off” significa adiar.;Certo
“Neither” sempre exige verbo no plural.;Errado
“Was” é simple past de “is”.;Certo
"""I would have gone to shop when I had some time"" usa corretamente “when” como past unreal conditional.";Errado
“If I had time, I would play…” usa corretamente o future real conditional.;Errado
"No reported speech, os tempos sempre recuam um tempo; “They asked where were you going?” está correto.";Errado
“We have been to the beach last summer” está no present perfect.;Errado
“Receiving”, “seeing”, “having” são present continuous.;Errado
“Brazilian graphic designers are increasingly explorin[g]” está no present progressive.;Certo
“Going back” funciona como phrasal verb.;Errado
Há apenas um present perfect no 1º parágrafo.;Errado
“Since” determina uso do present perfect continuous em “There have been concerns”.;Errado
A definição de valência verbal está correta.;Certo
Há cinco ocorrências do verbo to be no texto.;Errado
"O último período está no present perfect; “been” é particípio de “be”.";Certo
“Setting” em “it’s an ideal setting” é verbo no present continuous.;Errado
Há exemplos de present, past e future no quadrinho.;Certo
“Did” é simple past de “do”.;Certo
A definição sobre aspecto verbal está correta.;Certo
A forma verbal de “adaptation” é “adapt”.;Certo
“Began” está no simple past.;Certo
“Given the speed…” está no present progressive.;Errado
“We have kept…” está no present perfect e indica ação mantida.;Certo
Em “You should avoid…”, “should” pode ser substituído por “must” sem mudar sentido.;Errado
“Must” expressa possibilidade.;Errado
O último parágrafo está no present perfect para indicar plano de longo prazo.;Errado
Em “middling masters I held in contempt”, “held” é verbo.;Certo
“Was referring to” está no past progressive e “was” é forma singular.;Certo
“She read the book” pode ser simple present ou simple past.;Certo
A lacuna pode ser corretamente completada com “could”.;Certo
“Seek it out” é phrasal verb e significa procurar.;Certo
“Is defined by” está no simple past e expressa passado.;Errado
Há present simple e present perfect na frase.;Errado
“to reverse” é infinitivo.;Certo
Há present progressive em “innovators are working…”.;Certo
Em “offers online consultations…”, “offers” concorda com “consultations”.;Errado
“Apple announced…” está no simple present.;Errado
“Removed” pode ser substituído por “taken out”.;Certo
“Might” pode ser substituído por “should” sem mudança de sentido.;Errado
“Has been” é present perfect formado por have (present) + past participle.;Certo
“Explaining”, “learning”, “seeing” são present continuous.;Errado
"“No início do quarto parágrafo, ""It's"" = it has.”";Errado
“Might” pode ser substituído por “could”.;Certo
“This becomes extremely crucial…” está no simple present.;Certo
In the sentence: “if your pet is bleeding, or has eaten something toxic for instance”, there is an example of the Present Perfect Tense where “has” is the auxiliary verb that agrees with the subject “pet” and “eaten” is the past participle of the verb eat.;Certo
The excerpt ‘the most disadvantaged pupils are most likely to have been negatively affected by the impact of Covid-19’ would be correctly rewritten in indirect speech as: Dr Ian Collen said that the most disadvantaged pupils were most likely to had been negatively affected by the impact of Covid-19.;Errado
There is an example of the infinitive form in the sentence “Other features expected to arrive as part of iOS 15.4”.;Certo
The term “furthering” is the Present Participle form of further and it is related to distance, since further is the comparative form of far.;Errado
The term “unfold”, as used in line 17, is an intransitive verb.;Certo
In the sentence “If you’re thinking of selling your home”, there are more than one example of the present continuous tense.;Errado
In “people might infuriate others but are less likely to be stressed or depressed”, the verbs “stressed” and “depressed” are both in the Simple Past tense and refer to “people”.;Errado
In “MSF teams adapt our emergency responses to the unique needs of communities.”, the word “responses” is being used as a verb.;Errado
There is an occurrence of the past perfect tense in line 6.;Errado
The term “can” (line 6), as a modal verb, changes the meaning of the whole sentence, not only the meaning of the main verb.;Certo
The terms “measuring” and “understanding” are both in the present participle form, for the reason that both are preceded by a preposition.;Errado
In “Flooding from the Jari river has affected thousands of people”, “has affected” is in the present simple tense and expresses a fact.;Errado
“Language teaching was suspended by local education boards...” could be correctly rewritten as “local education boards suspended language teaching...”.;Certo
The term “could” (line 15) is the past tense of can.;Certo
In “Most of these services come with a caveat – since the vet’s examination of the pet is limited” there are two examples of the verb to be.;Certo
“have helped”, “has witnessed”, “has also ensured” are examples of the present perfect tense.;Certo
In “has continued”, the verb is in the present perfect tense.;Certo
In “It doesn't merely involve drawing a family tree”, the auxiliary “doesn't” agrees with “It”.;Certo
In “it doesn't work with sunglasses”, “doesn’t” was used to agree with “it”.;Certo
The word “did”, as used in line 8, is an auxiliary verb.;Certo
In “Even before COVID-19... we brought listings to buyers”, “brought” is the past tense of buy.;Errado
In “Even though the fighting had ended...”, there is an example of the present perfect tense.;Errado
The term “stressed” is a verb in the Past Participle form.;Certo
In “The government chose to adopt...”, “chose” can be correctly replaced by opt.;Errado
In “never back up any more than you absolutely have to”, the phrasal verb “back up” is synonymous with back down.;Errado
The verb “bursting” means appearing or suddenly becoming visible.;Errado
In the strip comic, “using” corresponds to a gerund form of to use.;Certo
In “vest upon”, the meaning is the same as give.;Certo
“quit making” could be correctly replaced with “quit to make”.;Errado
The word “satisfying” is the gerund form of to satisfy.;Certo
The infinitive form of “taught” is think.;Errado
In the text, “may” indicates permission.;Errado
“chop” and “fry” are used in the present continuous.;Errado
In the text, “If” introduces a conditional clause.;Certo
The predominant verb tense in this story is the simple past tense.;Certo
In “Health professionals can motivate...”, “can” expresses ability.;Certo
The word “felt” is the past of fall.;Errado
“Employed” is a verb in the past tense.;Certo
“Respected” is a verb in the simple past.;Certo
The modal “must” expresses the idea of obligation.;Certo
The modal “should” is used to express an idea of conditionality.;Errado
The indirect form of “Where is my mother?, she asked” is “She has asked where was her mother”.;Errado
“His life has been an inspiration” is in the simple past tense.;Errado
“He retired from politics in 1999” is in the past continuous.;Errado
In “who are opposed to oppression and deprivation”, the verb is in the passive voice.;Certo
In “they’re shaping it”, the verb is in the present continuous and to be is the auxiliary.;Certo
There are some modal verbs in the third paragraph.;Certo
The indirect form of “He said: I have always spent my vacation here” is: “He said that he had always spent his vacation there”.;Certo
In “That castle has stood on that hill for centuries”, the present perfect can be replaced by the present perfect continuous without change in meaning.;Errado
The verb “was born” is in the past perfect tense.;Errado
In the sentence ‘Let freedom reign.’ (R.23-24), ‘Let’ is in the imperative.;Certo
The verb “have” is in the present continuous because it’s an action that is happening at the moment of speaking.;Errado
There to be is the infinitive form of “There is”.;Errado
The verb “clearing” (l.7) can be correctly replaced by to clear.;Errado
The modal “could”, in “could be” (l.8), means that it was possible.;Certo
The verb “were” (l.2) would convey the same idea if it were replaced by had been.;Errado
The verb “hung” (l.13) is the past tense of to hang.;Certo
The verb “needed” (l.12) can be replaced by dared without changing the meaning.;Errado
The verbal tense “could be” (l.8) can be correctly replaced by must have been.;Errado
The phrase “They can be used as warmers” (l.12) is the passive voice of You can use them as warmers.;Certo
The modal “will”, in “hard work will bring” (l.41), can be correctly replaced by is going to.;Errado
The phrase “industry-leading firms”… could be replaced with leading industrial companies.;Errado
“unparalleled” could be replaced with unmatched.;Certo
“for instance” can be changed to for example.;Certo
“its” can be changed to it’s with no mistake.;Errado
“warns” could be replaced by alerts.;Certo
Replacing “sheer” with massive preserves meaning.;Errado
counterproductive exemplifies compounding rather than prefixation.;Errado
“unprecedented” is formed with un-, precede, and -ed (derivational + inflectional).;Errado
“whether” can be replaced by although.;Errado
“Furthermore” can be replaced with Besides that.;Errado
“Additionally” can be replaced with Moreover.;Certo
“intricacies” in the sentence is a false cognate.;Certo
"easy → readily; quickly → fast; lower → reduced.";Errado
“display” is a false cognate in the sentence.;Errado
“provide insights into” can be replaced with give an overview of.;Errado
Researchers were aware of the tattoos but could not discern the designs.;Certo
“entirely” could be replaced with completely.;Certo
“report” can be changed to journalist.;Errado
“willingness” can be replaced by goodwill.;Errado
“improve” can be changed to enhance.;Certo
“otherworldly” is a synonym for abstract.;Errado
“definite” could be replaced with clear.;Certo
“most” could be replaced by more.;Errado
“However” can be replaced with Nevertheless.;Certo
“while” can be replaced with whereas.;Certo
Rephrasing the sentence about strategic game is correct.;Certo
Replacing “have lowered” with lowered makes the sentence wrong.;Errado
“more than” can be replaced with over than.;Errado
Statement about inflectional vs derivational suffixes.;Certo
“even at the expense of sheer quality” can be replaced with the proposed paraphrase.;Certo
“These are foods that you cannot make at home” → which you cannot make at home.;Certo
“eventually” and “eventualmente” are false cognates.;Certo
ESP courses are mainly for high-proficiency students, focused only on specialized vocabulary.;Errado
“therefore” can be replaced with Thus.;Certo
competition, other, offensive are false cognates.;Errado
“resourcefulness” = resource + -ful + -ness.;Certo
Rewriting the sentence with “Additionally” is valid.;Certo
Cognates have same origin, similar spelling, same meaning with small differences.;Certo
“jeopardize” has similar meaning to enhance.;Errado
“making” used with sense of writing.;Errado
“ensuring” could be replaced with to make sure.;Certo
“leveraged” means took advantage of.;Certo
adopted could replace “commandeered” without contradiction.;Errado
“Unfortunately” could be replaced by Luckily.;Errado
“resilient”, “adaptable”, “push” are false cognates.;Errado
Paraphrasing the excerpt about “lest… be crowded out…” is correct.;Errado
“It licenses a kind of international spoils system” → “It spoils the international system”.;Errado
“short for massive open online courses” → “which stands for massive open online courses”.;Certo
Rewriting last sentence of paragraph with “Accordingly…” maintains meaning.;Certo
;
;
;
;
;
Although conveying different notions and images, the word adopted could replace the word “commandeered” without contradicting the main idea of the sentence.;Errado
The word “leveraged” can be correctly understood as took advantage of.;Certo
“Unfortunately” can be replaced by “Luckily” without changing the meaning.;Errado
The words “resilient”, “adaptable” and “push” are Portuguese false cognates.;Errado
The excerpt “lest the well-known masterpieces be crowded out...” can be replaced with “to avoid leaving the well-known masterpieces out...” maintaining coherence.;Certo
“It licenses a kind of international spoils system” could be replaced with “It spoils the international system” without altering meaning.;Errado
“In a nutshell” could be correctly replaced with “Briefly”.;Certo
“short for massive open online courses” can be replaced with “which stands for massive open online courses”.;Certo
The last sentence of the second paragraph could be rewritten as the given version about cave artists avoiding crude depictions.;Certo
The word “narrator” has a cognate in Portuguese.;Certo
“data”, “information”, “honor”, “image” are examples of false cognates.;Errado
“prompted” conveys the same idea as “restrained”.;Errado
The word “their” refers back to “sectors”.;Certo
“nor” could be correctly replaced with “or”.;Errado
The word “dog” has a similar meaning to “trouble”.;Certo
“stretch” (abstract) and “stretchy” (concrete) convey different meanings.;Certo
“churn out” could be replaced with “crank out”.;Certo
Adding prefixes in impossible, extraterrestrial, autobiography transforms them into words with opposite meanings.;Errado
The word “gauge” has a meaning similar to “estimate”.;Certo
“likely” is a synonym for “certainly”.;Errado
“far-reaching” means “to have great influence or many effects”.;Certo
“sarcasm”, “cultural” and “cemeteries” are English-Portuguese cognates.;Certo
“Wreckage” is synonymous with “speed”.;Errado
“to solve a health problem” can be replaced with “to resolve a health problem”.;Certo
The word “bad” fills correctly the gap in “She speaks Spanish _____”.;Errado
“Insightful” could be replaced by “exceptional”.;Errado
“skip” means the same as “struggle”.;Errado
The particle “dis-” in “disconnect” is a suffix.;Errado
The text mingles formal and colloquial vocabulary such as “street cred”.;Certo
“widened” is synonymous with “expanded”.;Certo
“Out of sync” could be replaced by “equally”.;Errado
“Technological change” can be replaced by “Changes in technology” without altering meaning or subject-verb agreement.;Certo
“Under the aegis of” is the same as “to face strife”.;Errado
“Permissible” is the same as “allowable” or “permitted”.;Certo
“Overshadowed” means “made less noticeable”.;Certo
The -s ending in “ills” and “events” is pronounced the same way.;Certo
The suffix “-ish” in “leftish” adds the notion “somewhat/tending to”.;Certo
“Because of acidification...” can be rewritten as “In spite of acidification...”.;Errado
The particle “un-” in “unstated” and “unseen” is a derivational morpheme.;Certo
“Commute” means to travel regularly between home and work.;Certo
Dutch culture exerted appeal because the rest of the country saw themselves reflected in those artistic expressions.;Certo
In “has to keep things in order”, “has” could be replaced with “must” without changing meaning.;Certo
“Especially”, “inconclusive” and “substances” are Portuguese false cognates.;Errado
“Malala loved learning and going to school” could be rewritten as “Malala loved to learn and to go to school”.;Certo
“Fernández started his career as a cowboy after completing a stuntman course...” can be rewritten as starting the career first and completing the course after.;Errado
“In addition” can be replaced by “Therefore”.;Errado
“misinformation”, “misleading” and “helpfulness” are formed by adding a prefix and a suffix to the base word.;Certo
“reliant” could be replaced by “dependent” without change in meaning.;Certo
“fancy” could be replaced with “whim” without changing meaning.;Errado
“maintenance”, “medication” and “patients” have noun-forming suffixes.;Certo
In line 7, the expression “there are no constraints in their contacts” means that their contacts remain regular.;Errado
The term “stall” (line 6) could be correctly replaced with stop, without changing the meaning.;Certo
The phrase “better suited to” means more able to meet the requirements of.;Certo
“Despite” is synonymous with In spite of.;Certo
“Swiftly” and “speedily” both mean quickly.;Certo
“Allegiance” could be replaced with loyalty without changing the meaning.;Certo
Vidal admits that, unlike himself, Alec Guinness and Terry Southern are not nostalgic.;Certo
In “regularly disclose”, the verb “disclose” is close in meaning to make something known publicly.;Certo
“Forestalled” could be replaced by prevented without changing the meaning.;Certo
“Bound” could be replaced by constrained without changing the meaning.;Errado
“Both” refers to the antecedent “double business bound”.;Certo
“Breach” could not be replaced by severance in any of the lines without changing the meaning.;Certo
“Thus” can be correctly replaced by However.;Errado
In “inviting them”, “them” can be replaced by they.;Errado
“Likely” means the same as probably.;Certo
“Appreciated” could be replaced with enjoyed without changing the meaning.;Errado
The verb hamper can be correctly replaced by impede.;Certo
The first speaker in the text is praying only for forgiveness.;Errado
“Enables … to access” can be rewritten as “allows … to access” without changing meaning.;Certo
“Newspapers”, “uncomplicated” and “ownership” are examples of suffixation.;Errado
“Crave” could be correctly replaced with dream.;Errado
“Stuntman” means a man who performs dangerous actions instead of an actor.;Certo
“Revenues” could be replaced by renewals without change in meaning.;Errado
“Yet” is synonymous with However.;Certo
“Therefore” could be replaced by Henceforth without changing meaning.;Errado
“Liable” could be replaced by liar without changing the meaning.;Errado
“Enable” is synonymous with lead to.;Errado
Artistic expressions of Dutch culture would have been transient without non-elite Dutch support.;Certo
“A step forward” can be replaced by “a step back” without change in meaning.;Errado
In Vidal’s opinion, Joe Alsop was not likeable.;Certo
Portuguese trade-network expansion was enabled by technical solutions, not product nature.;Certo
“Patchwork” conveys the idea of a seamless system of regional markets.;Errado
“The lesser evil” indicates the Portuguese were seen as less of a threat than East Asian pirates.;Certo
The purpose segment can be rewritten with must be used without changing meaning.;Errado
“Considerable” and “considered” can be used interchangeably in the sentences.;Errado
“Eventually” is a false cognate and can be replaced by finally.;Certo
“Regardless of education levels” can be rewritten as despite of education levels.;Errado
“Infuriate” cannot be substituted by annoy.;Errado
“That” can be replaced by which without change in meaning.;Certo
“Quandary” could be replaced by dilemma without change in meaning.;Certo
“Foes” could be replaced with business counterparts.;Errado
“Who” can be replaced by that or which.;Errado
“Propertied nation” refers to Dutch sovereignty.;Errado
“Audit” is synonymous with audition.;Errado
In British English, “behavior” → “behaviour”, “realize” → “realise”.;Certo
“Meanwhile” can be replaced by for the time being.;Errado
“Often” can be replaced by seldom without change in meaning.;Errado
“More straightforward” could be replaced by less complex without changing meaning.;Certo
The Portuguese contributed to lure invaders to Chinese shores.;Errado
Despite setbacks, the Portuguese maintained commercial presence in parts of China.;Certo
In line 41, the word “foes” could be replaced with business counterparts without changing the meaning of the sentence.;Errado
In line 9, the expression “propertied nation” refers to the sovereignty of the Dutch nation.;Errado
In British English, the words “behavior” and “realize” are more commonly spelled “behaviour” and “realise”, respectively.;Certo
In the sentence “The Taliban were strict Muslims who demanded that all people follow Islamic Sharia law.” (line 11), “who” is a relative pronoun and can be substituted by that or which.;Errado
In lines 10 to 12, “this is more straightforward when no formal breach of relations has taken place”, “more straightforward” could be replaced by less complex without changing the meaning.;Certo
The Portuguese contributed to lure invaders to Chinese shores.;Errado
The word “Meanwhile” (line 26) can be correctly replaced by the expression For the time being.;Errado
The word “often” (line 43) can be replaced by seldom, without changes in meaning.;Errado
"In “it can be unsafe”, the prefix un- has the same meaning as in unusual; undeniable; underground.";Errado
Despite setbacks in handling relations with China, the Portuguese have maintained commercial presence in parts of China.;Errado
The word “branch” (line 1) is synonymous with ramification.;Errado
In “negative responses to narcissism can overlook…”, “overlook” could be replaced by omit.;Errado
“It saps our ability to be fully present” could be rewritten as “It reduces our ability…”.;Certo
In the first paragraph, the word “It” refers to “a source of standards”.;Certo
In “The government chose…”, “chose” can be correctly replaced by opt.;Errado
Melanocytes are hair follicles which create color shades in hair and skin.;Errado
In “foreign companies”, “foreign” is synonymous with strange.;Errado
The word “servings” is close in meaning to portions.;Certo
The word “business” (line 7) only refers to economic transactions.;Errado
“It’s impossible not to admire” can replace “You can’t help but admire”.;Certo
“trapped” and “caught” can be considered synonyms in the text.;Certo
“capitalization” and “punctuation” are visual elements related to the syntax of written speech.;Errado
“to be entrusted with” means “to be affected by”.;Errado
“no one asked him to be ‘original’” uses inverted commas because originality did not exist in Egyptian art.;Certo
“shook the iron bars of the Egyptian style” means “to raise the required artistic standards further”.;Errado
In the last paragraph, the word “who” refers to “Aladim”.;Errado
Prefixes in insoluble and unfair are similar to prefix in unreliable.;Certo
“Yet” can be substituted for “Even so” without change in meaning.;Certo
“to pretend” is synonymous with dissimulate.;Certo
In “vest upon”, the meaning is “give”.;Certo
Profoundly is a synonym of superficially.;Errado
“hindered” can be replaced by “set back”.;Certo
“novel character” means “fictional, not based on real life”.;Errado
“-isms” is used to represent political ideologies and artistic movements.;Certo
In line 3, “their” refers to “venerable principals”.;Errado
“fall into place” means “to begin to make sense or to fit together”.;Certo
“of no great concern” means “having little importance”.;Certo
“sprang” is synonymous with originated.;Certo
“very” is synonymous with extremely.;Certo
“since” can be replaced with “as long as”.;Errado
“doubt” and “folly” have the same meaning.;Errado
“nevertheless” introduces an idea of condition.;Errado
“Granted” is used to acknowledge something before commenting on it.;Certo
“likely” is synonymous with lovely.;Errado
“after his god” means “prostrated himself in front of the deity”.;Errado
“whom” can be replaced with “who” informally, but their roles differ.;Certo
“it” refers to “Ferranti Mark 1”.;Certo
In context, “actual” means present.;Errado
“reports” refers to written records of accomplished work.;Certo
“even-handed” is a synonym of impartial.;Certo
The phrase “Bound to” (line 36) means “forced to keep a promise to”.;Errado
In “They strain towards this objective”, “strain” is synonymous with “move”.;Errado
“Trade-offs” (line 27) means “bad deals”.;Errado
“to dwarf the” (line 36) could be replaced with “that contribute to”.;Errado
“swathes” (line 1) can be replaced with “areas”.;Certo
“few” can be correctly replaced by “little” without change of meaning.;Errado
“tributaries” means “afluentes”.;Certo
“When you’re shopping or walking...” expresses the subjunctive in Portuguese.;Errado
The first sentence presents more than four cognates with Portuguese.;Certo
“revisit” can be replaced with “reconsider”.;Certo
“the text didn’t read the same” refers to different meanings in Amharic and Italian.;Errado
“laid the groundwork for” can be replaced with “prepared”.;Certo
“largess” can be replaced with “generosity”.;Certo
The text contains cognates such as aquatic, arboreal, forests, degradation.;Certo
“improve” corresponds to “improvisar”.;Errado
“prospects” can be replaced with “chances” or “possibilities”.;Certo
“bestow” could be replaced with “exchange”.;Errado
“cram” can be correctly replaced by “force”.;Certo
An antonym for “unavailability” is “dearth”.;Errado
A “smelter” is used for shaking.;Errado
“Throughout” and “Although” are synonyms.;Errado
“sanctuary or fulfillment … grail” could be replaced with “refuge or satisfaction … prize”.;Certo
“former” refers to someone who created the Treaty.;Errado
“arduous” and “árduo” are false cognates.;Errado
“blast” (line 3) can be replaced with “number”.;Errado
“havoc” and “ravages” both mean devastating destruction.;Certo
“positive” (ℓ.9) conveys the meaning of good, optimistic.;Certo
“hasten” is synonymous with “hurry”.;Certo
“can” in “54 elevators can get you to the top” expresses possibility.;Certo
“on the other hand” means “alternative”.;Errado
“singled out” is synonymous with “selected”.;Certo
“render” means “to make”.;Certo
“More often than not” means “usually”.;Certo
“Mostly” is synonymous with “Particularly”.;Errado
“At the present time” expresses the same idea as “Actually”.;Errado
“captivated.”;Certo
“within” is used as the opposite of “outside”.;Certo
“eccentric.”;Certo
“economic” could be replaced by “economical” without change in meaning.;Errado
“obtain more” could be replaced by “accrue”.;Certo
“colorful.”;Certo
“range” can be replaced by “measure”.;Errado
The authors consider “new statecraft” too simplistic.;Certo
“Furthermore” is a correct alternative for “Besides”.;Certo
“sleuth” is used in a disparaging way.;Errado
“users’” and “user’s” have significantly different meanings.;Certo
“resulted from” could be replaced by “arose out of”.;Certo
“Across the pond” could be replaced by “Overseas”.;Certo
“appreciate” means like or enjoy.;Errado
“However” is a correct alternative for “Yet”.;Errado
A little is considered a correct alternative for “a few” in “a few channels”.;Errado
“along with” can be correctly replaced with “after a long time”.;Errado
"The word ""field"" means the same as ""sphere"".";Certo
“on a par with” means competing.;Errado
“aegis” could be replaced by “auspices”.;Certo
“neat twist” refers to the irony described.;Certo
“come to grief” means to end in failure.;Certo
In “some 380 million people”, “some” means more than.;Certo
“all over the world” is synonymous with worldwide.;Certo
“hold their tongue with” = “uphold their dialect against”.;Errado
“does away with” means eliminates.;Certo
“convey”.;Certo
“clad” and “quaffing” = “dressed” and “sipping”.;Certo
Replacing the passage with the proposed version causes no change in meaning.;Certo
“rarely” means seldom.;Certo
“contingent” is synonymous with necessary.;Errado
“genial” means unusually intelligent.;Errado
“parents” is a cognate for “parentes”.;Errado
“unsparingly” can be replaced by unmercifully.;Certo
“homework” is synonymous with housework.;Errado
“determine”.;Certo
“compelling” could be replaced by thorough.;Errado
“compare”.;Certo
“ascertain”.;Certo
“touted” means questioned.;Errado
“spheres”.;Certo
“blew me away” could be replaced by “blew me up”.;Errado
“myriad” is synonymous with intricate.;Errado
“winds down” means ends gradually.;Certo
“Orientalist” could be replaced by “Orientalists”.;Errado
“some” can be correctly replaced by “any”.;Errado
“aging” means growing old.;Certo
“through” can be replaced by “though”.;Errado
“each” can be replaced by “every”.;Certo
“are used to” = are accustomed to.;Certo
“glitches” is synonymous with malfunctions.;Certo
“could” can be replaced by “can” with no change in meaning.;Errado
“offshoot” means origin.;Errado
“immediately” means soon after leaving.;Errado
“cluttered” is synonymous with scratched.;Errado
“robust” can be replaced by effective.;Certo
“umpteen” could be replaced by torn.;Errado
“bungling” can be replaced by recovery.;Errado
“hard-to-reach” is an adverb meaning incomprehensible.;Errado
“retrieve” is synonymous with apply.;Errado
“fine” describes the Maritime Union of Australia.;Errado
“i.e.” = “isto é / ou seja”.;Certo
“bean-counters” refers to second-class agribusiness accountants.;Errado
Tradução do trecho sobre o Guardian e o Washington Post está correta.;Errado
Tradução de “There’s a lot to see…” está correta.;Certo
“in the first place” (l.7) means basically the same as to start with.;Certo
The author used “On the other hand” (l.16) to connect two different ideas.;Certo
“non-Western societies” (l.17) and “Elsewhere in the world” (l.15) refer to basically the same thing.;Certo
In line 1, “actual” can be correctly replaced by up-to-date.;Errado
The word “average” (l.1) is used as an expression related to time.;Errado
In “Sleeping in class declined, as did self-reported depression”, “as” indicates that depression also declined.;Certo
“magic bullet” (l.23) could be replaced by cure-all, wonder drug or perfect solution without change in meaning.;Certo
"Replacing “for all the” (l.6) with despite the keeps the meaning; replacing with if there is does not.";Certo
“allay” (l.3) is a verb meaning reduce or ease.;Certo
“The ensuing revelations and Snowden’s flight to Russia infuriated the Obama administration” = As revelações subsequentes e o voo de Snowden deixaram Obama furioso.;Certo
“average person” = ordinary person.;Certo
In “that’s not an audit, that’s a joint venture”, “that” refers to the same firm auditing a client for too long.;Certo
In “therefore”, the idea expressed is “in consequence of that”.;Certo
“In India we had assigned seats...” = Na Índia, nós tínhamos assentos designados...;Certo
“I was already confused because in India the teachers switch classes according to periods.”;Certo
“Or duck into the sculpture garden...” = Ou ver os patos no jardim de esculturas...;Errado
No change in meaning if “need not be seen” is replaced with must not be seen.;Errado
“non-living” is synonymous with unliving.;Certo
“Start by taking the Metro...” translation given.;Certo
“by no means” = not at all.;Certo
Translation of “They also embarrassed the intelligence community...”;Certo
“Tiredness” can be replaced with Fatigued.;Errado
Replacing “explains the basic rationale...” with the proposed paraphrase keeps the meaning.;Errado
“parties” can be translated as interessados.;Certo
“not to be missed” = não deve ser perdido, not “não vai se perder”.;Errado
“Rather than” introduces a contrast.;Certo
In “overheard”, “over” emphasizes the act of hearing.;Errado
“smoothly” means cautiously.;Errado
Last sentence translation about Brazil at the forefront of generic AIDS drugs.;Certo
“I went to my second period class...” = No primeiro dia fui para minha aula do segundo período...;Errado
“With anxiety on one hand and fear on the other...”;Certo
Translation of “He gave me a sheet called Course Requirements...”;Certo
“People used to think” suggests they no longer think so.;Certo
In “their emotional state”, “their” refers to Ethan Kross and colleagues.;Errado
“that conventional view” refers to the theory of single-origin in Africa.;Certo
“beleaguered” is synonymous with besieged.;Certo
“outperform” = surpass.;Certo
“ensure” can be replaced by make certain.;Certo
“foresight” = neglect.;Errado
“should” and “must” can be used interchangeably in the text without invalidating the plea.;Errado
“the world over” = in some parts of the world.;Errado
“patentees” = patent holders.;Certo
“one-size-fits-all” means long-term and drastic.;Errado
“in spite of all this” can be replaced by despite of all this.;Errado
“incidentally” is a more formal equivalent of by the way.;Certo
“timeworn” could be replaced by “old” without changing meaning.;Certo
In paragraph 1, “trepidation” means:;B – fear, or nervousness
“property” can be replaced by “propriety” without distorting the meaning.;Errado
“Nor” means not either.;Certo
“get their way” means are given the place they demand.;Errado
The word “However” (l.11) expresses an idea of contrast.;Certo
The term “onset” (l.16) could be replaced by peak without effecting a change in the original meaning of the text.;Errado
The word “But” (l.21) expresses the same idea as nevertheless.;Certo
The expression “For instance” (l.15-16) is used to introduce an example.;Certo
The term “actually” (l.17) means the same as presently.;Errado
In the text, “outperform” (l.25) is synonymous with surpass.;Certo
The word “reappraisal” (l.3) is the same as reassessment.;Certo
The term “figures” (l.3) could be replaced by representatives without changing the meaning.;Errado
The word “entrepreneurs” (l.30) refers to people who organize, operate, and assume risk for a business venture.;Certo
The preposition “amidst” (l.8) is synonymous with among.;Certo
The word “tangle” (l.8) can be correctly replaced by line.;Errado
The adverb “wittily” (l.6) is the same as aggressively.;Errado
The word “yet” (l.2) is synonymous with nevertheless.;Certo
The expression “Nor” (l.12) means not either.;Certo
The word “outbreak” (l.5) means sudden increase.;Certo
“surreptitious” (l.16) is synonymous with concealed.;Certo
The word “odd” (l.12) means deviating from what is expected.;Certo
The word “about” (l.23) is an adverb meaning approximately.;Certo
The phrasal verb “ought to be” (l.20) is used to indicate a condition.;Errado
“fray” (l.19) is synonymous with fighting.;Certo
The expression “strung up” (l.30) could be replaced by anxious without changing the meaning.;Errado
The pronoun “that” (l.19) could be correctly replaced by which.;Certo
The word “straightforward” (l.10) means complex.;Errado
“indulge” (l.2) could be correctly translated as permitir-se.;Certo
The translation of “standard grammar…” (L1–4) is correct.;Certo
“translational conundrums” can be translated as enigmas tradutórios.;Certo
The modal “should” (l.28) expresses conditionality.;Errado
The translation of “Standard spoken English grammar will…” (L16–19) is correct.;Errado
The word “rampant” (l.9) is the same as restrained.;Errado
“over the years” (l.7) is synonymous with “through decades” (l.8).;Errado
The term “creep in” (l.13) is synonymous with sneak in.;Certo
“cutting edge” (l.1) means different.;Errado
The word “hailed” (l.11) is synonymous with acclaimed.;Certo
The translation of “The typical sources of evidence…” (L6–8) is correct.;Certo
“hand over” (l.6) is the same as hand off.;Errado
The word “hence” (l.6) means also.;Errado
“However” (l.21) can be correctly replaced by notwithstanding.;Errado
The expression “red tape” (l.18) means official routine marked by excessive complexity causing delay.;Certo
The element “if” (l.7) could be correctly replaced by unless.;Errado
“the target language cannot be taught directly” means the teacher cannot teach the target language directly.;Certo
The pronoun “they” (l.10) refers to “Most English teachers”.;Certo
The modal “must” (l.10) expresses obligation.;Certo
The adjective “far-reaching” (l.23) could be replaced by extensive.;Certo
The translation of “Operating at all linguistic levels…” is correct.;Errado
In the text, “left out” (R.30) is the same as given up.;Errado
The fragment refers to expressing an unquestionable preference while rejecting others.;Certo
The word “rather” (l.25) can be translated as da mesma forma.;Errado
The word “through” (l.20) is the same as towards.;Errado
The sentence about stylistic factors (L23–26) is correctly translated.;Certo
Automated transactions of computer systems have now been readily replaced by personal observation.;Errado
;
;
;
means often supporting or opposing a particular person or thing in an unfair way by allowing personal opinions to influence your judgment.;Errado
“Operating at all linguistic levels (…) stylisticians analyze both the style of specific texts and stylistic variation across texts.” — Tradução apresentada está correta.;Certo
Automated transactions of computer systems have now been readily replaced by personal observation.;Errado
“With the caveat (…) provides a hypothetical one-dimensional variety.” — Tradução apresentada está correta.;Certo
The word “rather” (L.25) can be correctly translated as da mesma forma.;Errado
The word “Through” (l.20) is the same as towards.;Errado
can be correctly understood as the expressing of an unquestionable preference towards a particular subject or thing, while rejecting others.;Errado
The term “hope” (l.10) is synonymous with expect.;Errado
The word “biggest” (l.1) is the comparative of superiority of big.;Errado
“to put forward” (R.22) can be correctly replaced by define or establish.;Errado
“Look after” (l.16) means look ahead.;Errado
The expression “in addition” (l.12) means furthermore.;Certo
The word “may” (l.15) could be correctly substituted by must.;Errado
The modal verb “may” (R.20) expresses the idea of consequence.;Errado
In the text, the word “disparate” (L.2) is the same as distinct.;Certo
The relative pronoun “which” (l.17) could be correctly replaced by where.;Errado
“often” is synonymous with seldom.;Errado
“breadth” (l.19) is the same as breath.;Errado
the verb to tailor (l.20) is synonymous with to adapt.;Certo
“unheralded” (l.3) means expected.;Errado
“current” (l.11) can be correctly substituted by obsolete.;Errado
“every day” (l.14) can be rewritten as everyday.;Errado
“wear and tear” (l.6) means loss or damage resulting from ordinary use and exposure.;Certo
“actively serve” (l.9) means assist at work.;Errado
“useless” (L.28) means having no purpose.;Certo
“requiring” (L.44) can be replaced by which require without changing meaning.;Errado
“wary” is synonymous with cautious.;Certo
“gobble” (l.22) is synonymous with swallow.;Certo
“wonder” (l.13) is the same as wander.;Errado
The treaty (…) came into force right away.;Errado
“three-prong plugs” are plugs with three prongs.;Certo
“shortage” (l.1) can be correctly replaced by abundance.;Errado
“to get by” (l.3) means to survive.;Certo
“layperson” can be correctly translated as leigo.;Certo
“entrepreneurs” means people who organize, operate and assume risk for a business venture.;Certo
“upgrading” (l.11) can be replaced by improving.;Certo
“puzzling” (l.5) is synonymous with baffling.;Certo
“snapped” (L.6) means took a quick photograph.;Certo
“redundant” (l.24) means not needed.;Certo
“ill-fated” (l.1) is synonymous with doomed.;Certo
“undermine” (l.2) is the same as reinforce.;Errado
In “a former manager”, former can be translated as anterior.;Errado
The verb to plunge means to thrust/throw suddenly downwards.;Certo
“strain” (l.14) means strategy.;Errado
“due to physical weaknesses” (l.9) is synonymous with because of.;Certo
“rowdy” (l.5) is synonymous with quiet.;Errado
“outcome” (l.25) is closest in meaning to upshot.;Certo
“glanced” (l.8) can be replaced by bounced without change in meaning.;Errado
“cracks” (l.8) means breakage.;Certo
“In addition” (l.7) means Furthermore.;Certo
“coming up” (L.5) is synonymous with happening soon.;Certo
"""featured"" (l.11) means included among people as an important figure.";Certo
"""along with"" (l.1) means together with.";Certo
"""In fact"" (l.5) is synonymous with as a matter of fact.";Certo
"""confidential"" (l.8) is the same as secret.";Certo
"""much"" (l.1) can be replaced by many.";Errado
"""surplus"" (l.16) is synonymous with product.";Errado
The public sector is besieged by those who pay taxes.;Certo
“should not” (l.18) could be correctly replaced by may not.;Errado
"""issues"" (l.11) means points in question.";Certo
"""compounded"" (l.9) is synonymous with improved.";Errado
"""frequently"" (l.18) is the opposite of seldom.";Certo
"""telltale"" (l.2) means revealing or indicating something.";Certo
"""threaten"" (l.32) is synonymous with menace.";Certo
"""rarely"" (l.14) is the same as seldom.";Certo
“expand” (l.1) is synonymous with increase.;Certo
"""altogether"" (l.2) is the same as all together.";Errado
"""cherished"" means worthless.";Errado
"""last"" (l.19) is the same as latest.";Errado
"""readily"" (l.14) is synonymous with promptly.";Certo
"""better"" (l.7) is the opposite of worse.";Certo
“the most challenging” is a comparative of superiority.;Errado
"""gradually"" (l.16) means little by little.";Certo
“undertaken” (l.18) is the same as carried out.;Certo
"""as well"" (l.7) is a comparative of equality.";Errado
“procedures” (l.24) means a set of actions which is the accepted way of doing something.;Certo
From the 1970s onwards, biotechnology started to be adopted to refer to laboratory-based techniques.;Certo
"""enormous"" (l.9) is the same as large.";Certo
"""widely"" (l.19) can be correctly substituted for largely.";Certo
“validity” (l.7) means valuable.;Errado
"""unfolding"" (l.18) is the same as development.";Certo
"""boosted"" (l.36) means increased.";Certo
“Therefore” (R.8) means Furthermore.;Errado
"""pretends"" (l.4) means intends.";Errado
"""availability"" (l.5) means difficult to be obtained.";Errado
“rather than” (l.13-14) could be replaced by instead of.;Certo
“latter” (l.6) is a comparative of superiority.;Errado
"""occasionally"" (l.14) is synonymous with sometimes.";Certo
"""so long as"" (l.29) can be replaced by provided.";Certo
“Actually” is a false cognate.;Certo
"""mayor"" (l.8) is synonymous with representative.";Errado
“calls for” (l.6) means requires.;Certo
"""loaded"" (l.4) means rich in information.";Certo
"the use of ""will"" (l.7) expresses a polite request.";Errado
"""ploys"" (l.14) is defined as a way of tricking or confusing someone to get an advantage.";Certo
"A connotation of ""insidious"" (l.11) is intelligent, acclaimed practices.";Errado
“achieve” is to accomplish as “hazards” is to security.;Errado
"""heavily"" (l.1) is the opposite of lightly.";Certo
"The use of ""So"" indicates a consequence.";Certo
Replacing “to work” with “working” is grammatically correct.;Certo
The definite article “the” (R.5) was used before “river” because it refers specifically to that same river mentioned on line 2.;Certo
"""formerly"" (L.17) is the same as formally.";Errado
"""it"", in ""which it usually is"" (L.30), refers to gasohol.";Certo
"the word ""critical"" (L.49) can be correctly replaced by extremely important.";Certo
"""as well as"" (L.3) means as good as.";Errado
"""fewer"" (L.27) is the opposite of more.";Errado
"The verb ""came about"" (L.3) means happened.";Certo
"The expression ""The tide of public opinion"" (L.18) means a tendency of people to think or feel in a particular way.";Certo
the word “particular” (l.10) is synonymous with private.;Errado
“intends” (l.6) is synonymous with pretends.;Errado
“Therefore” (l.23) is synonymous with Although.;Errado
“In fact” (l.12) means As a matter of fact.;Certo
"the word ""heavily"" (L.41) is the opposite of roughly.";Errado
“livelihoods” (l.22) is equivalent to sustento, meio de vida in Portuguese.;Certo
“a handout” (l.14) means a piece of paper with information on it.;Certo
the industrial society was replaced by the information society.;Certo
“many” (l.30) can be correctly replaced by a great deal of.;Errado
“get by” (l.3) means manage to pay for the unnecessary things in life.;Errado
"the word ""little"" (L.34) means not much.";Certo
“Yet” (l.24) is the same as despite that.;Errado
“that” (l.7) can be replaced by which.;Certo
“people” (l.14) could be correctly replaced by peoples.;Errado
“However” (l.42) means Nevertheless.;Certo
The determiner “another” (l.9) can be correctly replaced by other.;Errado
In the text, the phrase “looking after” (l.9) means taking after.;Errado
“Upon taking office” (l.1) means Prior to taking office.;Errado
“swarmed” (l.6) expresses a positive idea.;Errado
the verb “to gel” (l.8) means to disrupt.;Errado
the verb “to realize” (l.7) means to understand a situation.;Certo
the relative pronoun “that” (l.1) can be correctly replaced by which.;Certo
“give way to” (l.5) means become replaced by something, especially because it is better, cheaper, easier, etc.;Certo
“retain” (l.25) is synonymous with detain.;Errado
“starkly” (l.10) can be translated as timidamente.;Errado
“all of” (l.18) can be correctly replaced by most of.;Errado
“must” (l.10) can be correctly replaced by should.;Errado
"The possessive case in “users’ freedom” is determined by the apostrophe; “a user’s freedom” would give a general idea of users.";Errado
“made up for” (l.24) is synonymous with fought.;Errado
“until” (l.26) can be correctly replaced by by.;Errado
“stop drawing” (l.26) can be correctly replaced by stop to draw.;Errado
the determiner “any” (l.1) means some.;Errado
“conceived” (l.3) could be translated as concebeu.;Certo
“it’s up to you” (l.34) means that you make a decision about it.;Certo
“given away” (l.3-4) can be replaced by wasted.;Errado
a “porch” (l.13) is another word for garage.;Errado
the phrase “at the end” (l.13) is synonymous with in the end.;Errado
“has relied” (l.15) is the same as has trusted.;Errado
The expression ‘free beer’ was used to define free software as something without restrictions.;Errado
“is already offered” (l.33) can be replaced by has already been offered without changing the meaning.;Errado
The verb “settle” (l.4) is to “settlers” (l.10) as teach is to teachers.;Certo
“generous streak” (l.11) can be translated as veia generosa.;Certo
the adjective “ordinary” (l.9) is synonymous with unusual.;Errado
“unveiled” (l.1) means to remove the cover from something.;Certo
the expression “fly-on-the-wall” (l.7) means to be able to watch what people are doing without their noticing you.;Certo
Portuguese equivalents of “retorts” (l.12) are retrucar, retorquir, objetar, contrapor.;Certo
“ought to” (l.19) can be replaced by should.;Certo
“over time” (l.26) means as time passes.;Certo
“to audit” (l.2) means to examine thoroughly.;Certo
“trade-off” (l.16) means a giving up of one thing in return for another.;Certo
"""moves away from"" (l.7) is the same as moves around.";Errado
“misuse” (l.12) means lack of use.;Errado
"""coupled"" (l.10) means separated.";Errado
“yet” (l.14) can be correctly replaced by still.;Errado
“high” (l.8) is synonymous with tall.;Errado
"""overall"" (l.1) is the same as in general.";Certo
“pivotal” (l.14) is the same as potential.;Errado
“to use” (l.3) is the same as to wear.;Errado
“comprehensive” (l.13) means covering completely or broadly.;Certo
"""In addition"" (R.7) means furthermore.";Certo
“prospects” (l.17) means likelihood.;Certo
"""overall"" (R.1) is the same as in general.";Certo
"In line 13, the word ""replenish"" is synonymous with fill up.";Certo
The word “actually” (l.24) means indeed, in point of fact, in reality, really.;Certo
The structure “who had respected the rules of court” means that some jury members did not respect the rules.;Certo
“however” is a conjunctive adverb linking two independent clauses.;Certo
Grammar-Translation Method assumes communicative usefulness motivates students.;Errado
In line 6, “unsound” means unheard.;Errado
“however” (l.4) is synonymous with whenever.;Errado
“predicts” (l.24) means foretells.;Certo
In hate, hello, honest, history, the initial h is never silent.;Errado
In “The friendly lady sings beautifully”, both underlined words are adverbial.;Errado
“their” (l.26) refers to “athletes” (l.26).;Certo
In CLT, errors in fluency activities are tolerated and corrected later.;Certo
“point out” (l.8) is synonymous with draw attention to, indicate.;Certo
“On the other hand” means out of hand.;Errado
“without” is the opposite of with.;Certo
“Unless” means except if.;Certo
“in place” can be correctly replaced by operating.;Errado
The worse thing that could possibly happen to me is to lose my job.;Errado
“wear” (l.6) can be correctly replaced by use.;Errado
“threatens” (l.5) can be correctly replaced by menaces.;Certo
“I haven’t done nothing wrong” is correct.;Errado
"“in the dock” means accused in court; “underpins” means supports.";Certo
“one’s” does not exist as a possessive adjective.;Errado
There are only three possible pronunciations for the -ed ending.;Certo
“fast” can fill both blanks in “She drives ___ / She has a ___ car”.;Certo
Foods from different origins help distinguish cultural aspects.;Certo
The interaction described corresponds to Suggestopedia.;Errado
“significant” means meaningful.;Certo
“steadily” means inconsistently.;Errado
In the Grammar-Translation method, errors are natural and used pedagogically.;Errado
"In lines 21-22, the phrase ""a vested interest in protecting"" can be correctly replaced by a particular reason to protect.";Certo
In the text, “therefore” (l.10) means consequently.;Certo
“In addition” (l.21) means moreover.;Certo
The word “one” (l.2) is a numeral.;Errado
Why should I be punished? I haven’t done nothing wrong.;Errado
"In line 1, the phrase ""in the dock"" means accused in court, and in line 16, ""underpins"" can be correctly replaced by supports.";Certo
In “When traveling, one should be careful with one’s personal belongings”, the underlined form does not exist as a possessive adjective.;Errado
In “She drives ________” and “She has a ________ car”, you can fill in the blanks with fast because both adjective and adverb have the same form.;Certo
The pronunciation of attached, disposed, needed, advanced, disturbed, noted shows that there are only three possible -ed pronunciations.;Certo
Student-to-student interaction described is characteristic of Suggestopedia.;Errado
Food from different geographic locations and ethnic groups often helps distinguish specific cultural aspects.;Certo
“significant” (l.3) means meaningful.;Certo
“Thorough” (l.5) is the same as complete, detailed, exhaustive.;Certo
In subtle, lamb, climb, thumb, the b is always silent.;Certo
The mixed conditional “If John had followed his doctor’s advice...” expresses he didn’t follow it and that is why he is still ill.;Certo
“Although Grant did not have any money” requires a result clause.;Certo
“selecting” (l.38) is synonymous with picking out.;Certo
In “The audience was _______” / “The ______ news...”, correct options are shocked and shocking.;Certo
"In CLT, the target language is a vehicle for communication; mother tongue use should be careful.";Certo
"In TPR, errors are expected at first; teacher corrects unobtrusively and more later.";Certo
Where have all my students gone? There is everybody in the classroom.;Errado
“meat plants” means carnivorous plants.;Errado
“have yet to be established” means still have not been established.;Certo
“for example” is synonymous with for instance.;Certo
Blanks can be filled with picking up, burst, sluggishness respectively.;Certo
He is one of those political advisors who was interested...;Errado
Integrating four skills from the beginning is a characteristic of the Audio-Lingual Method.;Errado
The two brothers are good-looking, but Peter is the most handsome one.;Certo
A number of animals ... have been mysteriously poisoned to death.;Certo
Content-based, task-based, participatory approaches suggest using language in order to learn it.;Certo
“should have come before the Hague judges at all” can be replaced by “should have come ... in the first place”.;Certo
“Mark’s friends don’t like Japanese food, and Mark doesn’t either” → “and so does he”.;Errado
“struggling” means challenging, attacking.;Errado
"In Suggestopedia, errors are corrected gently; it is an affective-humanistic method.";Certo
“bewildering” can be replaced by profusion or abundance.;Errado
The news of his spectacular achievements comes as a surprise to us.;Certo
In the Silent Way, errors are to be avoided at all costs.;Errado
“In fact” is synonymous with as a matter of fact.;Certo
“road” can be replaced by path.;Certo
“around the world” is the same as all over the world.;Certo
“comprehensive” is the same as understandable.;Errado
“hopefully” means the opposite of hopelessly.;Errado
“oversee” means to make certain that it is being done correctly.;Certo
“accomplish” is the same as achieve.;Certo
“succeed” is synonymous with come after.;Certo
“appoint” can be replaced by appoints.;Errado
Fast increase in city populations has helped economic progress and brought problems.;Certo
“also” can be correctly replaced by too.;Certo
Rapid growth of urban population caused problems and economic improvement.;Certo
“better” is the opposite of worst.;Errado
"""far beyond"" (l.1-2) means has greater uses than at first thought.";Certo
Rapid increase in the population of bigger cities brought about economical development together with minor problems.;Errado
"""in principle"" (R.22) means in the beginning.";Errado
"""tempted"" (R.1) is the same as attempted.";Errado
"""those"" (l.6) refers to ""chips"" (l.5).";Certo
"""has fueled"" (l.1) means has decreased.";Errado
"""Today's systems"" (l.14) is the same as The current systems.";Certo
"""stated-owned"" (R.1) means owned by the state.";Errado
"""all activities"" (R.8) is the same as every activity.";Certo
"""Nation"" (l.19) refers to any nation.";Errado
"""Though"" (R.8) can be correctly replaced by Although.";Certo
"""must"" (R.9) is synonymous with can.";Errado
"""capable of developing"" (l.25) is synonymous with able to develop.";Certo
"""but the software our systems depend on is fragile"" (l.26-27) can be correctly replaced by ""but the software on which our systems depend is fragile"".";Certo
The following expressions are examples of technical or specialized language that help to place the text in a certain area of knowledge: “climate change”, “vegetation greenness” and “key challenge”.;Certo
Tradução de teosinte → “De um arbusto chamado teosino...” está correta?;Errado
Tradução sugerida: “Cada vez mais, análises históricas também ressaltam...” está adequada?;Certo
A concepção de avaliação sob a ótica dos letramentos baseia-se na colaboração e negociação.;Certo
“Learners are encouraged to co-construct meaning...” afirmação correta?;Certo
Tradução “If we don’t have conscious...” está correta?;Errado
Tradução técnica depende também do tipo e gênero do texto.;Certo
Tradução: “Is possible to edit the DNA... genetically modified ailments...” está correta?;Errado
Tradução de “It is a wise precaution...” apresentada está correta?;Certo
A palavra rhythm demonstra correspondência um-a-um entre vogais e sons vocálicos.;Errado
Tradução de “prolonged droughts...” apresentada está correta?;Certo
Tradução de “The effects of grain poisoning...” com “estresse puramente” está correta?;Errado
Falantes lusófonos têm dificuldade com sons iniciais de think e this.;Certo
Tradutor contemporâneo compartilha autoria e é creditado.;Certo
Estudos descritivos afastam-se da equivalência e focam cultura e história.;Certo
“that had seemed convincing at first” é restritiva?;Certo
Morfemas flexionais alteram traços gramaticais sem mudar a categoria.;Certo
Para teorias funcionalistas, o traduzido deve seguir a função do texto de partida.;Errado
Tradução do primeiro período: “No século XX... avanços tremendos...” está aceitável?;Certo
O grafema gh exemplifica variabilidade fonológica em though e enough.;Certo
Compreensão textual independe do contexto do leitor.;Errado
Recomenda-se não parar ao encontrar palavras desconhecidas.;Certo
Tradução de “at the café” como “no café”.;Certo
Compreensão eficaz exige correspondência entre conhecimento ativado e conhecimento de mundo.;Certo
Competência de Chomsky não considera função social.;Certo
ESP foca apenas gramática, sem ênfase prática.;Errado
Nominal clauses não funcionam como sentenças completas.;Certo
Scanning é leitura minuciosa.;Errado
Conhecimento prévio não influencia compreensão em língua estrangeira.;Errado
Textos ilustrados exigem análise verbal e não verbal.;Certo
Inserir vírgula após o primeiro “that” tornaria a frase incorreta.;Certo
Drafting é a etapa mais importante por ser quando se escreve o texto.;Errado
A linguagem reflete nuances culturais.;Certo
ESP usa materiais dos contextos específicos de uso.;Certo
ESP visa uso eficaz em contextos profissionais específicos.;Certo
“The data is accurate” é correto em inglês formal.;Errado
Reescrita da frase sobre atuação no entretenimento está correta?;Certo
Palavras cognatas têm sentidos sempre iguais, com pequenas diferenças.;Errado
Conhecimento prévio não influencia compreensão de leitura.;Errado
"Paradigma tradicional = memorização; complexo = reflexão.";Certo
Conhecimento de gêneros textuais é irrelevante.;Errado
"Linking words organizam o texto; exemplos corretos.";Certo
Escrita é evento único após ter ideia clara.;Errado
Orações adverbiais devem começar com conjunção subordinativa.;Certo
Avaliação deve priorizar conteúdos fáceis e estáveis.;Errado
Skimming é leitura rápida para captar o tema central.;Certo
Tradução de “breeding ground for bacteria” está correta.;Certo
Texto afirma que áreas urbanas respondem por ¾ das emissões e 100 cidades por 18%.;Certo
Setor público pode ajudar cidades a se preparar investindo em sustentabilidade.;Certo
Linguagem determina normas culturais sem variação.;Errado
According to Machado (2009), knowledge about text genres is irrelevant for constructing meaning, as text interpretation is independent of its generic structure.;Errado
In ESP, the teaching materials and methods are often drawn from the specific contexts in which students will be using English, such as scientific articles, business reports, or technical manuals.;Certo
In ESP, the primary goal is to enable students to use English effectively in particular professional or academic settings, tailoring the language instruction to their specific needs.;Certo
"The sentence ""The data is accurate"" is an example of correct subject-verb agreement in formal English.";Errado
It is a rule that adverbial clauses must start with a subordinating conjunction and connect to an independent clause in means to make sense.;Errado
A despeito dos inúmeros aspectos que podem ser avaliados no aprendizado de língua inglesa no ensino fundamental, devem ser priorizados os que sejam fáceis de ser ensinados e corrigidos.;Errado
"Para dominar a leitura em inglês, o aluno deve começar aprendendo duas técnicas; uma delas é o skimming.";Certo
"The sentence ""Neither of the answers are correct"" demonstrates correct subject-verb agreement.";Errado
When messages have isolated meanings and the ordering is incorrect, comprehension is not affected.;Errado
Translation: “During most of its history, Ireland's economy has been based on farming and agriculture.”;Certo
Skimming requires a global approach to the text and not interrupting reading because of unfamiliar words.;Certo
Translation: “How much more you snooze your alarm, how much less you want to get out of bed.”;Errado
Translation: “Em 1170, Vikings Normandos... transformaram a Irlanda em território inglês.”;Certo
“short for massive open online courses” can be replaced with “which stands for massive open online courses.”;Certo
"Language in use is practical and dynamic; study must consider actual use, not only theoretical aspects.";Certo
"Only denotative meaning matters for interpretation; connotation does not interfere.";Errado
“In a nutshell” can be replaced with “Briefly.”;Certo
Iowa is going to cut down its taxes by 3.9% in the next two years.;Errado
A secretary should use formal English in international correspondence and meeting arrangements.;Certo
Teapot and armchair are examples of morphology conversion.;Errado
Cross-cultural communication may face challenges due to linguistic and cultural differences.;Certo
Skimming includes analyzing title, images, dates, proper names, and typographic features.;Certo
A elipse é um mecanismo de coesão que consiste em itens sem significado próprio.;Errado
Idiomatic expressions should be understood by translating the words literally.;Errado
Anáfora evita repetições usando artigos, advérbios, pronomes e numerais.;Certo
In “The committee…”, the clause is non-restrictive and provides essential information.;Errado
“Often” indicates something that happens not very frequently.;Errado
"Determiners indicate specificity, possession, quantity, distance etc.; e.g. “Two students”.";Certo
Revising is the stage when writers improve clarity, coherence, and correctness.;Certo
"According to Bakhtin, genres have minimal influence; social situation is the only determinant.";Errado
In “She gave her friend a book…”, the direct object is “a book…” and the indirect object is “her friend”.;Certo
The word “war” refers to any war.;Errado
“Reads” and “sends” agree with the subject “the implant”.;Certo
Word stress in American English is essential for meaning and intelligibility.;Certo
Text interpretation requires analyzing setting, cultural background, and historical context.;Certo
The -ed in “invoked” and “topped” is pronounced the same.;Errado
The last period of the text expresses a contrasting idea.;Certo
Grammatical number affects noun morphology and verb agreement.;Certo
Coordinated clauses are independent clauses linked by coordinating conjunctions.;Certo
Ellipsis involves intentional omission and requires deep syntactic understanding.;Certo
/p/ in “political” and /b/ in “book” are both voiced.;Errado
Coordinating conjunctions connect elements of equal grammatical rank.;Certo
Interpreting texts requires discerning author’s purpose and perspective.;Certo
Coordinated and subordinate clauses add syntactic variety and complexity.;Certo
“Wealth” ends in /θ/.;Certo
“Wonder” is used in the sense of “decide”.;Errado
“Cities” follows the same plural-formation rule as studies, series, cries, dictionaries.;Certo
“Studies” is the main verb agreeing with “laboratory”.;Errado
The -ed in “lacked” is pronounced /t/.;Certo
The word “commute” means travel some distance between home and work regularly.;Certo
“these and many other sociopolitical issues” is a compound object of “address.”;Certo
The final –ed in “stopped” and in “stressed” are pronounced the same.;Errado
“How”, “Why” and “When” function only as question words in English.;Errado
“stuntman” means a man who performs dangerous actions instead of an actor.;Certo
“themselves” refers to “governments, regulators and eco-innovative companies.”;Certo
Translation of “Her father always encouraged her…” as “Seu pai sempre a encorajou…” is correct.;Certo
Translation of “The doctors weren’t sure if she would live…” as “Os médicos não conseguiam dar certeza…” is correct.;Errado
“‘s” in “people’s lives” indicates the genitive case.;Certo
“have shown” agrees with the subject “models.”;Certo
“what rules are in place” means “what rules are in force.”;Certo
The ’s in “this year’s Earth Day” and “is” in “Eco-innovation is the key” have the same function.;Errado
“Rejection”, “occupy”, “magazine” translate as rejeição, ocupar, magazine.;Errado
“other’s” in “each other’s tweets” is genitive case.;Certo
Translation of “Despite being worried…” as “Apesar de estar preocupado…” is correct.;Certo
“were” agrees with the subject “technology.”;Errado
“deemed” means dismissed.;Errado
“tributaries” means afluentes.;Certo
“Enjoy” in “Enjoy the process” can be translated as desfrute/aproveite.;Certo
“fostering” can be translated as fomentando.;Certo
The first sentence contains more than four cognates with Portuguese.;Certo
Mistranslation of a verb led Ethiopia and Italy to war.;Certo
“indulge” can be translated as permitir-se.;Certo
In “Seeing the large crowd, John stopped…”, “Seeing the large crowd” is an adverbial clause.;Errado
Translation of the passage about “style” and “stylistic variation” is correct.;Errado
In “They elected Prof. Palmer the head…”, “the head of that department” is a direct object.;Errado
The relationships between signs can be identically reproduced in translation.;Errado
In technical translation, effect on readers may matter more than words/syntax.;Certo
In “Bernard is now the best student…”, “the best student” is a direct object.;Errado
Translation of “akin in all peoples…” as “semelhantes…” is correct.;Certo
Translation should aim at exact equivalence between languages.;Errado
Translation of “Stylistics is the description…” is correct.;Certo
“give” in “They give Anne a book…” is a ditransitive verb.;Certo
