"What does ""anew"" mean in the sentence: ""The film tells anew the story...""?";✅ A - novamente
;"Explicação: ""Anew"" significa ""novamente"", ou seja, contar algo de novo, de uma nova maneira."
"2. What does ""apiece"" mean in: ""...dolls from this period sell for £500 apiece""?";✅ C - cada
;"Explicação: ""Apiece"" é usado para indicar que cada item custa ou vale uma certa quantia – neste caso, cada boneca."
"3. What does ""to no avail"" mean in: ""We tried... but to no avail""?";✅ D - em vão
;"Explicação: ""To no avail"" é uma expressão que significa que algo foi feito sem sucesso ou foi inútil."
"4. What does ""avowed"" mean in: ""He avowed that he regretted...""?";✅ B - confessou
;"Explicação: ""Avowed"" significa declarar ou confessar algo publicamente ou abertamente."
"5. What does ""awe"" mean in: ""You can’t help but stand in awe...""?";❌ B - espanto
;✅ D - respeito
;"Explicação: ""Awe"" é uma mistura de respeito profundo e admiração, às vezes com um pouco de temor."
"6. What does ""awkward"" mean in: ""There followed an awkward silence...""?";❌ E - embaraçoso
;✅ C - estranho também seria aceito
;"Explicação: ""Awkward"" pode significar ""constrangedor"" ou ""estranho"", dependendo do contexto. Mas ""embaraçoso"" é geralmente aceito."
"7. What does ""background"" mean in: ""They come from a privileged background""?";✅ C - formação
;"Explicação: ""Background"" nesse contexto refere-se à formação social, cultural ou familiar de uma pessoa."
"8. What does ""take the bait"" mean in: ""...she didn’t take the bait""?";❌ A - oferta
;✅ B - isca
;"Explicação: ""Take the bait"" é uma expressão idiomática que significa ""cair na isca"" ou ""ser enganado por uma proposta ou truque""."
"What does ""begets"" mean in: ""Poverty begets hunger...""?";✅ D - gera
;"Explicação: ""Beget"" significa ""gerar"" ou ""dar origem a"", especialmente em contextos de causa e efeito."
"10. What does ""beseech"" mean in: ""I beseech you""?";✅ B - imploro
;"Explicação: ""Beseech"" é um verbo formal que significa ""implorar"" com grande urgência."
"11. What does ""bestowed"" mean in: ""...that is bestowed on British civilians""?";✅ E - concedida
;"Explicação: ""Bestow"" significa ""conceder"" ou ""outorgar"" algo, geralmente um prêmio ou honra."
"12. What does ""blizzard"" mean in: ""a blizzard of statistics""?";✅ A - grande quantidade
;"Explicação: Metaforicamente, ""blizzard"" indica uma grande quantidade de algo, como dados ou informações."
"13. What does ""breadth"" mean in: ""The breadth of her knowledge...""?";✅ C - extensão
;"Explicação: ""Breadth"" refere-se à extensão ou amplitude de algo, neste caso, do conhecimento."
"14. What does ""budge"" mean in: ""She won’t budge""?";✅ C - mudar
;"Explicação: ""Budge"" significa ""mover-se"" ou ""ceder"", tanto fisicamente quanto em termos de opinião."
". What does ""built-in"" mean in: ""All the rooms have built-in cupboards...""?";✅ D - embutidos
;"Explicação: ""Built-in"" significa que algo está integrado à estrutura do ambiente, como armários embutidos."
"16. What does ""caked"" mean in: ""The men were caked in layers of filth...""?";✅ E - cobertos
;"Explicação: ""Caked"" significa estar coberto com uma camada espessa de algo, como sujeira."
"17. What does ""caucus"" mean in: ""The caucus was held to decide...""?";✅ B - reunião
;"Explicação: ""Caucus"" é uma reunião de membros de um partido para tomar decisões políticas, como apoiar um candidato."
"18. What does ""clumsy"" mean in: ""My attempts to apologize were clumsy""?";✅ A - desastrosas
;"Explicação: ""Clumsy"" refere-se a algo feito de forma desajeitada ou inepta, podendo causar constrangimento."
"19. What does ""concealed"" mean in: ""The police concealed vital evidence""?";✅ C - escondeu
;"Explicação: ""Concealed"" significa esconder ou manter algo fora de vista, como evidências."
"20. What does ""cue"" mean in: ""...that was our cue to leave the party""?";✅ A - sinal
;"Explicação: ""Cue"" é um sinal ou indicação para que se faça algo, como sair discretamente de uma festa."
"21. What does ""dainty"" mean in: ""She was a small, dainty child...""?";✅ C - delicada
;"Explicação: ""Dainty"" descreve algo pequeno, gracioso e delicado."
"22. What does ""daring"" mean in: ""This is a daring new film...""?";✅ E - audacioso
;"Explicação: ""Daring"" descreve algo ousado, inovador ou corajoso, especialmente em termos artísticos ou criativos."
"What does ""dawdling"" mean in: ""Stop dawdling!""?";✅ C - perder tempo
;"Explicação: ""Dawdling"" significa procrastinar ou demorar demais, especialmente quando se deveria estar agindo com mais rapidez."
"24. What does ""dead heat"" mean in: ""The race ended in a dead heat""?";✅ D - empate
;"Explicação: ""Dead heat"" é uma expressão que significa um empate, especialmente em corridas ou competições."
"25. What does ""deceits"" mean in: ""...all his earlier deceits were revealed""?";✅ B - fraudes
;"Explicação: ""Deceits"" são enganos ou fraudes deliberadas com o intuito de enganar."
"26. What does ""dean"" mean in: ""She is the new dean...""?";✅ A - reitora
;"Explicação: ""Dean"" é o cargo de chefe de uma faculdade ou departamento universitário — no Brasil, equivalente a ""reitora"" ou ""decana""."
"27. What does ""deemed"" mean in: ""...will be deemed to have withdrawn""?";✅ C - considerado
;"Explicação: ""Deemed"" significa ""considerado como"", usado em contextos legais ou formais."
"28. What does ""deploys"" mean in: ""...it deploys its resources""?";✅ E - aplique
;"Explicação: ""Deploy"" refere-se a aplicar ou utilizar eficientemente recursos ou pessoas."
"29. What does ""digest"" mean in: ""A digest of the research findings...""?";✅ D - resumo
;"Explicação: ""Digest"" neste contexto é um resumo condensado de informações importantes."
"30. What does ""diffident"" mean in: ""You shouldn’t be so diffident...""?";✅ A - hesitante
;"Explicação: ""Diffident"" descreve alguém que tem falta de confiança ou é tímido sobre algo."
"31. What does ""dire straits"" mean in: ""That bank is in dire straits""?";✅ B - situação terrível
;"Explicação: ""Dire straits"" é uma expressão que indica uma situação financeira ou circunstância extremamente difícil ou grave."
"What does ""dour"" mean in: ""The normally dour Mr James...""?";✅ E - sisudo
;"Explicação: ""Dour"" significa alguém sério, austero ou sisudo, frequentemente sem mostrar emoções."
"33. What does ""dwindled"" mean in: ""...has dwindled to a tenth of its former size""?";✅ D - diminuiu
;"Explicação: ""Dwindled"" quer dizer diminuir gradualmente em tamanho, quantidade ou força."
"34. What does ""eager"" mean in: ""...eager for any news""?";✅ B - ansiosos
;"Explicação: ""Eager"" significa estar muito interessado ou ansioso por algo, esperando com vontade."
"35. What does ""earmarked"" mean in: ""...is already earmarked for hospital improvements""?";✅ D - reservado
;"Explicação: ""Earmarked"" significa algo que foi previamente destinado ou reservado para um fim específico."
"36. What does ""earnest"" mean in: ""He was a very earnest young man""?";✅ C - sério
;"Explicação: ""Earnest"" descreve uma pessoa sincera, dedicada e séria no que faz."
"37. What does ""efface"" mean in: ""...tried to efface the memory...""?";✅ A - apagar
;"Explicação: ""Efface"" significa apagar, eliminar ou remover algo, geralmente da memória."
"38. What does ""eerie"" mean in: ""He had the eerie feeling...""?";✅ C - estranho
;"Explicação: ""Eerie"" é usado para descrever algo estranho ou que causa uma sensação misteriosa e desconfortável."
"39. What does ""eke out"" mean in: ""eke out a living by selling drinks""?";✅ D - viver com pouco dinheiro
;"Explicação: ""Eke out a living"" significa sobreviver com dificuldade, ganhando apenas o suficiente para viver."
"What does ""embroidered"" mean in: ""I embroidered the tale a little...""?";✅ A - enfeitei
;"Explicação: ""Embroidered"" aqui é usado no sentido figurado de enfeitar uma história, acrescentando detalhes para torná-la mais interessante."
"41. What does ""encompass"" mean in: ""The festival is to encompass everything...""?";✅ E - abranger
;"Explicação: ""Encompass"" significa incluir ou abranger uma ampla gama de coisas."
"42. What does ""envoy"" mean in: ""a United Nations special envoy""?";✅ D - enviado
;"Explicação: ""Envoy"" é um emissário ou enviado diplomático com uma missão específica."
"43. What does ""eschewed"" mean in: ""He eschewed publicity and nightclubs""?";✅ B - ficava longe de
;"Explicação: ""Eschewed"" quer dizer evitar ou se abster deliberadamente de algo."
"44. What does ""evictions"" mean in: ""evictions are common""?";✅ E - despejos
;"Explicação: ""Eviction"" refere-se ao ato legal de remover alguém de uma propriedade, ou seja, um despejo."
"45. What does ""faltered"" mean in: ""conversation faltered for a moment""?";✅ B - cessou
;"Explicação: ""Faltered"" indica que algo hesitou ou parou brevemente, como a conversa que perdeu ritmo."
"46. What does ""farewell"" mean in: ""a fond farewell""?";✅ C - despedida
;"Explicação: ""Farewell"" significa despedida, especialmente dita com carinho ou emoção."
"47. What does ""far-fetched"" mean in: ""a far-fetched idea""?";✅ C - mirabolante
;"Explicação: ""Far-fetched"" descreve uma ideia improvável, exagerada ou pouco realista."
"48. What does ""fast"" mean in: ""began a fast in protest""?";✅ A - jejum
;"Explicação: ""Fast"" significa jejum, ou seja, a abstenção voluntária de comida, geralmente por razões religiosas ou de protesto."
"What does ""fitfully"" mean in: ""She slept fitfully throughout the night""?";✅ D - irregularmente
;"Explicação: ""Fitfully"" descreve algo feito de maneira intermitente, com interrupções, como um sono irregular."
"50. What does ""flair"" mean in: ""it lacks flair""?";✅ E - talento
;"Explicação: ""Flair"" significa talento natural ou estilo criativo, algo que destaca uma obra."
"51. What does ""flattering remarks"" mean in: ""He is always making flattering remarks""?";✅ B - lisonjeiras
;"Explicação: ""Flattering"" refere-se a elogios feitos para agradar ou conquistar."
"52. What does ""flippant"" mean in: ""she thought I was being flippant""?";✅ C - desrespeitoso
;"Explicação: ""Flippant"" descreve alguém que trata assuntos sérios com desprezo ou falta de respeito."
"53. What does ""fretting"" mean in: ""She spent the day fretting""?";✅ A - preocupando-se
;"Explicação: ""Fretting"" significa estar ansioso ou incomodado com algo."
"54. What does ""frolicking"" mean in: ""children were frolicking on the beach""?";✅ B - brincando
;"Explicação: ""Frolicking"" significa brincar alegremente, geralmente em movimento e com diversão."
"55. What does ""frowned"" mean in: ""She frowned at me""?";✅ C - franziu a testa pra mim
;"Explicação: ""Frowned"" é o ato de franzir a testa, geralmente como sinal de desaprovação ou preocupação."
"56. What does ""fudge the issue"" mean in: ""government continues to fudge the issue""?";✅ A - evitando
;"Explicação: ""To fudge an issue"" significa evitar, contornar ou não enfrentar diretamente um problema."
"What does ""gabbling away"" mean in: ""She started gabbling away at me in Spanish""?";✅ E - falar depressa
;Explicação: “Gabbling” é falar muito rápido e de forma confusa, difícil de entender.
"58. What does ""garish"" mean in: ""a pair of garish Bermuda shorts""?";✅ D - espalhafatosas
;Explicação: “Garish” se refere a algo muito chamativo, de gosto duvidoso, com cores berrantes.
"59. What does ""ghastly"" mean in: ""her outfit was ghastly""?";✅ D - horrível
;Explicação: “Ghastly” significa algo terrível, horroroso ou de mau gosto.
"60. What does ""gilding the lily"" mean in: ""would it be gilding the lily""?";✅ B - exagero
;Explicação: “To gild the lily” é fazer algo além do necessário, embelezar excessivamente.
"61. What does ""a thorough going-over"" mean in: ""Detectives gave the flat a thorough going-over""?";✅ E - averiguação
;Explicação: “Going-over” nesse contexto é uma inspeção detalhada, especialmente por autoridades.
"62. What does ""graft new methods onto"" mean in: ""tried to graft new methods""?";✅ C - adicionar
;Explicação: “To graft” aqui significa inserir ou anexar algo novo a uma estrutura já existente.
"63. What does ""grappled for the ball"" mean in: ""The children grappled for the ball""?";✅ A - lutaram
;Explicação: “Grapple” é lutar ou se esforçar fisicamente para conseguir algo.
"64. What does ""grazed the treetops"" mean in: ""landing gear grazed the treetops""?";✅ D - roçou
;Explicação: “Grazed” significa tocar levemente ou passar raspando.
"65. What does ""financial gridlock"" mean in: ""They are in a financial gridlock""?";✅ D - impasse
;Explicação: “Gridlock” significa um bloqueio total, um impasse onde nada avança.
"What does ""guise"" mean in: ""The men who arrived in the guise of drug dealers""?";✅ B - disfarce
;Explicação: “Guise” se refere a uma aparência ou disfarce usado para esconder a verdadeira identidade.
"67. What does ""gullible"" mean in: ""people gullible enough to buy them""?";✅ E - influenciáveis
;Explicação: “Gullible” descreve uma pessoa fácil de enganar ou influenciar, sem questionar.
"68. What does ""gruff"" mean in: ""came the gruff reply""?";✅ C - áspera
;Explicação: “Gruff” se refere a uma maneira de falar ríspida e rude, muitas vezes sem paciência.
"69. What does ""gruelling"" mean in: ""He eventually won the match after five gruelling sets""?";✅ D - exaustivos
;Explicação: “Gruelling” descreve algo muito difícil e cansativo, que exige grande esforço.
"70. What does ""guzzler"" mean in: ""She’s a real guzzler!""?";✅ A - beberrona
;Explicação: “Guzzler” é uma pessoa que bebe de forma excessiva, normalmente em grande quantidade.
"71. What does ""haggard"" mean in: ""He was looking a bit haggard""?";✅ C - abatido
;Explicação: “Haggard” descreve uma pessoa com aparência cansada, debilitada ou maltratada, geralmente devido a estresse ou falta de descanso.
"72. What does ""halting"" mean in: ""He spoke quietly, in halting English""?";✅ A - hesitante
;Explicação: “Halting” descreve uma fala interrompida, pausada, geralmente por incerteza ou dificuldade.
"73. What does ""hanker after"" mean in: ""What did you hanker after most when you were in prison""?";✅ D - ansiava
;Explicação: “Hanker after” significa desejar fortemente ou ansiar por algo, especialmente quando isso é difícil de alcançar.
"What does ""harnessing"" mean in: ""harnessing wind and waves as new sources of power""?";✅ E - fazer uso de
;Explicação: “Harnessing” significa usar ou controlar algo para um propósito específico, neste caso, aproveitar o vento e as ondas para gerar energia.
"75. What does ""Make hay while the sun shines"" mean?";✅ D - Aproveite enquanto é tempo
;Explicação: Esse provérbio significa aproveitar as oportunidades enquanto elas estão disponíveis, não deixando para depois o que pode ser feito agora.
"76. What does ""heckling"" mean in: ""A few angry locals started heckling the speaker""?";✅ A - interromper
;Explicação: “Heckling” refere-se a interromper ou perturbar alguém, especialmente em um discurso ou apresentação, com críticas ou provocações.
"77. What does ""heedless"" mean in: ""Heedless destruction of the rainforests is contributing to global warming""?";✅ E - imprudente
;Explicação: “Heedless” significa agir de forma desconsiderada ou sem prestar atenção nas consequências. Aqui, refere-se à destruição das florestas sem pensar nos danos causados.
"78. What does ""heyday"" mean in: ""In their heyday, they sold as many records as all the other groups in the country put together""?";✅ B - auge
;Explicação: “Heyday” significa o período de maior sucesso ou popularidade de algo ou alguém, o auge.
"79. What does ""idle"" mean in: ""Half these factories now stand idle""?";✅ C - ociosas
;Explicação: “Idle” significa que as fábricas estão sem funcionar, inativas, ou não sendo usadas.
"80. What does ""ilk"" mean in: ""The worst of her criticism was reserved for journalists, photographers and others of their ilk""?";✅ A - tipo
;Explicação: “Ilk” refere-se a um grupo de pessoas com características ou características semelhantes, ou seja, tipo ou classe.
"81. What does ""inasmuch as"" mean in: ""Inasmuch as you are their commanding officer, you are responsible for the behaviour of these men""?";✅ E - já que
;"Explicação: “Inasmuch as” significa ""já que"", introduzindo uma razão ou justificativa para algo."
"82. What does ""inmates"" mean in: ""The inmates are in the cafeteria now""?";✅ B - detentos
;Explicação: “Inmates” refere-se a pessoas que estão presas, detidas, como em uma prisão ou instituição correcional.
"What does ""installment"" mean in: ""You have to pay the installment today""?";✅ D - prestação
;Explicação: “Installment” se refere a uma parte do pagamento de um valor total, pago em parcelas.
"84. What does ""issuing"" mean in: ""The office will be issuing permits on Tuesday and Thursday mornings""?";✅ B - emitindo
;Explicação: “Issuing” significa liberar ou distribuir oficialmente, como no caso de emitir permissões ou documentos.
"85. What does ""invoices"" mean in: ""Invoices must be submitted by the 24th of every month""?";✅ A - faturas
;Explicação: “Invoices” são documentos que registram uma venda ou serviço, geralmente usados para cobrança.
"86. What does ""jaded"" mean in: ""Perhaps some caviar can tempt your jaded palate""?";✅ C - cansado
;Explicação: “Jaded” significa estar cansado ou saturado de algo, nesse caso, referindo-se a um paladar cansado de experiências anteriores.
"87. What does ""jarring"" mean in: ""He’s been living a jarring experience""?";✅ B - desagradável
;Explicação: “Jarring” descreve algo desconfortável ou perturbador, como uma experiência que é difícil de suportar.
"88. What does ""jest"" mean in: ""I only said it in jest - you’re obviously not fat""?";✅ D - de brincadeira
;Explicação: “Jest” significa algo dito de forma humorística ou brincalhona, sem intenção séria.
"89. What does ""juggler"" mean in: ""He works as a juggler""?";✅ D - malabarista
;Explicação: “Juggler” é alguém que faz malabares, um artista que lança e pega objetos no ar de forma habilidosa.
"90. What does ""jutted"" mean in: ""He jutted his jaw out defiantly""?";✅ B - projetava
;Explicação: “Jutted” significa projetar ou empurrar algo para fora, neste caso, a mandíbula sendo esticada de forma desafiadora.
"What does ""keen"" mean in: ""She’s a keen tennis player""?";✅ A - brilhante
;"Explicação: ""Keen"" pode significar alguém que é muito entusiasta ou habilidoso em algo, portanto, ""brilhante"" é o melhor sinônimo neste contexto."
"92. What does ""kindled"" mean in: ""Her imagination was kindled by the exciting stories her grandmother told her""?";✅ C - aguçada
;"Explicação: ""Kindled"" significa estimular ou despertar, no caso, despertando a imaginação da pessoa."
"93. What does ""kinship"" mean in: ""Different ethnic groups have different systems of kinship""?";✅ A - parentesco
;"Explicação: ""Kinship"" se refere aos laços de parentesco entre indivíduos ou grupos."
"94. What does ""knack"" mean in: ""There’s a knack to using this corkscrew""?";✅ B - jeito
;"Explicação: ""Knack"" significa uma habilidade ou talento especial para fazer algo de maneira eficaz."
"95. What does ""kudos"" mean in: ""Being an actor has a certain amount of kudos attached to it""?";✅ A - prestígio
;"Explicação: ""Kudos"" se refere a honra ou prestígio associado a uma ação ou realização."
"96. What does ""lackadaisical"" mean in: ""The food was nice enough but the service was rather lackadaisical""?";✅ E - displicente
;"Explicação: ""Lackadaisical"" significa algo feito de forma preguiçosa ou sem entusiasmo."
"97. What does ""lashed out"" mean in: ""He is always lashed out by the reporters""?";✅ C - atacado
;"Explicação: ""Lashed out"" significa atacar verbalmente ou criticar de forma intensa."
"98. What does ""lead"" mean in: ""He bought lead pipes""?";✅ D - chumbo
;"Explicação: ""Lead"" é um metal pesado, conhecido como chumbo, usado em vários tipos de material, como tubos."
"99. What does ""liabilities"" mean in: ""The business has liabilities of £2 million""?";✅ B - passivo
;"Explicação: ""Liabilities"" se refere a obrigações financeiras ou dívidas de uma empresa, ou seja, o passivo."
"What does ""livelihood"" mean in: ""That farm is his livelihood""?";✅ C - meio de vida
;"Explicação: ""Livelihood"" se refere ao que alguém faz para ganhar a vida, ou seja, seu meio de vida."
"101. What does ""loath"" mean in: ""I’m loath to spend it all at once""?";✅ A - relutante
;"Explicação: ""Loath"" significa estar relutante ou unwilling (não disposto) a fazer algo."
"102. What does ""loathed"" mean in: ""From an early age the brothers have loathed each other""?";✅ A - detestaram
;"Explicação: ""Loathed"" significa odiar ou detestar profundamente algo ou alguém."
"103. What does ""lulled"" mean in: ""The motion of the car almost lulled her to sleep""?";✅ B - acalentou
;"Explicação: ""Lulled"" significa acalmar ou tranquilizar, como quando o movimento suave de algo faz alguém dormir."
"104. What does ""mangled"" mean in: ""My sweater got mangled in the washing machine""?";✅ E - acabado
;"Explicação: ""Mangled"" significa estar severamente danificado ou deformado, como no caso de um tecido."
"105. What does ""mellow"" mean in: ""I like mellow flavours""?";✅ C - suaves
;"Explicação: ""Mellow"" refere-se a algo suave, suave de sabor ou textura."
"106. What does ""meek and mild"" mean in: ""She seemed so very meek and mild""?";✅ D - dócil e calma
;"Explicação: ""Meek and mild"" descrevem uma pessoa que é tranquila, submissa e pacífica."
"107. What does ""mischievous"" mean in: ""She has a mischievous sense of humour""?";✅ D - malicioso
;"Explicação: ""Mischievous"" descreve algo travesso ou com uma leve malícia, especialmente quando se refere a humor."
"108. What does ""moping"" mean in: ""There’s no point in sitting at home and moping""?";✅ B - lamentando-se
;"Explicação: ""Moping"" significa ficar triste e desanimado, lamentando-se de forma passiva."
"109. What does ""mordant"" mean in: ""He always says mordant remarks""?";✅ A - sarcásticas
;"Explicação: ""Mordant"" descreve algo afiado e sarcástico, especialmente em comentários ou críticas."
"110. What does ""muster"" mean in: ""She managed to muster the courage to ask him to the cinema""?";✅ E - criar
;"Explicação: ""Muster"" significa reunir ou reunir a força ou coragem necessária para fazer algo."
"What does ""nagging"" mean in: ""I got sick of her constant nagging""?";✅ A - reclamações
;"Explicação: ""Nagging"" refere-se a críticas ou reclamações repetitivas e insistentes."
"112. What does ""nodded off"" mean in: ""After our busy day we both sat and nodded off in front of the TV""?";✅ C - cochilamos
;"Explicação: ""Nodded off"" significa adormecer, geralmente de forma involuntária ou em um curto período de tempo."
"113. What does ""nonplussed"" mean in: ""Christine was completely nonplussed by his reply""?";✅ B - perplexa
;"Explicação: ""Nonplussed"" significa estar confuso ou sem saber como reagir a algo."
"114. What does ""obnoxious"" mean in: ""Some of his colleagues say that he’s obnoxious""?";✅ E - insuportável
;"Explicação: ""Obnoxious"" descreve algo ou alguém que é extremamente desagradável ou insuportável."
"115. What does ""odd"" mean in: ""Fifty odd people came to the party""?";✅ D - e poucas
;"Explicação: ""Odd"" aqui significa um número estranho ou fora do comum, referindo-se a um número impreciso ou não exato, neste caso, ""e poucas""."
"116. What does ""ominous"" mean in: ""The engine had been making an ominous sound all the way from London""?";✅ A - estranho
;"Explicação: ""Ominous"" significa algo que dá a impressão de que algo ruim vai acontecer, geralmente algo estranho ou ameaçador."
"117. What does ""outsource"" mean in: ""Unions are fighting a plan by universities to outsource all nonacademic services""?";✅ D - terceirizar
;"Explicação: ""Outsource"" significa transferir a responsabilidade de realizar um serviço ou função para uma empresa externa."
"118. What does ""overtures"" mean in: ""Neither side in the conflict seems willing to make peace overtures""?";✅ B - propostas
;"Explicação: ""Overtures"" se refere a tentativas de aproximação ou propostas, especialmente em negociações."
"119. What does ""paltry"" mean in: ""Student grants these days are paltry""?";✅ A - insignificantes
;"Explicação: ""Paltry"" descreve algo pequeno ou insignificante, geralmente em termos de quantidade ou valor."
"What does ""patrons"" mean in: ""You have to treat your patrons well""?";✅ B - clientes
;"Explicação: ""Patrons"" se refere aos clientes ou consumidores de um serviço ou estabelecimento."
"121. What does ""payoff"" mean in: ""It has been alleged that he received a payoff from an arms dealer""?";✅ D - propina
;"Explicação: ""Payoff"" significa pagamento, geralmente relacionado a suborno ou corrupção."
"122. What does ""pint"" mean in: ""Let’s go for a pint""?";✅ C - cerveja
;"Explicação: ""Pint"" é uma unidade de medida, comumente usada para bebidas, como cerveja, especialmente em países como o Reino Unido."
"123. What does ""pleading"" mean in: ""She asked in a pleading tone of voice""?";✅ D - suplicante
;"Explicação: ""Pleading"" descreve um tom de voz que expressa súplica ou pedido urgente."
"124. What does ""spilled"" mean in: ""I spilled the juice while I was pouring it""?";✅ E - servindo
;"Explicação: ""Spilled"" significa derramar, geralmente de forma acidental, enquanto se estava servindo algo."
"125. What does ""preposterous"" mean in: ""The idea is preposterous""?";✅ B - absurda
;"Explicação: ""Preposterous"" significa algo ridículo ou completamente irracional."
"126. What does ""prone"" mean in: ""I’ve always been prone to accidents""?";✅ A - propenso
;"Explicação: ""Prone"" significa estar inclinado ou suscetível a algo, neste caso, a acidentes."
"127. What does ""pursing"" mean in: ""I don’t approve of that kind of language,” she said, pursing her lips?";✅ E - franzindo
;"Explicação: ""Pursing"" significa fechar ou apertar os lábios, geralmente em sinal de desagrado ou concentração."
"128. What does ""quagmire"" mean in: ""At the end of the match, the pitch was a real quagmire""?";✅ C - lamaçal
;"Explicação: ""Quagmire"" se refere a um lugar de lama ou pântano, geralmente algo difícil de atravessar, como no caso de um campo de futebol."
"What does ""quashed"" mean in: ""His conviction was quashed in March 1986 after his counsel argued that the police evidence was a tissue of lies""?";✅ C - revogada
;"Explicação: ""Quashed"" significa anular ou revogar uma decisão legal, como uma condenação."
"130. What does ""queasy"" mean in: ""I started to feel queasy as soon as the boat left the harbour""?";✅ D - enjoado
;"Explicação: ""Queasy"" significa sentir-se mal, especialmente com náuseas ou tontura."
"131. What does ""queue"" mean in: ""Are you in the queue for tickets""?";✅ C - fila
;"Explicação: ""Queue"" significa uma fila de pessoas, como aquelas que esperam por ingressos."
"132. What does ""quicken the pace"" mean in: ""We’ll have to quicken the pace if we want to keep up with him""?";✅ E - acelerar
;"Explicação: ""Quicken the pace"" significa aumentar a velocidade ou acelerar o ritmo."
"133. What does ""quipped"" mean in: ""When asked earlier why he seemed to be so relaxed, Mr McCarthy quipped: 'It’s the drugs'""?";✅ A - gracejou
;"Explicação: ""Quipped"" significa fazer uma piada ou comentário espirituoso."
"134. What does ""quibbling"" mean in: ""There’s no point quibbling over a couple of dollars""?";✅ D - criar caso
;"Explicação: ""Quibbling"" significa discutir ou reclamar de maneira insignificante sobre algo pequeno."
"135. What does ""quivered"" mean in: ""Lennie’s bottom lip quivered and tears started in his eyes""?";✅ B - tremeu
;"Explicação: ""Quivered"" significa tremer ou vibrar, geralmente devido a emoções fortes."
"136. What does ""racked"" mean in: ""Even at the end, when cancer racked his body, he was calm and cheerful""?";✅ A - torturava
;"Explicação: ""Racked"" significa causar grande sofrimento ou dor intensa, como no caso de doenças graves."
"What does ""ragged"" mean in: ""The team were rather ragged in the first half of the match, but improved in the second half""?";✅ C - irregular
;"Explicação: ""Ragged"" aqui significa ""irregular"" ou ""desorganizado"", indicando um desempenho inconsistente da equipe."
"138. What does ""raking up"" mean in: ""She’s always raking up that old quarrel""?";✅ C - desenterrando
;"Explicação: ""Raking up"" significa trazer de volta à tona um problema ou assunto antigo, como uma briga passada."
"139. What does ""rampant"" mean in: ""Rampant inflation means that our wage increases soon become worth nothing""?";✅ B - desenfreada
;"Explicação: ""Rampant"" significa algo que está fora de controle ou acontecendo de forma desenfreada, como a inflação."
"140. What does ""rapport"" mean in: ""She has an excellent rapport with her staff""?";✅ D - entrosamento
;"Explicação: ""Rapport"" se refere a uma relação de confiança e entendimento mútuo, como o bom entrosamento entre ela e sua equipe."
"141. What does ""ravishing"" mean in: ""She looked ravishing!""?";✅ A - encantadora
;"Explicação: ""Ravishing"" significa extremamente bonita ou deslumbrante."
"142. What does ""reckoned"" mean in: ""She was widely reckoned the best actress of her generation""?";✅ D - considerada
;"Explicação: ""Reckoned"" significa ser considerada ou estimada como a melhor atriz de sua geração."
"143. What does ""rehearsed"" mean in: ""On her way to her interview she silently rehearsed what she would say""?";✅ E - ensaiava
;"Explicação: ""Rehearsed"" significa praticar ou ensaiar o que será dito, como preparação para uma entrevista."
"144. What does ""relayed"" mean in: ""I was told the news first and then I relayed it to the others""?";✅ D - comuniquei
;"Explicação: ""Relayed"" significa passar a informação adiante, ou comunicar a outras pessoas."
"145. What does ""rile"" mean in: ""Don’t let her rile you""?";✅ A - irritar
;"Explicação: ""Rile"" significa irritar ou agitar alguém, geralmente de forma provocadora."
"What does ""rouse"" mean in: ""The speaker attempted to rouse the crowd with a cry for action""?";✅ C - incitar
;"Explicação: ""Rouse"" significa despertar ou incitar, especialmente para provocar ação ou emoção."
"147. What does ""runner-up"" mean in: ""He was the runner-up of the race""?";✅ D - segundo colocado
;"Explicação: ""Runner-up"" é o segundo lugar em uma competição."
"148. What does ""ruthless"" mean in: ""Some people believe that to succeed in this world you have to be ruthless""?";✅ B - impiedoso
;"Explicação: ""Ruthless"" significa ser sem compaixão, implacável, ou impiedoso."
"149. What does ""sagely"" mean in: ""He nodded his head sagely""?";✅ A - sabiamente
;"Explicação: ""Sagely"" significa de forma sábia ou com sabedoria."
"150. What does ""sated"" mean in: ""I’m already sated""?";✅ D - saciado
;"Explicação: ""Sated"" significa estar completamente satisfeito, especialmente em relação à comida ou desejo."
"151. What does ""scoffed"" mean in: ""I baked a huge cake this morning, and the kids scoffed the lot""?";✅ E - devoraram
;"Explicação: ""Scoffed"" significa comer rapidamente e com grande prazer, como se estivesse devorando algo."
"152. What does ""broaden the scope"" mean in: ""We would now like to broaden the scope of the enquiry and look at more general matters""?";✅ A - extensão
;"Explicação: ""Broaden the scope"" significa expandir o alcance ou a abrangência de algo."
"153. What does ""shivering"" mean in: ""The poor dog - it’s shivering!""?";✅ C - tremendo
;"Explicação: ""Shivering"" significa tremer, geralmente devido ao frio, medo ou nervosismo."
What is the American space shuttle used for?;✅ B - ônibus espacial
;"Explicação: O ""Space Shuttle"" (ônibus espacial) é uma nave reutilizável usada para transportar cargas e astronautas para o espaço."
"155. What does ""slake"" mean in: ""I don’t think Rick will ever manage to slake his lust for power""?";✅ A - saciar
;"Explicação: ""Slake"" significa satisfazer ou saciar um desejo ou necessidade."
"156. What does ""sneer"" mean in: ""You may sneer, but a lot of people like this kind of music""?";✅ A - ironizar
;"Explicação: ""Sneer"" significa mostrar desprezo ou zombar de algo com desdém."
"157. What does ""soothe"" mean in: ""She soothed the crying baby""?";✅ E - acalmou
;"Explicação: ""Soothe"" significa acalmar ou tranquilizar alguém, geralmente com palavras gentis ou ações."
"158. What does ""tainted"" mean in: ""His reputation was permanently tainted by the financial scandal""?";✅ D - manchada
;"Explicação: ""Tainted"" significa manchada ou corrompida, especialmente no contexto de uma reputação."
"159. What does ""telling-off"" mean in: ""He gave me a good telling-off for forgetting the meeting""?";✅ D - bronca
;"Explicação: ""Telling-off"" é uma repreensão ou bronca dada a alguém por um erro ou comportamento inadequado."
"160. What does ""thaw"" mean in: ""Allow the meat to thaw properly before cooking it""?";✅ E - degelar
;"Explicação: ""Thaw"" significa descongelar ou derreter algo congelado, como carne ou alimentos."
"161. What does ""hanging by a thread"" mean in: ""The mayor’s political future has been hanging by a thread since the fraud scandal""?";✅ C - está por um fio
;"Explicação: A expressão ""hanging by a thread"" significa que algo está em uma situação muito precária ou vulnerável."
"162. What does ""thrive"" mean in: ""His business thrived in the years before the war""?";✅ B - prosperou
;"Explicação: ""Thrive"" significa prosperar, crescer ou ter sucesso, especialmente em negócios ou condições favoráveis."
"What does ""touting"" mean in: ""Several insurance companies are now touting their wares on local radio""?";✅ A - anunciando
;"Explicação: ""Touting"" significa promover ou anunciar algo de forma agressiva ou chamativa."
"164. What does ""trait"" mean in: ""Arrogance is a very unattractive personality trait""?";✅ C - traço
;"Explicação: ""Trait"" se refere a uma característica ou qualidade, geralmente da personalidade de uma pessoa."
"165. What does ""trawl through"" mean in: ""You need to trawl through a lot of data to get results that are valid""?";✅ A - pesquisar
;"Explicação: ""Trawl through"" significa examinar ou pesquisar profundamente uma grande quantidade de informações."
"166. What do ""tuition fees"" refer to?";✅ E - educação
;"Explicação: ""Tuition fees"" se referem aos custos de matrícula ou mensalidades cobradas por instituições educacionais."
"167. What does ""ubiquitous"" mean in: ""The Swedes are not alone in finding their language under pressure from the ubiquitous spread of English""?";✅ B - onipresente
;"Explicação: ""Ubiquitous"" significa algo que está presente em todos os lugares ou é muito comum."
"168. What does ""unbiased"" mean in: ""She gave an unbiased opinion about the issue""?";✅ D - imparcial
;"Explicação: ""Unbiased"" significa algo que não é influenciado por preferências ou preconceitos, ou seja, imparcial."
"169. What does ""undue"" mean in: ""Such a high increase will impose an undue burden on the local taxpayer""?";✅ D - exagerado
;"Explicação: ""Undue"" significa algo que é excessivo ou não justificado."
"170. What does ""unseemly"" mean in: ""His behaviour was unseemly""?";✅ C - inadequado
;"Explicação: ""Unseemly"" significa algo que não é adequado, apropriado ou que viola normas de comportamento."
"171. What does ""upshot"" mean in: ""The upshot of the discussions is that there will be no redundancies""?";✅ C - resultado
;"Explicação: ""Upshot"" significa o resultado final ou a consequência de algo."
"172. What does ""utter"" mean in: ""She sat through the whole meeting without uttering a word""?";✅ A - proferir
;"Explicação: ""Utter"" significa dizer ou proferir palavras."
"173. What does ""vanquished"" mean in: ""The vanquished army surrendered their weapons""?";✅ B - derrotado
;"Explicação: ""Vanquished"" significa algo ou alguém que foi derrotado ou subjugado em uma batalha ou competição."
"What is the meaning of ""vault"" in: ""She entered the vault with an armed guard""?";✅ A - caixa-forte
;"Explicação: ""Vault"" pode se referir a um cofre ou caixa-forte, geralmente usado para armazenar objetos valiosos."
"175. What does ""vex"" mean in: ""This issue looks likely to continue to vex the government""?";✅ D - irritar
;"Explicação: ""Vex"" significa causar irritação ou angústia."
"176. What does ""vie"" mean in: ""The two older children tend to vie with the younger one for their mother’s attention""?";✅ D - competir
;"Explicação: ""Vie"" significa competir ou disputar algo."
"177. What does ""vouch"" mean in: ""As a medical examiner I can vouch from experience that his death was accidental""?";✅ E - garantir
;"Explicação: ""Vouch"" significa garantir ou confirmar algo com base na própria experiência."
"178. What does ""wail"" mean in: ""The women gathered around the coffin and began to wail""?";✅ A - lamentar
;"Explicação: ""Wail"" significa lamentar de forma alta e expressiva, geralmente devido a dor ou tristeza."
"179. What does ""x-rated"" mean in: ""This film is x-rated""?";✅ B - obsceno
;"Explicação: ""X-rated"" é uma classificação que indica conteúdo adulto ou obsceno, geralmente com cenas explícitas."
"180. What does ""yore"" mean in: ""This was once a Roman road in days of yore""?";✅ C - outrora
;"Explicação: ""Yore"" refere-se a tempos antigos ou passados, geralmente com conotação nostálgica."
"181. What does ""prurient"" mean in: ""He denied that the article had been in any way prurient""?";✅ A - lascivo
;"Explicação: ""Prurient"" significa algo relacionado ao desejo sexual imoral ou lascivo."
"182. What does ""spurious"" mean in: ""Some of the arguments in favour of shutting the factory are questionable and others downright spurious""?";✅ C - falsos
;"Explicação: ""Spurious"" significa algo falso ou enganoso, que não tem base legítima."
"What does ""toughened up"" mean in: ""His time in the army certainly toughened him up""?";✅ D - fortaleceu
;"Explicação: ""Toughened up"" significa tornar alguém mais forte, resistente ou duro, tanto fisicamente quanto mentalmente."
"184. What does ""allay"" mean in: ""The government is trying to allay public concern about the spread of the disease""?";✅ B - diminuir
;"Explicação: ""Allay"" significa reduzir, aliviar ou diminuir algo, especialmente preocupações ou medos."
"185. What does ""accrue"" mean in: ""Interest will accrue on the account at a rate of seven percent""?";✅ D - acumulados
;"Explicação: ""Accrue"" significa acumular ou ser gerado ao longo do tempo, como juros ou benefícios."
"186. What does ""oust"" mean in: ""Police are trying to oust drug dealers from the city centre""?";✅ A - expulsar
;"Explicação: ""Oust"" significa expulsar ou remover alguém de uma posição ou lugar, geralmente de maneira forçada."
"187. What does ""red tape"" mean in: ""We must cut through the red tape""?";✅ B - burocracia
;"Explicação: ""Red tape"" refere-se à burocracia excessiva, procedimentos formais ou regulamentações que dificultam a realização de algo."
"188. What does ""touting"" mean in: ""For every study touting the benefits of hormone therapy, another warns of the risks""?";✅ E - exaltando
;"Explicação: ""Touting"" significa promover ou exaltar algo de forma agressiva, frequentemente com um tom positivo."
"189. What does ""plodded"" mean in: ""We plodded through the mud""?";✅ C - caminhamos com dificuldade
;"Explicação: ""Plodded"" significa caminhar lentamente e com esforço, especialmente em condições difíceis."
"190. What does ""staples"" mean in: ""Shortages mean that even staples are difficult to find""?";✅ D - produtos básicos
;"Explicação: ""Staples"" refere-se a itens essenciais ou produtos básicos que são necessários para a vida cotidiana, como alimentos ou materiais de escritório."
"What does ""floundering"" mean in: ""In 1986 Richardson resigned as chairman, leaving the company floundering""?";✅ A - patinando na lama
;"Explicação: ""Floundering"" significa estar em dificuldades, lutando para se manter estável ou com falta de direção."
"192. What does ""stack up"" mean in: ""The new model of this car just doesn’t stack up against previous models""?";✅ D - se compara
;"Explicação: ""Stack up"" significa comparar-se ou ter a mesma qualidade ou desempenho de algo, normalmente em um contexto de comparação."
"193. What does ""assess"" mean in: ""The insurers will need to assess the flood damage""?";✅ B - avaliar
;"Explicação: ""Assess"" significa avaliar ou estimar o valor ou o impacto de algo, como danos ou riscos."
"194. What does ""starchy"" mean in: ""Museums are trying to shake off their starchy image""?";✅ E - formal
;"Explicação: ""Starchy"" descreve algo excessivamente formal ou rígido, sem flexibilidade ou uma abordagem amigável."
"195. What does ""glaring"" mean in: ""The judge committed a glaring injustice""?";✅ C - evidente
;"Explicação: ""Glaring"" significa algo muito óbvio ou evidente, especialmente em um contexto negativo."
"196. What does ""irascible"" mean in: ""She’s becoming more and more irascible as she grows older""?";✅ A - irritável
;"Explicação: ""Irascible"" significa ser facilmente irritado ou propenso a perder a paciência."
"197. What does ""drab"" mean in: ""She walked through the city centre with its drab, grey buildings and felt depressed""?";✅ C - monótonos
;"Explicação: ""Drab"" descreve algo sem cor ou vida, geralmente entediante ou sem atração."
"198. What does ""breezy"" mean in: ""He had the breezy manner of a salesman""?";✅ B - alegre
;"Explicação: ""Breezy"" descreve uma maneira descontraída e alegre, frequentemente associada a uma atitude relaxada ou otimista."
"199. What does ""daunted"" mean in: ""She was not at all daunted by the size of the problem""?";✅ E - intimidada
;"Explicação: ""Daunted"" significa ser intimado ou assustado por algo, especialmente um desafio."
"200. What does ""recanted"" mean in: ""After a year spent in solitary confinement, he publicly recanted""?";✅ E - se abjurou
;"Explicação: ""Recanted"" significa retratar publicamente uma declaração ou crença, geralmente após pressão ou reflexão."
A vírgula no fragmento “Desprezo o que dizes, mas defenderei até a morte o teu direito a dizê-lo” é obrigatória?;✅ Certo
;"Explicação: A oração ""mas defenderei até a morte o teu direito"" é coordenada sindética adversativa, e a vírgula antes da conjunção ""mas"" é obrigatória para indicar a oposição entre as ideias."
2. A substituição de “Afinal” por “Contudo” manteria o sentido original do texto no fragmento sobre a velocidade da informação?;✅ Errado
;"Explicação: ""Afinal"" transmite uma ideia de conclusão, enquanto ""Contudo"" sugere uma ideia de oposição. Não é possível substituir um pelo outro sem alterar o sentido do texto."
3. A correção gramatical e a coerência do texto seriam mantidas caso fosse inserida a expressão “por isso” entre “e” e “não” no fragmento sobre liberdade de expressão?;✅ Certo
;"Explicação: O uso de ""por isso"" não altera a coerência do texto, já que a conjunção ""e"" tem um valor de conclusão, e ""por isso"" enfatiza essa ideia de forma adequada."
4. A substituição de “ou” por “e” em “o poder de tributar está na origem do Estado ou do ente político” prejudicaria a correção gramatical do texto?;✅ Errado
;"Explicação: A conjunção ""ou"" no contexto transmite uma ideia de escolha, indicando que o poder de tributar está na origem de qualquer um dos elementos mencionados. A troca por ""e"" não prejudica a correção gramatical."
5. A supressão dos parênteses em “(ou a vida pré-política da humanidade)” alteraria o sentido do texto?;✅ Certo
;"Explicação: A expressão entre parênteses é uma explicação adicional do autor. Se for retirada, o significado muda, pois se entenderia que Hobbes usou o termo “vida pré-política” como sinônimo de ""estado natural"", o que não é o caso."
6. A forma verbal “seria” em “seria comparável a usurpação ou roubo” transmite dúvida quanto à concretização da comparação?;✅ Errado
;"Explicação: O verbo ""seria"" no futuro do pretérito expressa uma hipótese, não dúvida. O sentido é de que qualquer imposição tributária privada é, sem dúvida, comparável a usurpação ou roubo."
;
;
;
"Twirl"" significa girar ou rodopiar.";"✅ Certo. ""Twirl"" é um verbo que significa girar rapidamente em torno de si mesmo."
"""Jolting"" refere-se a um movimento suave e contínuo.";"❌ Errado. ""Jolting"" descreve um movimento brusco ou súbito, como um solavanco."
"""Diminish"" significa aumentar algo gradualmente.";"❌ Errado. ""Diminish"" significa diminuir ou reduzir."
"""Coastal"" é um adjetivo relacionado ao interior de um país.";"❌ Errado. ""Coastal"" refere-se às áreas próximas ao mar ou à costa."
"""Rare"" significa algo comum e frequente.";"❌ Errado. ""Rare"" significa algo incomum ou pouco frequente."
"""Sputtering"" é um som contínuo e suave, como o de um riacho.";"❌ Errado. ""Sputtering"" é um som irregular, intermitente, como o de algo falhando ou tossindo."
"""Gulped"" significa engolir rapidamente.";"✅ Certo. ""Gulped"" quer dizer engolir rapidamente, geralmente por necessidade ou ansiedade."
"""Reassured"" significa causar preocupação em alguém.";"❌ Errado. ""Reassured"" significa confortar ou aliviar a preocupação de alguém."
"""Stowed"" significa guardar algo de forma segura.";"✅ Certo. ""Stowed"" significa guardar ou armazenar algo, geralmente de maneira organizada e segura."
"""Outermost"" significa mais próximo do centro.";"❌ Errado. ""Outermost"" significa o mais externo, o mais distante do centro."
"""Bulging"" descreve algo que está se expandindo ou projetando para fora.";"✅ Certo. ""Bulging"" significa inchado ou protuberante."
"""Mock sorrow"" é uma tristeza verdadeira e sincera.";"❌ Errado. ""Mock sorrow"" significa tristeza fingida, uma simulação de pesar."
"""Knelt"" é o passado de ""kneel"", que significa ajoelhar-se.";"✅ Certo. ""Knelt"" é o passado de ""kneel"" (ajoelhar-se)."
"""Reef"" é uma formação rochosa ou de corais submersa.";"✅ Certo. ""Reef"" significa recife, uma formação natural geralmente subaquática."
"""Hovering"" significa pairar ou permanecer suspenso no ar.";"✅ Certo. ""Hovering"" significa flutuar ou pairar no ar sem tocar o solo."
"""Hauls"" refere-se a pequenas quantidades transportadas com facilidade.";"❌ Errado. ""Hauls"" geralmente se refere a grandes quantidades ou cargas que são transportadas, especialmente com esforço."
"""Buoy"" é um objeto flutuante usado como sinalização ou marcação no mar.";"✅ Certo. ""Buoy"" é uma boia que serve de sinalização ou demarcação náutica."
"""Absence"" significa a presença de alguém ou algo.";"❌ Errado. ""Absence"" significa a falta ou ausência de alguém ou algo."
"""Drenching"" significa molhar levemente ou umedecer.";"❌ Errado. ""Drenching"" significa encharcar ou molhar completamente."
"""Beckon"" significa chamar ou atrair alguém com um gesto.";"✅ Certo. ""Beckon"" significa fazer um sinal ou gesto para chamar ou atrair alguém."
"""Weighing"" refere-se ao ato de medir o peso de algo.";"✅ Certo. ""Weighing"" significa pesar ou avaliar o peso de algo."
"""Predawn"" refere-se ao período logo após o nascer do sol.";"❌ Errado. ""Predawn"" significa antes do amanhecer, ou seja, antes do nascer do sol."
"""Shivering"" significa tremer, geralmente por frio ou medo.";"✅ Certo. ""Shivering"" significa tremer involuntariamente, comumente devido ao frio ou medo."
"""Waddles"" descreve um caminhar firme e elegante.";"❌ Errado. ""Waddles"" descreve um caminhar desajeitado, típico de patos ou pinguins."
"""Wafts"" significa mover-se ou ser transportado suavemente pelo ar.";"✅ Certo. ""Wafts"" significa flutuar ou ser levado suavemente pelo ar, como um aroma."
"""Whirling"" significa permanecer completamente imóvel.";"❌ Errado. ""Whirling"" significa girar ou rodopiar rapidamente."
"""Wiping a lock"" significa limpar uma fechadura.";"❌ Errado. ""Wiping a lock"" refere-se a limpar uma mecha de cabelo (""lock"" neste caso é mecha)."
"""Hisses"" é um som suave e melódico, como de um canto.";"❌ Errado. ""Hisses"" é um som sibilante ou chiado, como o som feito por uma cobra ou ar saindo sob pressão."
"""Soothes"" significa acalmar ou aliviar.";"✅ Certo. ""Soothes"" significa confortar, acalmar ou aliviar."
"""Bulbous"" descreve algo em forma de bulbo, arredondado e inchado.";"✅ Certo. ""Bulbous"" significa que tem a forma de um bulbo, geralmente arredondado e saliente."
"Clatter"" significa um som alto e desordenado, como de objetos caindo.";"✅ Certo. ""Clatter"" descreve um ruído forte e caótico, típico de coisas metálicas ou duras caindo."
"""Commences"" significa terminar ou encerrar algo.";"❌ Errado. ""Commences"" significa começar ou iniciar algo."
"""Thrust upon her"" significa que algo foi imposto a ela sem escolha.";"✅ Certo. ""Thrust upon her"" significa que algo foi forçado ou imposto a ela."
"""Enlist"" significa se recusar a participar de algo.";"❌ Errado. ""Enlist"" significa alistar-se ou se inscrever voluntariamente para participar de algo."
"""Be despised"" significa ser muito admirado e amado.";"❌ Errado. ""Be despised"" significa ser desprezado ou odiado."
"""Assured"" significa ter confiança ou segurança em algo.";"✅ Certo. ""Assured"" quer dizer confiante, seguro ou garantido."
"""Bereft"" significa cheio de alguma coisa.";"❌ Errado. ""Bereft"" significa privado ou desprovido de algo importante."
"""Faltering"" significa vacilante ou hesitante.";"✅ Certo. ""Faltering"" significa hesitar, fraquejar ou titubear."
"""Foretold"" significa algo previsto ou anunciado anteriormente.";"✅ Certo. ""Foretold"" é o passado de ""foretell"", que significa prever ou profetizar."
"""Exudes"" significa emitir ou liberar algo gradualmente.";"✅ Certo. ""Exudes"" significa exalar, emanar ou liberar, como um líquido ou uma qualidade."
"""Quivers"" significa permanecer completamente imóvel.";"❌ Errado. ""Quivers"" significa tremer ou estremecer levemente."
"""Unfurls"" significa enrolar ou dobrar alguma coisa.";"❌ Errado. ""Unfurls"" significa desenrolar, abrir ou desdobrar algo, como uma bandeira."
"""Huddling"" significa reunir-se ou aglomerar-se para proteção ou conforto.";"✅ Certo. ""Huddling"" significa juntar-se apertadamente, geralmente por calor ou segurança."
"""Distraught"" significa muito calmo e sereno.";"❌ Errado. ""Distraught"" significa extremamente perturbado, angustiado ou desolado."
"""Restraint"" significa autocontrole ou limitação.";"✅ Certo. ""Restraint"" significa contenção, moderação ou autocontrole."
"""Fledged"" significa que algo ou alguém está completamente desenvolvido.";"✅ Certo. ""Fledged"" significa desenvolvido, especialmente quando um pássaro está pronto para voar."
"""Earshot"" significa estar fora do alcance da visão.";"❌ Errado. ""Earshot"" significa alcance auditivo, ou seja, a distância em que se pode ouvir algo."
"""Heaviness"" significa leveza e ausência de peso.";"❌ Errado. ""Heaviness"" significa peso, opressão ou gravidade."
"""Shivers"" significa tremores causados por frio, medo ou emoção.";"✅ Certo. ""Shivers"" são tremores involuntários, geralmente por frio ou emoção intensa."
"""Prowling"" significa mover-se furtivamente, como um predador.";"✅ Certo. ""Prowling"" significa rondar ou mover-se discretamente em busca de algo, como caça."
"""Attire"" significa vestuário ou roupa.";"✅ Certo. ""Attire"" é um substantivo que significa roupa ou traje, especialmente formal ou adequado a uma ocasião."
"""Stewardess"" é uma mulher que trabalha atendendo passageiros em aviões.";"✅ Certo. ""Stewardess"" é um termo tradicional para comissária de bordo, hoje muitas vezes substituído por ""flight attendant""."
"""Ushers"" significa pessoas que conduzem ou orientam os outros em eventos.";"✅ Certo. ""Ushers"" são pessoas responsáveis por conduzir ou orientar os outros, como em teatros ou cerimônias."
"""Throughout"" significa apenas no começo de um evento.";"❌ Errado. ""Throughout"" significa durante todo o tempo ou em toda a extensão de algo."
"""Wrenched"" significa puxado ou torcido de forma brusca.";"✅ Certo. ""Wrenched"" significa torcer ou puxar algo de forma súbita e com força."
"""Sobs"" significa soluços ou choros intensos.";"✅ Certo. ""Sobs"" são soluços ou choros convulsivos."
"""Rivulets"" significa pequenos fluxos ou filetes de líquido.";"✅ Certo. ""Rivulets"" são pequenos riachos ou filetes de água ou outro líquido."
"""Onward"" significa em direção adiante, continuando.";"✅ Certo. ""Onward"" significa seguir adiante ou prosseguir."
"""Plunges"" significa subir gradualmente e de forma constante.";"❌ Errado. ""Plunges"" significa mergulhar ou descer rapidamente e de forma abrupta."
"""Threshold"" significa limite ou ponto de entrada.";"✅ Certo. ""Threshold"" significa limiar, entrada ou início de algo."
"""Bestow"" significa conceder ou dar algo como honra ou presente.";"✅ Certo. ""Bestow"" significa conceder ou ofertar algo, geralmente como uma honra ou presente."
"""Cue"" significa um sinal ou estímulo para iniciar uma ação.";"✅ Certo. ""Cue"" significa uma deixa, um sinal para começar ou fazer algo."
"""Tender"" significa algo suave, delicado ou afetuoso.";"✅ Certo. ""Tender"" significa terno, suave ou afetuoso."
"""Storeys"" significa os andares ou níveis de um prédio.";"✅ Certo. ""Storeys"" (britânico) ou ""stories"" (americano) significa os andares ou pavimentos de uma construção."
"""Ushers"" também pode significar o ato de conduzir ou introduzir alguém em algum lugar.";"✅ Certo. ""Ushers"" funciona tanto como substantivo (pessoa que conduz) quanto como verbo (o ato de conduzir ou introduzir)."
"""Fitful slumber"" significa um sono profundo e contínuo.";"❌ Errado. ""Fitful slumber"" significa um sono intermitente, com interrupções ou agitação."
"""It is bare"" significa que está vazio ou desprovido de cobertura.";"✅ Certo. ""Bare"" significa nu, desprovido, sem cobertura ou decoração."
"""Ajar"" significa uma porta completamente fechada.";"❌ Errado. ""Ajar"" significa uma porta entreaberta, nem totalmente fechada nem totalmente aberta."
"""Quaver"" significa falar ou emitir sons com a voz trêmula.";"✅ Certo. ""Quaver"" é o ato de falar ou cantar com uma voz que treme, por nervosismo ou emoção."
"""Aback"" significa ser pego de surpresa ou espantado.";"✅ Certo. ""Taken aback"" significa ser surpreendido ou chocado por algo inesperado."
"""Haze"" significa uma condição de ar claro e límpido.";"❌ Errado. ""Haze"" significa névoa ou uma leve turvação do ar, dificultando a visão."
"""Perils"" significa perigos ou riscos graves.";"✅ Certo. ""Perils"" é o plural de ""peril"", que significa perigo, risco."
"""Beseeching"" significa implorar ou suplicar intensamente.";"✅ Certo. ""Beseeching"" significa pedir ou implorar de forma intensa e desesperada."
"""Huddles"" significa espalhar-se amplamente e sem ordem.";"❌ Errado. ""Huddles"" significa reunir-se ou aglomerar-se apertadamente, geralmente por segurança ou conforto."
"""Shears"" são grandes tesouras usadas especialmente para cortar lã ou plantas.";"✅ Certo. ""Shears"" são tesouras grandes, frequentemente usadas para tosquia de ovelhas ou jardinagem."
"""Tether"" significa prender algo com uma corda ou corrente.";"✅ Certo. ""Tether"" significa amarrar ou prender, normalmente para impedir que algo se mova livremente."
"""Distraught"" significa extremamente perturbado ou angustiado.";"✅ Certo. ""Distraught"" descreve um estado emocional de grande angústia ou perturbação."
"""Threadbare"" significa algo novo, em perfeito estado.";"❌ Errado. ""Threadbare"" significa gasto, puído ou esfarrapado, especialmente em referência a tecidos ou roupas muito usadas."
"""Basin"" significa uma tigela ou recipiente, geralmente para líquidos.";"✅ Certo. ""Basin"" é um recipiente usado para conter líquidos, como uma bacia ou pia."
"""Satchel"" significa uma pequena bolsa ou mochila, geralmente com alça.";"✅ Certo. ""Satchel"" é uma bolsa, normalmente de couro, usada para carregar livros ou objetos pessoais."
"""Stagger"" significa caminhar de maneira firme e segura.";"❌ Errado. ""Stagger"" significa cambalear ou andar de maneira instável, como alguém tonto ou ferido."
"""Bestow"" significa conceder ou presentear algo, geralmente como honra.";"✅ Certo. ""Bestow"" significa conceder, dar, normalmente algo de valor simbólico ou honorífico."
"""Squirms"" significa mover-se de forma inquieta, contorcendo-se.";"✅ Certo. ""Squirms"" descreve movimentos inquietos ou contorcidos, geralmente por desconforto ou nervosismo."
"""Whims"" significa desejos ou caprichos súbitos e imprevisíveis.";"✅ Certo. ""Whims"" são impulsos ou vontades súbitas, muitas vezes irracionais ou caprichosas."
