Para o realismo, os Estados são os principais atores das relações internacionais.;Certo
Segundo o realismo, a segurança é uma das principais preocupações dos Estados.;Certo
O liberalismo considera que a cooperação internacional é impossível devido à anarquia do sistema internacional.;Errado
A teoria da paz democrática sustenta que democracias dificilmente entram em guerra entre si.;Certo
O realismo enfatiza ganhos relativos nas relações internacionais.;Certo
O liberalismo tende a enfatizar ganhos absolutos na cooperação internacional.;Certo
O neorrealismo atribui grande importância à estrutura do sistema internacional.;Certo
O realismo ofensivo defende que os Estados devem buscar maximizar seu poder.;Certo
O realismo defensivo sustenta que a busca excessiva por poder pode reduzir a segurança do Estado.;Certo
A interdependência complexa foi desenvolvida por Robert Keohane e Joseph Nye.;Certo
A interdependência complexa afirma que o uso da força militar é sempre o instrumento dominante entre os Estados.;Errado
O neoliberalismo institucional considera que instituições internacionais podem facilitar a cooperação.;Certo
Para o construtivismo, identidades e normas influenciam o comportamento dos Estados.;Certo
Alexander Wendt é um dos principais autores do construtivismo.;Certo
A frase ""Anarchy is what states make of it"" está associada ao construtivismo.";Certo
Segundo Wendt, as instituições existem independentemente das ideias compartilhadas pelos atores.;Errado
A Escola de Copenhague desenvolveu o conceito de securitização.;Certo
Na teoria da securitização, basta existir uma ameaça objetiva para que ocorra a securitização.;Errado
A Escola Inglesa trabalha com os conceitos de sistema internacional, sociedade internacional e sociedade mundial.;Certo
O feminismo nas Relações Internacionais critica a exclusão das questões de gênero da análise internacional.;Certo
O pós-colonialismo critica a centralidade das perspectivas ocidentais nas Relações Internacionais.;Certo
A Teoria Crítica questiona as estruturas de poder existentes no sistema internacional.;Certo
A geopolítica clássica possui forte afinidade com o paradigma realista.;Certo
O conceito de ""Estado-tampão"" refere-se a um Estado que atua como amortecedor entre potências rivais.";Certo
O conceito de ""balcanização"" refere-se ao processo de fragmentação política de uma região.";Certo
Balance of Power significa equilíbrio na distribuição do poder entre os Estados.;Certo
Para Hans Morgenthau, o interesse nacional é definido em termos de poder.;Certo
Kenneth Waltz é considerado o principal representante do neorrealismo.;Certo
John Mearsheimer é associado ao realismo ofensivo.;Certo
O liberalismo considera irrelevantes as organizações internacionais.;Errado
A ONU pode ser compreendida, pelo neoliberalismo institucional, como uma instituição que favorece a cooperação.;Certo
Segundo o realismo, a política interna explica melhor o comportamento internacional dos Estados do que a distribuição de poder.;Errado
O construtivismo afirma que o sistema internacional é socialmente construído.;Certo
Os construtivistas rejeitam a ideia de que interesses estatais sejam fixos e imutáveis.;Certo
O conceito de soberania é central para o estudo das Relações Internacionais.;Certo
A anarquia no sistema internacional significa ausência de governo mundial superior aos Estados.;Certo
Anarquia significa necessariamente caos e guerra permanente.;Errado
Organizações internacionais são exemplos de atores internacionais.;Certo
Empresas multinacionais podem ser consideradas atores internacionais.;Certo
ONGs transnacionais podem influenciar a política internacional.;Certo
Para o realismo clássico, Tucídides e Hobbes são importantes referências teóricas.;Certo
Maquiavel também é frequentemente associado à tradição realista.;Certo
A Escola Inglesa considera que existe uma sociedade internacional composta por Estados.;Certo
A teoria da paz democrática pertence à tradição liberal.;Certo
A intensificação do comércio internacional pode favorecer a paz segundo o liberalismo.;Certo
Norman Angell defendia que a guerra não traz benefícios econômicos duradouros aos agressores.;Certo
Friedrich Ratzel desenvolveu o conceito de espaço vital (Lebensraum).;Certo
Para Ratzel, o Estado pode ser compreendido como um organismo vivo.;Certo
A noção de polos de poder continua sendo útil para analisar o sistema internacional contemporâneo.;Certo
O equilíbrio de poder busca impedir a hegemonia absoluta de um único Estado.;Certo
Segundo a Escola de Copenhague, um processo de securitização depende da aceitação do discurso pela audiência.;Certo
A alta política está tradicionalmente relacionada à segurança e defesa.;Certo
A baixa política envolve temas econômicos, sociais e ambientais.;Certo
A teoria da interdependência complexa elimina completamente a importância da força militar.;Errado
O construtivismo considera que normas internacionais podem modificar interesses estatais.;Certo
O pós-estruturalismo enfatiza o papel do discurso na construção da realidade internacional.;Certo
O feminismo defende que apenas Estados devem ser estudados nas Relações Internacionais.;Errado
O pós-colonialismo critica o eurocentrismo presente nas teorias tradicionais.;Certo
A Teoria Crítica procura apenas descrever a realidade internacional sem questioná-la.;Errado
A distribuição de capacidades entre os Estados é elemento central do neorrealismo.;Certo
Para o realismo, a sobrevivência do Estado é um objetivo fundamental.;Certo
O liberalismo considera que a cooperação é possível mesmo em um sistema anárquico.;Certo
Segundo o construtivismo, identidades podem mudar ao longo do tempo.;Certo
O sistema internacional é composto exclusivamente por organizações internacionais.;Errado
O Estado continua sendo um ator central para a maior parte das teorias tradicionais das Relações Internacionais.;Certo
O Primeiro Debate contribuiu para a autonomia científica das Relações Internacionais e consolidou o liberalismo como teoria predominante até a Segunda Guerra Mundial.;Certo
A interdependência complexa é um conceito central do neoliberalismo institucional.;Certo
A interdependência complexa elimina completamente as assimetrias entre os atores internacionais.;Errado
A interdependência complexa tende a aumentar as possibilidades de cooperação entre os Estados.;Certo
O Comitê Britânico de Teoria de Política Internacional está associado ao desenvolvimento da Escola Inglesa.;Certo
A Escola Inglesa utiliza as tradições hobbesiana, grotiana e kantiana (os ""3R's"") para interpretar as relações internacionais.";Certo
Para o neorrealismo, a anarquia é uma construção social produzida pelos próprios Estados.;Errado
Para o construtivismo, a anarquia depende dos significados compartilhados entre os Estados.;Certo
Para os neorrealistas, a anarquia gera um sistema de autoajuda (self-help).;Certo
Para o construtivismo, a cultura kantiana representa uma possibilidade de superação da lógica conflitiva.;Certo
O realismo e o liberalismo compartilham pressupostos racionalistas nas Relações Internacionais.;Certo
Tanto realistas quanto liberais consideram o Estado um ator fundamental das Relações Internacionais.;Certo
No neorrealismo, mesmo Estados revolucionários são constrangidos pela estrutura anárquica do sistema internacional.;Certo
O pós-colonialismo busca evidenciar conhecimentos e perspectivas historicamente silenciados.;Certo
O pós-colonialismo reforça a universalidade das teorias ocidentais tradicionais.;Errado
Os neoliberais distinguem a interdependência como retórica da interdependência como conceito analítico.;Certo
Sensibilidade e vulnerabilidade são conceitos centrais da teoria da interdependência complexa.;Certo
A Teoria da Paz Democrática sustenta que democracias raramente entram em guerra entre si.;Certo
Segundo a Teoria da Paz Democrática, regimes autoritários enfrentam menos controles internos para iniciar guerras.;Certo
A Teoria Crítica defende neutralidade absoluta e imparcialidade como princípios centrais da pesquisa científica.;Errado
A teoria pós-estruturalista enfatiza o papel do discurso na construção da realidade internacional.;Certo
Para os liberais, organizações internacionais aumentam previsibilidade, estabilidade e fluxo de informações.;Certo
Para os realistas, organizações internacionais determinam as escolhas dos Estados.;Errado
Os realistas tendem a privilegiar ganhos relativos em detrimento dos ganhos absolutos.;Certo
A revolução behaviorista ampliou o uso de métodos quantitativos nas Relações Internacionais.;Certo
A revolução behaviorista buscou conferir maior cientificidade às pesquisas em Relações Internacionais.;Certo
O debate sobre níveis de análise ganhou força durante a revolução behaviorista.;Certo
Para o neorrealismo, a soberania caracteriza os Estados como unidades autônomas do sistema internacional.;Certo
O princípio da soberania garante legitimidade aos Estados no sistema internacional.;Certo
As teorias críticas entendem a soberania como uma construção histórica e social.;Certo
A criação da ONU enfraqueceu o princípio da igualdade soberana previsto na Carta das Nações Unidas.;Errado
A Carta da ONU afirma o princípio da igualdade soberana entre os Estados-membros.;Certo
Para o construtivismo, a soberania é uma instituição baseada em entendimentos intersubjetivos.;Certo
Segundo o construtivismo, normas compartilhadas influenciam a forma como os Estados justificam suas ações.;Certo
A diplomacia continua sendo útil mesmo durante conflitos armados entre Estados.;Certo
Durante guerras, a diplomacia pode servir para reduzir tensões e manter canais de comunicação.;Certo
A decisão de mobilização militar integra uma estratégia de política externa, e não a diplomacia em sentido estrito.;Certo
O envio de telegramas diplomáticos faz parte das atividades tradicionais da diplomacia.;Certo
O realismo considera a diplomacia totalmente irrelevante como instrumento de poder.;Errado
Para os realistas, a diplomacia pode servir aos interesses nacionais e à busca de poder.;Certo
Representar, informar e negociar são funções clássicas da diplomacia.;Certo
A diplomacia pública ganhou maior relevância com a expansão das tecnologias de comunicação e das redes sociais.;Certo
A diplomacia pública limita-se exclusivamente às negociações secretas entre governos.;Errado
A política externa possui escopo mais amplo do que a diplomacia.;Certo
A diplomacia é um dos instrumentos de execução da política externa.;Certo
A Escola Inglesa valoriza a diplomacia como uma das instituições fundamentais da sociedade internacional.;Certo
A soberania, para o construtivismo, existe independentemente de normas e práticas sociais.;Errado
A interdependência complexa pressupõe múltiplos canais de interação entre sociedades.;Certo
Na interdependência complexa, nem sempre os assuntos militares ocupam posição hierárquica superior.;Certo
Segundo o neorrealismo, a estrutura internacional condiciona o comportamento dos Estados.;Certo
A ascensão da China levou os EUA a adotarem estratégias para conter sua influência no Indo-Pacífico e em outras regiões estratégicas.;Certo
O fim da União Soviética tornou a teoria do Rimland completamente obsoleta.;Errado
A OTAN perdeu sua relevância estratégica após o fim da Guerra Fria.;Errado
A teoria do Rimland é também conhecida como teoria do choque das civilizações.;Errado
A teoria do choque das civilizações foi formulada por Nicholas Spykman.;Errado
Ucrânia e Taiwan constituem importantes focos contemporâneos de competição geopolítica entre grandes potências.;Certo
O realismo defensivo sustenta que os Estados devem maximizar seu poder sempre que possível.;Errado
O realismo defensivo entende que a busca excessiva por poder pode reduzir a segurança dos próprios Estados.;Certo
Para o realismo defensivo, a sobrevivência é o principal objetivo dos Estados.;Certo
Segundo Mackinder, o Heartland corresponde ao núcleo continental da Eurásia.;Certo
Segundo Mackinder, o Heartland corresponde ao cinturão costeiro da Eurásia.;Errado
O Rimland corresponde à faixa periférica marítima que circunda o Heartland.;Certo
O Heartland estende-se aproximadamente do Oceano Ártico até a Ásia Central.;Certo
Mackinder atribuía grande importância estratégica aos recursos naturais do Heartland.;Certo
A teoria de Mackinder afirma que quem controla o Heartland possui grande vantagem geopolítica.;Certo
Segundo Mackinder, o Heartland impede o avanço da Rússia em direção ao Rimland.;Errado
A teoria de Mackinder enfatiza prioritariamente o poder terrestre.;Certo
A teoria de Mackinder considera irrelevante o poder marítimo.;Errado
Para Maquiavel, um príncipe deve agir conforme as circunstâncias para preservar o poder.;Certo
Segundo Maquiavel, seguir sempre a moral cristã é a melhor estratégia para manter o poder.;Errado
Em Maquiavel, virtù refere-se à capacidade política, habilidade e prudência do governante.;Certo
Em Maquiavel, fortuna representa apenas riqueza material.;Errado
A frase ""os fins justificam os meios"" não aparece literalmente em O Príncipe, embora sintetize uma interpretação da obra.";Certo
Após a Guerra Fria, meio ambiente e direitos humanos ganharam maior espaço na agenda internacional.;Certo
Livre mercado e desregulamentação tornaram-se temas importantes da agenda global no pós-Guerra Fria.;Certo
A opinião pública tornou-se completamente irrelevante para a política externa dos Estados.;Errado
A governança global reduz a centralidade exclusiva do Estado nas relações internacionais.;Certo
A ideia de império é anterior ao sistema moderno de Estados.;Certo
O sistema moderno de Estados consolidou-se após a Paz de Vestfália (1648).;Certo
O desenvolvimento industrial contribuiu para a consolidação do sistema moderno de Estados.;Certo
Em um sistema unipolar, apenas um Estado concentra a maior parcela de poder.;Certo
Em um sistema unipolar, os Estados deixam de existir como atores internacionais.;Errado
O poder é o único conceito relevante para o estudo das Relações Internacionais.;Errado
A política externa influencia paz, guerra, cooperação e desenvolvimento dos Estados.;Certo
No Direito Internacional, soberania implica igualdade jurídica entre os Estados.;Certo
A soberania permite que um Estado imponha sua vontade aos demais.;Errado
A ONU possui autoridade para substituir automaticamente a legislação interna dos Estados.;Errado
O estudo das Relações Internacionais possui antecedentes na Antiguidade, como em Tucídides.;Certo
As Relações Internacionais são estudadas exclusivamente no mundo anglo-saxão.;Errado
As teorias das Relações Internacionais refletem valores e interesses de seus contextos históricos.;Certo
As Relações Internacionais constituem um campo interdisciplinar.;Certo
Apenas países economicamente desenvolvidos são capazes de produzir teorias relevantes de Relações Internacionais.;Errado
A Teoria da Estabilidade Hegemônica afirma que a cooperação internacional depende, em grande medida, da existência de uma potência dominante.;Certo
Segundo a Teoria da Estabilidade Hegemônica, a ausência de um hegemon facilita a cooperação econômica internacional.;Errado
A Teoria da Estabilidade Hegemônica está associada a autores como Charles Kindleberger e Robert Gilpin.;Certo
A Teoria da Estabilidade Hegemônica sustenta que uma potência dominante tende a fornecer bens públicos internacionais.;Certo
Segundo a TEH, estabilidade econômica internacional pode depender da liderança de um Estado hegemônico.;Certo
O Rimland corresponde à faixa costeira que circunda o Heartland.;Certo
Nicholas Spykman defendia que o controle do Rimland era mais importante que o controle do Heartland.;Certo
A estratégia de contenção durante a Guerra Fria foi influenciada pelas ideias de Spykman.;Certo
O Heartland localiza-se predominantemente na América do Norte.;Errado
O modelo do jogo de dois níveis, de Robert Putnam, integra as dimensões doméstica e internacional na análise da política externa.;Certo
O modelo de Putnam analisa a política externa apenas no plano internacional.;Errado
Segundo a Teoria Crítica, o pesquisador é influenciado pelo contexto histórico e social em que está inserido.;Certo
A Teoria Crítica considera possível uma análise completamente neutra e desprovida de valores.;Errado
Ignorar a relação entre interesses econômicos e posições ideológicas favorece a reprodução da ordem existente, segundo a Teoria Crítica.;Certo
Para o construtivismo, a anarquia é socialmente construída e pode assumir diferentes significados.;Certo
Segundo o construtivismo, a anarquia leva inevitavelmente à guerra entre os Estados.;Errado
A frase ""a anarquia é aquilo que os Estados fazem dela"" sintetiza a visão construtivista.";Certo
As teorias feministas afirmam que conceitos tradicionais de poder refletem visões associadas à masculinidade.;Certo
O feminismo busca demonstrar que conceitos das Relações Internacionais são neutros em relação ao gênero.;Errado
As teorias feministas criticam a separação rígida entre as esferas pública e privada.;Certo
O neorrealismo surgiu em parte como resposta às críticas behavioristas ao realismo clássico.;Certo
O neorrealismo concentra sua análise na estrutura do sistema internacional.;Certo
O neorrealismo substituiu o conceito de poder pelo conceito de identidade nacional.;Errado
O debate entre neorrealistas e neoliberais marcou as Relações Internacionais na década de 1980.;Certo
Para os neorrealistas, além da deserção, os ganhos relativos dificultam a cooperação entre os Estados.;Certo
Os neoliberais enfatizam principalmente os ganhos absolutos da cooperação.;Certo
Segundo os neorrealistas, apenas a ausência de cultura comum impede a cooperação.;Errado
O realismo é frequentemente descrito como uma teoria amoral, e não imoral.;Certo
O realismo busca explicar o comportamento dos Estados, sem fundamentar-se em julgamentos morais.;Certo
O sistema internacional moderno surgiu após o fim da Guerra dos Trinta Anos e a Paz de Vestfália.;Certo
A Paz de Vestfália (1648) é considerada um marco do sistema moderno de Estados.;Certo
O Primeiro Grande Debate ocorreu entre idealistas e realistas.;Certo
O Primeiro Grande Debate ocorreu entre marxistas e construtivistas.;Errado
O realismo clássico atribui importância à natureza humana na explicação da política internacional.;Certo
O realismo clássico frequentemente antropomorfiza os Estados, atribuindo-lhes interesses e características semelhantes às humanas.;Certo
Para o realismo, a cooperação internacional é sempre impossível.;Errado
O realismo considera a anarquia uma característica permanente do sistema internacional.;Certo
O realismo sustenta que a sociedade internacional elimina a anarquia entre os Estados.;Errado
Para Hobbes, o medo da morte violenta leva os indivíduos a aceitarem a autoridade do soberano.;Certo
O Leviatã de Hobbes busca superar o estado de natureza por meio de um poder soberano.;Certo
Para Hobbes, o estado de natureza caracteriza-se pela insegurança e pelo medo.;Certo
Segundo o realismo, os Estados atuam racionalmente para maximizar seus interesses nacionais.;Certo
O institucionalismo liberal desconsidera completamente atores não estatais.;Errado
O neoliberalismo institucional valoriza o papel das instituições internacionais na promoção da cooperação.;Certo
O neoliberalismo institucional reconhece que a cooperação é possível mesmo em um sistema anárquico.;Certo
As instituições internacionais podem reduzir custos de transação e aumentar a previsibilidade, segundo o neoliberalismo institucional.;Certo
O construtivismo é uma teoria tradicional anterior ao realismo clássico.;Errado
O equilíbrio do terror é um conceito associado principalmente à Guerra Fria.;Certo
O terrorismo internacional é explicado exclusivamente pela distinção entre agentes racionais e irracionais.;Errado
O neorrealismo enfatiza fatores estruturais do sistema internacional.;Certo
Para o neorrealismo, a distribuição de capacidades entre os Estados influencia seu comportamento.;Certo
O neorrealismo concentra sua análise principalmente nas características psicológicas dos líderes.;Errado
A estrutura anárquica é uma variável central do neorrealismo.;Certo
O modelo de Putnam ficou conhecido como ""jogo de dois níveis"" (Two-Level Games).";Certo
O jogo de dois níveis afirma que negociações internacionais dependem também da política doméstica.;Certo
A Teoria Crítica busca questionar e transformar estruturas de poder existentes.;Certo
As teorias feministas analisam como relações de gênero influenciam a política internacional.;Certo
O neorrealismo é frequentemente associado à obra de Kenneth Waltz.;Certo
O neoliberalismo institucional é frequentemente associado às obras de Robert Keohane e Joseph Nye.;Certo
Para a teoria da paz democrática, democracias são menos propensas a entrar em guerra entre si.;Certo
A teoria da paz democrática afirma que democracias são mais propensas a guerrear entre si devido aos valores universais.;Errado
As teorias feministas afirmam que a oposição entre masculino e feminino influencia as relações de poder internacionais.;Certo
Para o feminismo, questões de gênero são irrelevantes para a compreensão da guerra.;Errado
O pós-colonialismo considera que a experiência colonial continua relevante para compreender as Relações Internacionais contemporâneas.;Certo
Intervenções humanitárias podem ser analisadas criticamente pelo pós-colonialismo como continuidade de relações coloniais.;Certo
Para o construtivismo, os efeitos da anarquia dependem dos processos de socialização entre os atores.;Certo
As teorias críticas entendem a soberania como um conjunto de práticas historicamente construídas.;Certo
A soberania é considerada um atributo natural e imutável do Estado pelas teorias críticas.;Errado
No construtivismo, a identidade dos atores é construída por meio da interação social.;Certo
No construtivismo, os interesses decorrem das identidades dos atores.;Certo
Para o construtivismo, a identidade dos Estados é fixa e anterior às interações sociais.;Errado
O construtivismo de Wendt admite uma ontologia compatível com o positivismo.;Certo
Segundo Wendt, a estrutura ideacional influencia profundamente a estrutura material.;Certo
Para o construtivismo, a política de poder e a autoajuda não decorrem necessariamente da anarquia.;Certo
A política de poder é consequência inevitável da anarquia, segundo o construtivismo.;Errado
O realismo considera o Estado o principal ator das Relações Internacionais.;Certo
Para o realismo, o Estado é normalmente tratado como ator racional e unitário.;Certo
O interesse nacional constitui objetivo central da atuação estatal segundo o realismo.;Certo
A anarquia significa ausência de autoridade superior aos Estados.;Certo
O realismo afirma que a identidade compartilhada entre os Estados é o principal fundamento da ordem internacional.;Errado
A Teoria da Estabilidade Hegemônica sustenta que uma potência dominante pode fornecer bens públicos internacionais.;Certo
Uma moeda internacional pode ser considerada um bem público internacional segundo a Teoria da Estabilidade Hegemônica.;Certo
A supremacia econômica e militar do hegemon facilita a adesão a regimes internacionais.;Certo
A Teoria da Estabilidade Hegemônica rejeita qualquer papel da liderança internacional na cooperação econômica.;Errado
Wallerstein entende que o sistema-mundo é estruturado de forma hierárquica.;Certo
Centro e periferia desempenham funções distintas na divisão internacional do trabalho.;Certo
Para Wallerstein, centro e periferia exercem exatamente as mesmas funções no sistema-mundo.;Errado
Wallerstein identifica conflitos entre capital e trabalho como elementos internos do sistema-mundo.;Certo
O sistema-mundo de Wallerstein corresponde necessariamente ao mundo inteiro em todos os períodos históricos.;Errado
A Teoria da Dependência rejeita a ideia de que todos os países seguem as mesmas etapas de desenvolvimento.;Certo
A Teoria da Dependência entende que países periféricos ocupam posição subordinada em relação aos países centrais.;Certo
Segundo a Teoria da Dependência, o desenvolvimento ocorre por etapas universais e idênticas para todos os países.;Errado
O paradigma realista enfatiza relações de poder e desconfiança entre os Estados.;Certo
O dilema de segurança é um conceito central do realismo.;Certo
O dilema de segurança descreve situações em que medidas defensivas de um Estado aumentam a insegurança de outros.;Certo
A Escola Inglesa enfatiza a existência de uma sociedade internacional regulada por instituições comuns.;Certo
A Escola Inglesa concentra-se exclusivamente em instituições econômicas internacionais.;Errado
O construtivismo ganhou grande projeção após o fim da Guerra Fria.;Certo
O construtivismo explica a política internacional principalmente por teorias cibernéticas.;Errado
O construtivismo valoriza normas, identidades e ideias na explicação das Relações Internacionais.;Certo
Para o construtivismo, normas compartilhadas podem modificar os interesses dos Estados.;Certo
O realismo busca explicar a política internacional principalmente por fatores ideacionais.;Errado
A Teoria da Dependência foi desenvolvida, entre outros, por Fernando Henrique Cardoso e Enzo Faletto.;Certo
O pós-colonialismo critica o eurocentrismo presente nas teorias tradicionais das Relações Internacionais.;Certo
O feminismo questiona a masculinização dos conceitos tradicionais de poder.;Certo
A Escola Inglesa combina elementos do realismo e do liberalismo ao estudar a sociedade internacional.;Certo
O construtivismo afirma que identidades e interesses são mutuamente constituídos.;Certo
A teoria da paz democrática pertence à tradição liberal das Relações Internacionais.;Certo
O sistema internacional é necessariamente caótico para todos os realistas.;Errado
As Relações Internacionais estudam apenas as relações entre governos.;Errado
O estudo das Relações Internacionais abrange as relações entre Estados e outros atores do sistema internacional.;Certo
As Relações Internacionais limitam-se ao estudo do comércio internacional.;Errado
O idealismo busca transformar o sistema internacional para promover a paz permanente.;Certo
O idealismo defende a guerra como principal instrumento para alcançar a paz.;Errado
O idealismo valoriza democracia, justiça e cooperação internacional.;Certo
O idealismo busca compreender melhor o mundo para construir uma ordem racional e pacífica.;Certo
A diplomacia constitui um meio de comunicação e negociação entre Estados baseado na reciprocidade.;Certo
A diplomacia existe principalmente para impor a vontade dos Estados mais fortes sobre os mais fracos.;Errado
A diplomacia é um instrumento da política externa dos Estados.;Certo
População, território e soberania figuram entre os elementos constitutivos do Estado.;Certo
A soberania é um dos elementos essenciais do Estado.;Certo
Todos os Estados possuem sistemas políticos, econômicos e culturais semelhantes.;Errado
O realismo considera que a política é governada por leis objetivas ligadas à natureza humana.;Certo
Para o realismo clássico, o Estado é um ator racional e unitário.;Certo
O realismo entende o Estado como uma arena pluralista dominada por grupos de interesse.;Errado
O poder de uma potência depende exclusivamente de sua população.;Errado
População, posição geográfica e extensão territorial são fatores relevantes para o poder de um Estado.;Certo
O poder nacional também depende de fatores econômicos, militares, tecnológicos e ideacionais.;Certo
Para a perspectiva marxista, o Estado atua como instrumento dos interesses sociais dominantes.;Certo
A perspectiva radical (marxista) concentra-se prioritariamente no conflito entre classes sociais.;Certo
O marxismo considera o Estado o ator central e autônomo das Relações Internacionais.;Errado
O realismo entende que o sistema internacional é anárquico por não existir autoridade superior aos Estados.;Certo
Para o realismo, a anarquia favorece um estado permanente de desconfiança entre os Estados.;Certo
Tucídides é considerado um precursor do pensamento realista.;Certo
Maquiavel e Hobbes são importantes referências da tradição realista.;Certo
Kant é uma das principais referências do pensamento liberal nas Relações Internacionais.;Certo
Segundo Kant, repúblicas tendem a ser menos propensas à guerra entre si.;Certo
O liberalismo considera o Estado o único ator relevante das Relações Internacionais.;Errado
A globalização eliminou completamente a importância dos Estados nacionais.;Errado
A globalização exigiu uma redefinição do papel dos Estados nas relações internacionais.;Certo
A soberania estatal tornou-se mais flexível diante da globalização.;Certo
A Escola Inglesa desenvolveu o conceito de sociedade internacional.;Certo
Para a Escola Inglesa, a anarquia impede totalmente a existência de normas internacionais.;Errado
A sociedade internacional pressupõe Estados conscientes de interesses e valores comuns.;Certo
A sociedade internacional envolve instituições e regras compartilhadas entre os Estados.;Certo
Os 14 Pontos de Wilson buscavam estabelecer bases para uma paz duradoura após a Primeira Guerra Mundial.;Certo
A Liga das Nações foi criada como instrumento de segurança coletiva.;Certo
A autodeterminação dos povos foi um princípio associado ao projeto wilsoniano.;Certo
O Primeiro Grande Debate ocorreu entre idealistas e realistas.;Certo
Os realistas acreditavam que a natureza humana era facilmente transformável e cooperativa.;Errado
O neorrealismo enfatiza fatores estruturais do sistema internacional.;Certo
O neorrealismo desloca a explicação da política internacional da natureza humana para a estrutura do sistema.;Certo
A distribuição de poder entre os Estados é variável central do neorrealismo.;Certo
O realismo ofensivo defende que os Estados tendem a maximizar seu poder.;Certo
O realismo defensivo sustenta que a busca excessiva por poder pode reduzir a segurança do Estado.;Certo
O realismo neoclássico incorpora variáveis domésticas para explicar a política externa dos Estados.;Certo
O realismo neoclássico ignora completamente fatores internos dos Estados.;Errado
A ausência de autoridade central é um dos fundamentos do realismo estrutural de Kenneth Waltz.;Certo
A competição entre os Estados decorre, em grande parte, da estrutura anárquica do sistema internacional.;Certo
Para as correntes liberais, os regimes democráticos são menos propensos a estabelecer relações pacíficas entre si, em razão da prevalência de valores universais.;Errado
A oposição binária entre masculino e feminino é constitutiva das dinâmicas de poder nas Relações Internacionais, impactando sobretudo o fenômeno da guerra.;Certo
A experiência colonial permanece como dimensão fundamental para compreender as Relações Internacionais contemporâneas.;Certo
As dinâmicas políticas decorrentes da condição anárquica do sistema internacional dependem dos processos de socialização dos atores.;Certo
A soberania pode ser entendida como um conjunto de práticas produtoras de comunidades políticas exclusivas e excludentes que separam a esfera doméstica da internacional.;Certo
Segundo as abordagens pós-coloniais, a visão de que os EUA deveriam conduzir a transição democrática do Iraque representa uma leitura subalterna das sociedades pós-coloniais.;Certo
A interpretação pós-colonial associa esse tipo de discurso ao eurocentrismo e à ideia de superioridade dos modelos ocidentais.;Certo
Para o construtivismo, a identidade dos atores é exógena ao processo de interação social.;Errado
Para o construtivismo, a identidade dos atores fornece a base para a definição de seus interesses.;Certo
No construtivismo wendtiano, a estrutura ideacional influencia a estrutura material.;Certo
O fato de as Relações Internacionais serem socialmente construídas implica constantes rupturas dos padrões sistêmicos.;Errado
Para o construtivismo, a política de poder e a autoajuda não decorrem necessariamente da anarquia internacional.;Certo
Para o realismo, a busca de poder pelos Estados gera caos permanente no sistema internacional.;Errado
Para o realismo, o Estado é ator central, unitário e racional, voltado à defesa do interesse nacional.;Certo
Para o realismo, a anarquia corresponde à ausência de autoridade superior aos Estados.;Certo
Para o realismo, a manutenção da ordem internacional depende da disseminação de uma identidade compartilhada entre as nações.;Errado
Segundo a Teoria da Estabilidade Hegemônica, uma potência hegemônica pode fornecer bens públicos internacionais, como uma moeda internacional.;Certo
Um país hegemônico pode liderar regimes internacionais por meio de incentivos positivos e negativos aos demais Estados.;Certo
Na análise de Wallerstein, os Estados tornam-se irrelevantes diante do sistema-mundo.;Errado
O sistema-mundo é composto por elementos interdependentes organizados de forma hierárquica.;Certo
Centro e periferia desempenham as mesmas funções no sistema-mundo.;Errado
O sistema-mundo é tensionado por conflitos vinculados à relação entre capital e trabalho.;Certo
Para Wallerstein, o sistema-mundo corresponde necessariamente à totalidade da ordem global.;Errado
Segundo a Teoria da Dependência, a superação do subdesenvolvimento depende essencialmente da industrialização.;Errado
A Teoria da Dependência rejeita a ideia de que o desenvolvimento ocorre por etapas.;Certo
A Teoria da Dependência sustenta que países periféricos ocupam posição subordinada em relação aos países centrais.;Certo
O paradigma realista enfatiza relações de poder, força e desconfiança entre Estados, conduzindo ao dilema de segurança.;Certo
A Escola Inglesa enfatiza principalmente instituições econômicas internacionais entre Estados e atores não estatais.;Errado
O construtivismo recupera principalmente teorias cibernéticas e privilegia a estrutura cognitiva individual em detrimento das interações entre Estados.;Errado
Segundo o institucionalismo, instituições internacionais reduzem custos de transação, fornecem informações e facilitam a reciprocidade.;Certo
Para os realistas, os Estados permanecem preocupados com ganhos relativos e riscos de defecção.;Certo
Para o institucionalismo, os Estados alteram seu comportamento porque buscam maximizar ganhos relativos.;Errado
O institucionalismo considera positiva a mudança de comportamento dos Estados quando fortalece instituições e aprofunda a interdependência.;Certo
Para Wendt, poder e interesse são construídos a partir das identidades dos atores.;Certo
O dilema de segurança é uma estrutura social baseada em percepções intersubjetivas.;Certo
Para Wendt, apenas fatores materiais determinam identidades e interesses dos Estados.;Errado
Migração, terrorismo, tráfico de drogas e meio ambiente podem ser securitizados.;Certo
A securitização depende da construção intersubjetiva de uma ameaça existencial.;Certo
Antes de se tornar subárea própria, a análise de política externa refletia a visão realista do Estado como ator autônomo em relação à sociedade.;Certo
Os estudos burocráticos de política externa enfatizam a interação entre líderes, burocracias e outros atores.;Certo
O fim da Guerra Fria estimulou novas formas de análise da política externa em razão das mudanças no papel do Estado.;Certo
Para Mackinder, controlar o Heartland implica controlar politicamente o mundo.;Certo
Para Ratzel, as condições naturais influenciam a humanidade.;Certo
O conceito de espaço vital, em Ratzel, relaciona-se ao equilíbrio entre população e recursos.;Certo
A detecção remota ampliou as possibilidades da geopolítica e influenciou a noção de soberania.;Certo
Vidal de La Blache foi o autor da expressão ""espaço é poder"".";Errado
O Estado, para o realismo, é um ator unitário e racional voltado ao interesse nacional.;Certo
Tucídides e Maquiavel são referências clássicas do pensamento realista.;Certo
Hans Morgenthau defendia que a democratização das relações internacionais garantiria a paz mundial.;Errado
A Teoria da Dependência possui matriz neomarxista e foi desenvolvida inicialmente na sociologia e na economia.;Certo
O construtivismo destaca o papel das ideias, normas e instituições para explicar o comportamento internacional.;Certo
Segundo Allison, a política externa resulta da barganha entre burocracias do Poder Executivo.;Certo
A diplomacia pode obter informações necessárias à formulação da política externa por meios irrestritos.;Errado
O emprego da força é totalmente alheio ao repertório da política externa.;Errado
Na interdependência complexa, os temas econômicos ocupam posição hierarquicamente superior aos demais temas da agenda internacional.;Errado
Para Kindleberger, a estabilidade internacional depende da existência de vários polos hegemônicos.;Errado
Para Susan Strange, poder estrutural é a capacidade de moldar a estrutura da economia mundial.;Certo
Para Keohane, instituições internacionais podem promover estabilidade mesmo diante do declínio da potência hegemônica.;Certo
O neorrealismo de Kenneth Waltz explica as guerras principalmente pela natureza humana e pela organização interna dos Estados.;Errado
Segundo o neorrealismo de Waltz, a estrutura anárquica do sistema internacional explica a busca dos Estados por segurança e sobrevivência.;Certo
Para o neorrealismo, os Estados buscam ganhos absolutos como princípio central de sua atuação internacional.;Errado
O neorrealismo considera os Estados atores centrais, racionais e orientados pela lógica da autoajuda.;Certo
Kenneth Waltz introduziu o conceito de dilema de segurança ao afirmar que a organização política interna dos Estados determina sua percepção pelos demais.;Errado
Segundo o neorrealismo, a estrutura do sistema internacional influencia decisivamente o comportamento dos Estados.;Certo
O equilíbrio de poder é considerado irrelevante pelo neorrealismo para explicar a estabilidade internacional.;Errado
A teoria neorrealista privilegia uma abordagem sistêmica das Relações Internacionais.;Certo
Para a perspectiva grociana, os regimes internacionais são indispensáveis para a ordem internacional.;Certo
A abordagem estrutural convencional considera os regimes internacionais elementos centrais para explicar o comportamento dos Estados.;Errado
A abordagem estrutural modificada sustenta que os regimes internacionais podem influenciar o comportamento dos Estados em determinadas condições.;Certo
Segundo a abordagem estrutural convencional, os regimes internacionais sempre limitam o comportamento estatal de forma decisiva.;Errado
Na perspectiva grociana, os regimes internacionais são componentes fundamentais da sociedade internacional.;Certo
Para a abordagem estrutural modificada, organizações intergovernamentais e regimes podem alterar a atuação dos Estados em certas circunstâncias.;Certo
O institucionalismo liberal compartilha com Mearsheimer a ideia de que os ganhos relativos são sempre o foco central da análise.;Errado
Segundo o institucionalismo liberal, instituições internacionais ajudam a lidar com problemas de coordenação entre múltiplos Estados.;Certo
Para o institucionalismo liberal, a reciprocidade favorece a cooperação entre os Estados.;Certo
O institucionalismo liberal enfatiza a existência de um governo supranacional como condição indispensável para a cooperação internacional.;Errado
Segundo o institucionalismo liberal, conflitos distributivos reforçam a importância das instituições internacionais.;Certo
O institucionalismo liberal considera irrelevantes os regimes internacionais para promover cooperação.;Errado
As teorias feministas sustentam que a simples inclusão de mulheres nas altas esferas decisórias transformou substancialmente a política internacional.;Errado
As teorias feministas afirmam que ainda existe valorização do masculino na construção política das relações internacionais.;Certo
Segundo as abordagens feministas, a exclusão das mulheres da alta política decorre de construções sociais de gênero.;Certo
As feministas liberais defendem que a presença de mulheres em cargos de representação internacional pode alterar processos e resultados políticos.;Certo
Para as teorias feministas, gênero é uma categoria relevante para compreender poder e política internacional.;Certo
As teorias feministas consideram que homens e mulheres sempre participaram em igualdade de condições da formulação da política internacional.;Errado
A Escola Inglesa e o Construtivismo são considerados enfoques de ""via média"" (middle ground), por estabelecerem diálogo entre tradições teóricas opostas.";Certo
A Escola Inglesa utiliza os conceitos de sistema internacional, sociedade internacional e sociedade mundial, enquanto o Construtivismo utiliza as culturas de anarquia como instrumentos analíticos.;Certo
A concepção de sistema internacional da Escola Inglesa corresponde à cultura kantiana de anarquia de Wendt.;Errado
A cultura lockeana de anarquia aproxima-se da concepção estadocêntrica de sociedade internacional da Escola Inglesa.;Certo
A cultura hobbesiana de anarquia pressupõe uma sociedade internacional plenamente desenvolvida.;Errado
Segundo o Construtivismo, as relações sociais entre Estados influenciam suas capacidades materiais e produzem conhecimento coletivo compartilhado.;Certo
Para o Construtivismo, amizade e inimizade entre Estados dependem apenas da distribuição de capacidades materiais.;Errado
Segundo Alexander Wendt, as expectativas e os conhecimentos compartilhados moldam diferentes estruturas sociais entre os Estados.;Certo
As relações entre EUA e Irã diferem das relações entre EUA e Brasil porque são construídas por diferentes estruturas sociais e identidades.;Certo
Para o Construtivismo, recursos materiais possuem significado independentemente das relações sociais.;Errado
A Escola de Copenhague contribuiu para o estudo da ampliação da agenda de segurança por meio dos conceitos de securitização e segurança societal.;Certo
O realismo ofensivo de Mearsheimer e o realismo estrutural de Waltz enfatizam atores não estatais, como terroristas e piratas, como principais ameaças ao sistema internacional.;Errado
A securitização de temas como imigração e tráfico de drogas pode legitimar medidas extraordinárias, inclusive ações militares.;Certo
A ampliação da agenda de segurança no pós-Guerra Fria incluiu temas como meio ambiente e terrorismo.;Certo
A Escola de Copenhague restringe o conceito de segurança exclusivamente ao âmbito militar.;Errado
Os Quatorze Pontos de Woodrow Wilson defendiam a imposição de severas punições aos derrotados da Primeira Guerra Mundial.;Errado
O Liberalismo combina dimensões analítica e normativa ao estudar as Relações Internacionais.;Certo
A globalização levou ao declínio definitivo das teses liberais nas Relações Internacionais.;Errado
O desacordo teórico nas Relações Internacionais terminou na década de 1930.;Errado
O desenvolvimento das Relações Internacionais como disciplina esteve ligado à necessidade de compreender as causas da Primeira Guerra Mundial.;Certo
O Realismo sustenta que a política é regida por leis objetivas e pela busca do interesse.;Certo
Em uma negociação de soma nula, o ganho de uma parte implica necessariamente a perda da outra.;Certo
Para Hobbes, os indivíduos renunciam a parte de suas liberdades naturais em troca de segurança garantida pelo Estado.;Certo
Maquiavel defendia que o Estado surgia de um contrato social firmado entre os cidadãos.;Errado
Para Hobbes, o Estado resulta de um pacto destinado a superar a insegurança do estado de natureza.;Certo
Maquiavel e Hobbes fundamentaram o Estado moderno principalmente a partir das ideias liberais clássicas.;Errado
Para Maquiavel, a estabilidade política depende da virtù e da fortuna do governante.;Certo
A concepção maquiaveliana de verità effettuale inspirou o princípio realista de que a política é regida por leis objetivas ligadas à natureza humana.;Certo
Segundo o Realismo, uma boa organização institucional pode compensar as limitações dos indivíduos, aproximando-se da ideia de que até uma nação de demônios pode ser pacífica se bem organizada.;Certo
O Realismo sustenta que princípios morais devem sempre prevalecer sobre o interesse nacional nas ações dos Estados.;Errado
Para o Realismo, a busca do interesse nacional pode justificar a não submissão da política à moral individual.;Certo
As teorias de inspiração marxista questionam a ideia do Estado como ator unitário e racional e enfatizam as relações de produção e as classes sociais.;Certo
O marxismo compartilha com o Realismo a ideia de que a distribuição de poder explica, por si só, a política internacional.;Errado
O neoinstitucionalismo abandona completamente a ideia do Estado como ator racional.;Errado
Robert Keohane procurou explicar a cooperação internacional em ambientes institucionalizados sem romper totalmente com pressupostos compartilhados com o neorrealismo.;Certo
O Realismo clássico enfatiza a natureza humana, enquanto o Neorrealismo destaca a estrutura anárquica do sistema internacional.;Certo
Segundo a Escola Inglesa, a ONU pode ser compreendida como expressão tanto do sistema internacional quanto da sociedade internacional.;Certo
Para a Escola Inglesa, sistema internacional e sociedade internacional têm os Estados como principal unidade de análise.;Certo
O conceito de sociedade mundial da Escola Inglesa inclui atores além dos Estados.;Certo
Para Kenneth Waltz, um Irã nuclear poderia contribuir para o equilíbrio de poder no Oriente Médio por meio da dissuasão.;Certo
Kenneth Waltz defendia um neorrealismo ofensivo, segundo o qual os Estados buscam maximizar continuamente seu poder militar.;Errado
O neorrealismo de Waltz está associado à lógica do equilíbrio de poder e da busca por segurança, e não à maximização ofensiva do poder.;Certo
Para Clausewitz, a eficácia da guerra é medida exclusivamente pelo número de inimigos mortos.;Errado
Clausewitz defendia que os limites éticos e os objetivos políticos devem ser considerados mesmo durante conflitos armados.;Certo
Segundo Clausewitz, matar um inimigo desarmado não é eticamente justificável.;Certo
A afirmação ""Minha câmera matou um homem"" permite inferir, segundo Clausewitz, que toda a população civil adere irracionalmente às guerras.";Errado
Para Hobbes, a liberdade dos súditos consiste em agir nos espaços permitidos pelas leis estabelecidas pelo soberano.;Certo
No Estado civil hobbesiano, os súditos permanecem livres para comprar, vender e celebrar contratos quando essas ações são permitidas pelo soberano.;Certo
Segundo Hobbes, os súditos podem destituir livremente o soberano sempre que discordarem de suas decisões.;Errado
O neorrealismo de Kenneth Waltz explica as guerras principalmente pela natureza humana e pela organização interna dos Estados.;Errado
Segundo o neorrealismo de Waltz, a estrutura anárquica do sistema internacional explica a busca dos Estados por segurança e sobrevivência.;Certo
Para o neorrealismo, os Estados buscam prioritariamente ganhos absolutos.;Errado
Kenneth Waltz introduziu o conceito de dilema de segurança com base na organização política interna dos Estados.;Errado
Segundo a perspectiva grociana, os regimes internacionais são indispensáveis para a ordem global.;Certo
A abordagem estrutural convencional considera que os regimes internacionais limitam efetivamente o comportamento dos Estados.;Errado
A abordagem estrutural modificada entende que regimes internacionais podem modificar a atuação estatal em determinadas situações.;Certo
Para o liberalismo institucionalista, os ganhos relativos tornam irrelevantes as instituições internacionais.;Errado
O liberalismo institucionalista destaca o papel das instituições internacionais e da reciprocidade para facilitar a cooperação entre múltiplos Estados.;Certo
O liberalismo institucionalista defende a criação de uma governança supranacional como elemento central de sua teoria.;Errado
As teorias feministas afirmam que a simples inclusão de mulheres em altos cargos transformou substancialmente a política internacional.;Errado
As teorias feministas sustentam que o masculino continua sendo privilegiado na construção política das Relações Internacionais.;Certo
O feminismo liberal considera que a presença de mulheres na representação internacional pode alterar processos e resultados políticos.;Certo
A Escola Inglesa e o Construtivismo são considerados enfoques de ""via média"" (middle ground).";Certo
A Escola Inglesa utiliza os conceitos de sistema internacional, sociedade internacional e sociedade mundial como ferramentas analíticas.;Certo
A cultura lockeana de anarquia aproxima-se da concepção estadocêntrica de sociedade internacional da Escola Inglesa.;Certo
Para o construtivismo, amizade e inimizade entre Estados dependem apenas da distribuição material de poder.;Errado
Segundo o construtivismo, conhecimentos coletivos e identidades moldam relações de amizade e inimizade entre Estados.;Certo
As relações entre EUA e Irã diferem das relações entre EUA e Brasil devido a estruturas sociais construídas historicamente.;Certo
A Escola de Copenhague contribuiu para compreender a ampliação da agenda de segurança por meio dos conceitos de securitização e segurança societal.;Certo
O realismo ofensivo e o realismo estrutural foram responsáveis por introduzir os atores não estatais como principal ameaça à estabilidade internacional.;Errado
A securitização de temas como imigração e tráfico de drogas pode legitimar medidas extraordinárias de segurança.;Certo
Os Quatorze Pontos de Woodrow Wilson influenciaram diretamente o surgimento do Realismo.;Errado
O Liberalismo entrou em franco declínio com a globalização.;Errado
O desacordo teórico nas Relações Internacionais desapareceu após a década de 1930.;Errado
O desenvolvimento das Relações Internacionais como disciplina esteve ligado à necessidade de compreender as causas da Primeira Guerra Mundial.;Certo
O Realismo parte da ideia de que o comportamento político é orientado pela busca de interesses.;Certo
Em negociações de soma nula, o ganho de uma parte implica a perda da outra.;Certo
Para Hobbes, os indivíduos abrem mão de suas liberdades naturais em troca de segurança garantida pelo Estado.;Certo
Para Maquiavel, o Estado surge de um contrato social entre os cidadãos.;Errado
A compreensão maquiaveliana da verità effetuale inspirou o princípio realista de que a política segue leis objetivas ligadas à natureza humana.;Certo
O Realismo sustenta que princípios morais não devem ser sobrepostos automaticamente às ações dos Estados.;Certo
As teorias marxistas em Relações Internacionais enfatizam as relações de produção, as classes sociais e a articulação entre economia e política.;Certo
O neoinstitucionalismo rejeita completamente a ideia de Estado unitário e racional.;Errado
O Realismo enfatiza a natureza humana, enquanto o Neorrealismo privilegia a estrutura anárquica do sistema internacional.;Certo
Na Escola Inglesa, sistema internacional e sociedade internacional têm o Estado como principal unidade de análise.;Certo
A sociedade mundial da Escola Inglesa inclui atores além dos Estados.;Certo
Segundo Kenneth Waltz, um Irã nuclear poderia contribuir para o equilíbrio de poder no Oriente Médio.;Certo
O neorrealismo de Waltz é ofensivo e defende a maximização ilimitada do poder militar.;Errado
Clausewitz defendia que a eficácia da guerra era medida exclusivamente pelo número de mortos do inimigo.;Errado
Para Clausewitz, objetivos políticos e limites éticos continuam relevantes durante a guerra.;Certo
Segundo Hobbes, os súditos possuem liberdade para agir nas matérias permitidas pelo soberano.;Certo
Para Locke, a sociedade política existe para proteger a vida, a liberdade e a propriedade.;Certo
Clausewitz definiu a guerra como um ato de força destinado a obrigar o inimigo a submeter-se à nossa vontade.;Certo
Para Clausewitz, após o início da guerra, a política deixa de orientar o conflito.;Errado
O liberalismo sociológico sustenta que relações transnacionais intensas favorecem a paz.;Certo
O liberalismo sociológico considera que as relações entre pessoas tendem a ser mais cooperativas do que as relações entre Estados.;Certo
O liberalismo da interdependência afirma que a divisão internacional do trabalho intensifica conflitos violentos entre os Estados.;Errado
Segundo o liberalismo da interdependência, guerras são mais frequentes em países menos interdependentes economicamente.;Certo
A especificidade é um dos critérios utilizados para medir o grau de institucionalização internacional.;Certo
O realismo clássico possui uma visão pessimista da natureza humana.;Certo
O realismo clássico acredita que as relações internacionais são essencialmente harmoniosas.;Errado
O neorrealismo procura explicar cientificamente o sistema internacional enfatizando sua estrutura.;Certo
O construtivismo sustenta que fatores sociais são mais importantes do que fatores puramente materiais.;Certo
O construtivismo considera o plano social como uma realidade objetiva totalmente independente do observador.;Errado
Os pós-estruturalistas criticam a separação rígida entre sujeito e objeto e a ideia de neutralidade da ciência.;Certo
O pós-colonialismo busca promover uma descolonização intelectual e critica a colonialidade do poder e do saber.;Certo
Para Friedrich Ratzel, o Estado possui estreita relação com o espaço geográfico.;Certo
Os Estudos de Segurança Internacional surgiram entre as duas guerras mundiais.;Certo
A segurança é considerada um conceito essencialmente contestado nas Ciências Sociais.;Certo
O trecho apresentado sobre anarquia, Estados e política de poder descreve a abordagem realista.;Certo
As teorias decoloniais denunciam a colonialidade do poder e do saber e defendem a descolonização dos campos do saber, do ser e do poder.;Certo
Para Kant, o princípio supremo da moralidade consiste na maximização do bem-estar geral.;Errado
Um dos Quatorze Pontos de Wilson que não recebeu adesão dos Estados Unidos foi a criação de uma associação geral de nações.;Certo
No Direito Internacional, a violação da soberania pode desencadear conflitos entre Estados.;Certo
A resolução de problemas globais depende da coordenação entre Estados por meio de tratados e convenções.;Certo
Classicamente, a soberania é considerada separável da ideia de Estado.;Errado
Segundo o Realismo, a concepção de verità effettuale de Maquiavel inspirou a ideia de que a política é regida por leis objetivas enraizadas na natureza humana.;Certo
Para o Realismo, a boa organização do Estado garante que até uma nação de demônios será pacífica.;Errado
Para o Realismo, princípios morais não devem ser sobrepostos às ações dos Estados quando isso compromete seus interesses e sua sobrevivência.;Certo
O Realismo considera que a política internacional é orientada principalmente por princípios morais universais.;Errado
As perspectivas marxistas em Relações Internacionais questionam a ideia de Estado unitário e racional.;Certo
As abordagens marxistas enfatizam a centralidade das relações de produção, das classes sociais e da economia política internacional.;Certo
O marxismo explica a política internacional exclusivamente pela distribuição de poder entre os Estados.;Errado
O neoinstitucionalismo rejeita completamente a noção de Estado racional e unitário.;Errado
Robert Keohane buscou explicar a cooperação internacional por meio das instituições, dialogando criticamente com o neorrealismo.;Certo
Para o neorrealismo, as características da natureza humana explicam o comportamento dos Estados.;Errado
Para o realismo clássico, a natureza humana é um elemento central para compreender a política internacional.;Certo
Segundo Hedley Bull, existe sistema internacional quando os Estados influenciam reciprocamente suas decisões.;Certo
Para Hedley Bull, uma sociedade internacional pressupõe regras, valores e instituições compartilhadas entre os Estados.;Certo
Na Escola Inglesa, sistema internacional e sociedade internacional possuem o Estado como principal unidade de análise.;Certo
O conceito de sociedade mundial considera apenas os Estados como atores relevantes.;Errado
A Organização das Nações Unidas pode ser entendida como uma instituição representativa da sociedade internacional.;Certo
Kenneth Waltz argumentou que um Irã nuclear poderia contribuir para o equilíbrio estratégico no Oriente Médio.;Certo
Waltz defendia o realismo ofensivo e afirmava que os Estados devem buscar maximizar continuamente seu poder militar.;Errado
Para Waltz, a dissuasão nuclear pode favorecer a estabilidade entre adversários.;Certo
O neorrealismo de Waltz é classificado como realismo defensivo ou estrutural.;Certo
Clausewitz afirmava que a guerra é apenas uma sucessão irracional de atos de violência sem relação com objetivos políticos.;Errado
Para Clausewitz, os objetivos políticos devem orientar o emprego da força militar.;Certo
Clausewitz não sustentava que a eficácia da vitória fosse medida apenas pelo número de mortes do inimigo.;Certo
Segundo a interpretação de Clausewitz, a guerra deve permanecer subordinada à política.;Certo
A cena descrita no filme permite concluir que Clausewitz defendia a execução de prisioneiros desarmados.;Errado
Para Hobbes, a liberdade dos súditos consiste em agir dentro dos limites estabelecidos pelo poder soberano.;Certo
Segundo Hobbes, os súditos conservam plena liberdade para desafiar as leis civis sempre que discordarem delas.;Errado
Para Hobbes, comprar, vender e celebrar contratos são exemplos de liberdades permitidas pelo soberano.;Certo
No Estado Civil hobbesiano, os indivíduos mantêm integralmente a liberdade do estado de natureza.;Errado
Segundo Hobbes, as leis civis limitam a liberdade natural em troca da paz e da segurança.;Certo
