A política externa diferencia-se de outras políticas públicas porque possui dimensão internacional e exige conhecimento do ambiente externo.;Certo
O Conselho de Segurança das Nações Unidas é composto por 5 membros permanentes e 10 membros não permanentes.;CERTO
Após a Segunda Guerra Mundial, o maior contingente militar brasileiro enviado ao exterior foi para a Guerra da Coreia.;ERRADO
Após a Segunda Guerra Mundial, o maior contingente militar brasileiro enviado ao exterior foi para a UNAVEM III, em Angola.;CERTO
O UNICEF é uma organização não governamental (ONG) dedicada aos direitos da criança.;ERRADO
O UNICEF é um Fundo das Nações Unidas dedicado à proteção dos direitos da criança.;CERTO
O UNICEF é uma agência especializada das Nações Unidas.;ERRADO
A Carta das Nações Unidas estabelece seis órgãos principais: Assembleia Geral, Conselho de Segurança, Conselho Econômico e Social, Conselho de Tutela, Corte Internacional de Justiça e Secretariado.;CERTO
A Comissão de Direitos Humanos é um dos seis órgãos principais da ONU previstos na Carta de São Francisco.;ERRADO
O Conselho de Segurança da ONU é integrado por cinco membros permanentes e dez membros não permanentes.;CERTO
O Conselho de Segurança da ONU possui cinco membros permanentes e cinco membros não permanentes, representando cada continente.;ERRADO
Os Estados Unidos se retiraram da Sociedade das Nações em 1933 após a ascensão do nazismo na Alemanha.;ERRADO
Os Estados Unidos nunca chegaram a integrar a Sociedade das Nações, apesar de Woodrow Wilson ter sido um dos principais idealizadores da organização.;CERTO
Com a extinção da União Soviética, o número de membros permanentes do Conselho de Segurança da ONU diminuiu.;ERRADO
A Rússia herdou o assento permanente da União Soviética no Conselho de Segurança da ONU após 1991.;CERTO
A ONU criada na Conferência de São Francisco (1945) manteve elementos idealistas semelhantes aos presentes na criação da Liga das Nações.;CERTO
A Assembleia Geral da ONU possui poder deliberativo geral e todos os Estados membros possuem igualdade de voz e voto.;CERTO
O Conselho de Segurança da ONU possui simetria entre todos os seus membros, pois permanentes e não permanentes têm os mesmos poderes.;ERRADO
A Assembleia Geral da ONU pode discutir quaisquer questões ou assuntos dentro das finalidades previstas na Carta da ONU.;CERTO
O Conselho Econômico e Social pode estabelecer consultas com organizações não governamentais dentro de sua competência.;CERTO
Em caso de conflito entre obrigações da Carta da ONU e outro tratado internacional, prevalece o tratado mais moderno.;ERRADO
Em caso de conflito entre obrigações da Carta da ONU e outro acordo internacional, prevalecem as obrigações assumidas na Carta da ONU.;CERTO
A ONU está baseada no princípio da igualdade soberana de todos os seus membros.;CERTO
A política externa brasileira após a redemocratização ampliou sua participação multilateral, incluindo a Eco-92 e a candidatura a um assento permanente no Conselho de Segurança.;CERTO
O Brasil, após a redemocratização, reduziu sua atuação em organismos multilaterais e abandonou iniciativas internacionais.;ERRADO
O Brasil defende uma reforma do Conselho de Segurança da ONU e participa do G4 pelo aumento da representatividade do órgão.;CERTO
O Brasil não demonstra desconforto com a estrutura original do Conselho de Segurança, pois considera adequada a distribuição de poder de 1945.;ERRADO
A Liga das Nações e a ONU foram criadas em contextos influenciados por ideias idealistas de organização internacional e busca pela paz.;CERTO
A Liga das Nações e a ONU foram completamente afastadas dos interesses e disputas de poder entre Estados.;ERRADO
Para ingressar na ONU, um Estado deve ser amante da paz, aceitar as obrigações da Carta e estar apto a cumprir essas obrigações.;CERTO
Para ingressar na ONU, um Estado deve comprovar limites mínimos de população e extensão territorial.;ERRADO
A ONU nasceu para repetir exatamente a trajetória da Liga das Nações, com apenas pequenas alterações.;ERRADO
A ONU apresentou diferenças importantes em relação à Liga das Nações, especialmente pela criação de um Conselho de Segurança com membros permanentes dotados de veto.;CERTO
A criação da ONU ocorreu durante a Segunda Guerra Mundial e seu desenho básico foi definido antes de 1945.;CERTO
A ONU foi criada como consequência da vitória dos Aliados e da necessidade de evitar novos conflitos globais.;CERTO
O século XX foi marcado pela consolidação do Estado-nação como principal forma de organização política das sociedades.;CERTO
O surgimento da Liga das Nações e da ONU demonstra a tentativa de transformar o direito internacional em instrumento universal de organização das relações entre Estados.;CERTO
A Liga das Nações e a ONU foram organizações totalmente independentes das disputas de poder entre Estados nacionais.;ERRADO
Os Quatorze Pontos de Wilson defendiam diplomacia aberta, autodeterminação dos povos e criação de uma organização internacional para preservar a paz.;CERTO
Wilson defendia a manutenção da diplomacia secreta e das anexações territoriais como instrumentos legítimos da política internacional.;ERRADO
Os Estados Unidos participaram da Liga das Nações e lideraram confortavelmente a organização desde sua criação.;ERRADO
O Congresso norte-americano rejeitou a entrada dos Estados Unidos na Liga das Nações, apesar da defesa de Wilson.;CERTO
Os Estados Unidos entraram na Primeira Guerra Mundial ao lado das potências centrais (Tríplice Aliança).;ERRADO
Os Estados Unidos entraram na Primeira Guerra Mundial ao lado da Tríplice Entente.;CERTO
A política de Wilson representou uma tentativa de substituir o equilíbrio de poder europeu por uma comunidade internacional organizada.;CERTO
Após a Primeira Guerra Mundial, os Estados Unidos abandonaram completamente seu tradicional isolamento e assumiram liderança permanente da política europeia.;ERRADO
Após a Guerra Fria, a participação brasileira nas operações de paz da ONU intensificou-se e tornou-se mais diversificada quanto às formas de colaboração e responsabilidades assumidas.;CERTO
O Brasil participou pela primeira vez de operações de paz da ONU apenas após o fim da Guerra Fria, com envio de observadores ao Timor-Leste.;ERRADO
O Brasil privilegia missões de paz voltadas exclusivamente para intervenções humanitárias e prevenção de genocídios.;ERRADO
O comando político e militar brasileiro na MINUSTAH consolidou a liderança brasileira em operações de paz.;CERTO
O Brasil restringe sua participação em operações de paz apenas a países onde não existam interesses brasileiros envolvidos.;ERRADO
O processo de reforma da ONU já alcançou consenso sobre a redefinição das competências do Secretariado, Conselho de Segurança e agências especializadas.;ERRADO
O principal obstáculo à reforma do Conselho de Segurança da ONU é o dissenso sobre sua ampliação e o uso do veto pelos membros permanentes.;CERTO
A eleição de um novo Secretário-Geral da ONU reabre automaticamente as negociações da reforma do Conselho de Segurança.;ERRADO
A criação do Conselho de Direitos Humanos e da Comissão de Construção da Paz representa avanços concretos no processo de reforma da ONU.;CERTO
O Conselho de Segurança da ONU é composto, desde sua criação em 1945, por cinco membros permanentes e dez membros não permanentes.;CERTO
Os três princípios básicos das operações de manutenção da paz da ONU são consentimento das partes, imparcialidade e não uso da força, salvo legítima defesa e defesa do mandato.;CERTO
As operações de manutenção da paz da ONU podem ocorrer apenas em conflitos entre Estados, nunca em guerras civis ou conflitos internos.;ERRADO
A ausência de previsão expressa na Carta da ONU impede o Brasil de participar de operações de paz sem autorização do Congresso Nacional.;ERRADO
O Conselho de Segurança da ONU já autorizou o emprego de força militar contra Estados com base no Capítulo VII da Carta da ONU.;CERTO
O Conselho de Segurança da ONU é questionado quanto à sua representatividade e eficácia, especialmente devido à sua estrutura e ao poder de veto.;CERTO
Toda decisão de uma organização internacional deve ser adotada obrigatoriamente por unanimidade ou consenso devido ao princípio da igualdade soberana.;ERRADO
O Brasil e outros países em desenvolvimento defendem a ampliação do Conselho de Segurança da ONU com novos membros permanentes.;CERTO
Existe amplo consenso internacional de que Brasil, Nigéria, Japão e Índia são os representantes naturais de América Latina, África e Ásia no Conselho de Segurança.;ERRADO
A Liga das Nações tinha como objetivos solucionar pacificamente controvérsias e promover cooperação internacional.;CERTO
O Protocolo de Genebra da Liga das Nações estabeleceu plenamente um sistema eficaz de segurança coletiva até a Segunda Guerra Mundial.;ERRADO
Os Tratados de Locarno de 1925 favoreceram a entrada da Alemanha na Liga das Nações e garantiram as fronteiras ocidentais alemãs.;CERTO
O Pacto Briand-Kellogg renunciava à guerra como instrumento de política nacional.;CERTO
O Brasil retirou-se da Liga das Nações em 1926 devido à entrada da Alemanha na organização.;CERTO
A reforma do Conselho de Segurança da ONU ocorrerá automaticamente devido ao aumento das tensões internacionais.;ERRADO
O Brasil é considerado candidato natural da América Latina a um assento permanente no Conselho de Segurança.;CERTO
A Argentina, Colômbia e Venezuela apoiam unanimemente o Brasil como candidato latino-americano ao Conselho de Segurança permanente.;ERRADO
Tornar-se signatário da Carta de São Francisco implica automaticamente aceitar a jurisdição obrigatória da Corte Internacional de Justiça.;ERRADO
As decisões da Assembleia Geral da ONU são obrigatórias para todos os membros da comunidade internacional.;ERRADO
As resoluções do Conselho de Segurança da ONU relacionadas à manutenção da paz podem ter caráter vinculante.;CERTO
O G4 apresentou em 2005 proposta de reforma do Conselho de Segurança incluindo seis novos membros permanentes e quatro não permanentes, sem direito ao veto inicial.;CERTO
O Brasil defende reformas nas instituições de governança global para torná-las mais representativas e adequadas à atual distribuição de poder internacional.;CERTO
O conceito brasileiro de Responsabilidade ao Proteger (RwP) foi incorporado definitivamente ao acervo normativo da ONU e já foi aplicado em casos concretos.;ERRADO
A Responsabilidade ao Proteger buscava complementar a Responsabilidade de Proteger, defendendo que o uso da força fosse último recurso e proporcional aos objetivos do mandato.;CERTO
A Responsabilidade ao Proteger defendia mecanismos de monitoramento e avaliação pelo Conselho de Segurança sobre o uso da força autorizado.;CERTO
Para o Brasil, a intervenção militar na Líbia demonstrou possível uso indevido da Responsabilidade de Proteger ao ultrapassar o mandato autorizado pelo Conselho de Segurança.;CERTO
O Brasil participa de operações de paz da ONU desde a década de 1950, incluindo a Força de Emergência das Nações Unidas durante a Crise de Suez.;CERTO
Atualmente, o Brasil exerce o comando da Força-Tarefa Marítima da UNIFIL no Líbano.;CERTO
O secretário-geral da ONU é escolhido pela Assembleia Geral mediante recomendação do Conselho de Segurança.;CERTO
O secretário-geral da ONU é escolhido diretamente pelo Conselho de Segurança sem participação da Assembleia Geral.;ERRADO
A primeira operação de manutenção da paz da ONU foi criada em 1956 para monitorar o cessar-fogo entre Egito e Israel durante a Crise de Suez, com participação brasileira e apenas componente militar.;ERRADO
A primeira operação de manutenção da paz da ONU foi a UNEF I, criada em 1956 após a Crise de Suez.;CERTO
A MINUSTAH encerrou-se em 2017 e contou com participação expressiva de países latino-americanos.;CERTO
O Brasil dividiu o comando militar da MINUSTAH com Argentina e Chile.;ERRADO
O Brasil comandou o componente militar da MINUSTAH durante toda a missão.;CERTO
A Marinha do Brasil comanda a Força-Tarefa Marítima da UNIFIL no Líbano.;CERTO
As operações de paz da ONU em Angola e Moçambique tiveram como objetivo acompanhar acordos de paz que encerraram guerras civis.;CERTO
As missões da ONU em Angola e Moçambique foram operações exclusivamente militares, sem componentes políticos ou humanitários.;ERRADO
A reivindicação japonesa de inclusão de uma cláusula de igualdade racial no Tratado de Versalhes foi rejeitada, especialmente pela Austrália, devido às suas políticas migratórias baseadas em ideias eugenistas.;CERTO
A Liga das Nações foi criada em 1919 e oficialmente extinta em 1946.;CERTO
Estados Unidos, França, Grã-Bretanha, Alemanha e Japão permaneceram membros da Liga das Nações até o início da Segunda Guerra Mundial.;ERRADO
A Carta das Nações Unidas foi elaborada na Conferência de São Francisco e estabeleceu princípios como direitos humanos e autodeterminação dos povos.;CERTO
A Conferência de Potsdam criou os tribunais militares internacionais de Nuremberg e Tóquio.;ERRADO
Os tribunais de Nuremberg e Tóquio foram criados após a Segunda Guerra Mundial para julgar crimes de guerra.;CERTO
O Tribunal de Tóquio julgou, entre outros crimes, a escravização sexual de mulheres conhecidas como ""mulheres de conforto"".";CERTO
O conceito de Responsabilidade de Proteger (R2P) surgiu após crises humanitárias como Ruanda e os Bálcãs.;CERTO
A Responsabilidade de Proteger estabelece um direito ilimitado de ingerência internacional em qualquer conflito interno.;ERRADO
A R2P envolve a responsabilidade internacional de agir diante de genocídio, crimes de guerra, limpeza étnica e crimes contra a humanidade.;CERTO
O Brasil propôs o conceito de Responsabilidade ao Proteger (RwP), buscando estabelecer limites e controles ao uso da força internacional.;CERTO
A Responsabilidade ao Proteger ampliou as possibilidades de intervenção autorizadas pela Assembleia Geral da ONU.;ERRADO
O Brasil contribuiu para a criação da Comissão de Consolidação da Paz da ONU e defende seu fortalecimento.;CERTO
A Comissão de Consolidação da Paz da ONU busca tratar causas profundas dos conflitos e auxiliar países em reconstrução pós-conflito.;CERTO
A saída do Brasil da Liga das Nações representou abandono completo do multilateralismo universal pela política externa brasileira.;ERRADO
O afastamento brasileiro da Liga das Nações esteve relacionado ao fracasso da candidatura brasileira a um assento permanente no Conselho da Liga.;CERTO
O Brasil foi o único país sul-americano a participar da Primeira Guerra Mundial e participou da organização da Sociedade das Nações.;CERTO
O Brasil integrou o Conselho da Sociedade das Nações como membro eleito.;CERTO
Mesmo após o fim da MINUSTAH, o Brasil continuou contribuindo com operações de paz da ONU principalmente no Oriente Médio e África Subsaariana.;CERTO
Depois da UNIFIL, MONUSCO e UNMISS são as missões da ONU com maior participação de funcionários brasileiros.;ERRADO
O Brasil participa da MINUSCA na República Centro-Africana.;CERTO
A MINUSCA foi estabelecida pelo Conselho de Segurança da ONU sob o Capítulo VII da Carta.;CERTO
O Brasil participa atualmente da MINUSMA no Mali contra organizações terroristas como a Al-Qaeda no Magrebe Islâmico.;ERRADO
O Brasil cogitou enviar tropas do Haiti para o Mali após o fim da MINUSTAH.;CERTO
O Brasil participou das negociações que criaram a ONU e sua delegação defendeu princípios como igualdade de direitos entre homens e mulheres.;CERTO
A delegação brasileira na Conferência de São Francisco foi liderada por Osvaldo Aranha.;CERTO
A Corte Internacional de Justiça é o principal órgão judiciário da ONU e resolve controvérsias jurídicas entre Estados.;CERTO
A Corte Internacional de Justiça possui 15 juízes e atualmente conta com um juiz brasileiro.;CERTO
O Brasil foi o primeiro país latino-americano a ocupar assento não permanente no Conselho de Segurança da ONU (1946-1947).;CERTO
O G4 é formado por Brasil, Alemanha, Índia e Japão e defende a expansão do Conselho de Segurança com novos membros permanentes.;CERTO
O G4 defende manter exatamente o mesmo número de membros não permanentes do Conselho de Segurança.;ERRADO
A Assembleia Geral da ONU nunca aprovou nenhuma emenda relacionada ao capítulo V da Carta sobre o Conselho de Segurança.;ERRADO
Roosevelt defendia a ideia de ""quatro policiais"" responsáveis pela segurança mundial no pós-guerra.";CERTO
Os quatro policiais imaginados por Roosevelt eram Estados Unidos, Grã-Bretanha, União Soviética e China.;CERTO
Roosevelt inicialmente pensou em três policiais e depois incluiu a China devido ao contexto da guerra contra o Japão.;CERTO
A África colonial representava, para Roosevelt, o principal desafio imediato de segurança internacional no pós-guerra.;ERRADO
Churchill defendia a criação de conselhos regionais para Europa, Ásia e Américas subordinados a um conselho mundial superior.;CERTO
A proposta de Churchill sobre conselhos regionais foi exatamente a estrutura adotada pela ONU após 1945.;ERRADO
O Brasil era considerado por Roosevelt um possível aliado estratégico dos EUA no pós-Segunda Guerra Mundial.;CERTO
O Brasil possuía características que poderiam justificar uma maior participação no sistema de segurança internacional do pós-guerra, segundo a visão de Roosevelt.;CERTO
Roosevelt visitou o Brasil duas vezes, em 1936 e 1943, e encontrou-se com Getúlio Vargas.;CERTO
A política externa brasileira durante Vargas contou com influência de Osvaldo Aranha, defensor de maior aproximação com os Estados Unidos.;CERTO
Franklin Roosevelt cogitou o Brasil como possível membro permanente do Conselho de Segurança da ONU devido principalmente à participação da FEB ao lado dos Aliados na Segunda Guerra Mundial.;CERTO
A proposta de Roosevelt para incluir o Brasil como membro permanente do Conselho de Segurança avançou e foi aceita pelas principais potências aliadas.;ERRADO
Reino Unido e União Soviética apresentaram resistências à inclusão do Brasil como membro permanente do Conselho de Segurança.;CERTO
Os membros não permanentes do Conselho de Segurança possuem direito a voto em questões procedimentais e substantivas, mas não possuem poder de veto.;CERTO
O poder de veto no Conselho de Segurança da ONU pertence aos cinco membros permanentes: EUA, Rússia, França, Reino Unido e China.;CERTO
O Brasil tradicionalmente apoia a aplicação de sanções econômicas multilaterais autorizadas pelo Conselho de Segurança como instrumento de pressão internacional.;CERTO
O Brasil tradicionalmente prefere sanções multilaterais autorizadas pela ONU em vez de medidas unilaterais de retaliação.;CERTO
A participação frequente no Conselho de Segurança e em operações de paz garante automaticamente ao Brasil um assento permanente após a reforma da ONU.;ERRADO
A reforma do Conselho de Segurança da ONU ainda não foi concluída e a entrada do G4 como membros permanentes não é automática.;CERTO
O G4 é composto por Brasil, Alemanha, Índia e Japão e defende a ampliação do Conselho de Segurança.;CERTO
A Liga das Nações possuía compromissos relacionados ao trabalho, tratamento justo dos povos, liberdade de comunicação e prevenção de doenças.;CERTO
O Pacto da Liga das Nações tratava exclusivamente de questões militares e de segurança internacional.;ERRADO
A crise que levou à Segunda Guerra Mundial provocou o enfraquecimento da Liga das Nações e levou à criação de novas instituições multilaterais no pós-guerra.;CERTO
A Liga das Nações foi dissolvida oficialmente em 1946, após a criação da ONU.;CERTO
Todos os órgãos e agências vinculados à Liga das Nações desapareceram imediatamente junto com a dissolução da organização.;ERRADO
O primeiro programa multilateral de cooperação para o desenvolvimento foi implementado pela Liga das Nações tendo a China como beneficiária.;ERRADO
A Liga das Nações desenvolveu iniciativas de cooperação internacional em áreas sociais e econômicas.;CERTO
O relatório Bruce propunha ampliar a atuação da Liga das Nações nos campos econômico e social.;CERTO
O relatório Bruce foi frustrado pela invasão da Polônia pela Alemanha em 1939.;CERTO
Um juiz da Corte Internacional de Justiça deve declarar-se impedido quando o Estado de sua nacionalidade for parte em um caso contencioso perante a Corte.;CERTO
O Brasil reconhece automaticamente a jurisdição obrigatória da Corte Internacional de Justiça por meio da cláusula facultativa do artigo 36(2) do Estatuto da CIJ.;ERRADO
O Brasil pode submeter-se à jurisdição da CIJ por compromisso específico firmado em tratado internacional.;CERTO
O Brasil pode aceitar a jurisdição da CIJ ao apresentar contestação de mérito em um caso contencioso.;CERTO
A ONU aprovou em 2024 uma convenção internacional sobre regulação de plataformas digitais inspirada na Lei de Serviços Digitais da União Europeia.;ERRADO
As intervenções de terceiros Estados em procedimentos contenciosos da CIJ têm aumentado e influenciado ajustes nas regras processuais da Corte.;CERTO
O princípio da não intervenção estabelece que cada Estado soberano possui direito de conduzir seus assuntos sem interferência externa.;CERTO
A Assembleia Geral da ONU reconhece o princípio da não intervenção como condição essencial para a convivência pacífica entre os Estados.;CERTO
O princípio brasileiro de defesa da paz inclui críticas ao alargamento excessivo do conceito de legítima defesa previsto na Carta da ONU.;CERTO
O Brasil não pode ser demandado perante a CIJ porque não reconhece sua jurisdição compulsória geral.;ERRADO
O Brasil pode participar de procedimentos perante a CIJ mesmo sem aceitar a jurisdição obrigatória geral da Corte.;CERTO
A participação brasileira em opiniões consultivas da CIJ sobre Kosovo, Chagos e armas nucleares demonstra sua atuação perante tribunais internacionais.;CERTO
Um Estado que exerce legítima defesa deve informar imediatamente o Conselho de Segurança da ONU.;CERTO
O exercício da legítima defesa impede o Conselho de Segurança de adotar medidas para manter ou restaurar a paz internacional.;ERRADO
A Carta da ONU autoriza represálias como forma legítima de exercício do direito de legítima defesa.;ERRADO
A legítima defesa preventiva é aceita amplamente pelo direito internacional contemporâneo e pelo Brasil.;ERRADO
O Brasil defende interpretação restritiva do direito de legítima defesa previsto na Carta da ONU.;CERTO
A legítima defesa prevista no artigo 51 da Carta da ONU possui modalidades individual e coletiva.;CERTO
O Brasil não participa de nenhum acordo regional baseado no artigo 51 da Carta da ONU.;ERRADO
O Brasil apoia a criação de uma zona de paz e cooperação na América do Sul.;CERTO
A União Africana defende reforma do Conselho de Segurança da ONU e maior representação africana permanente por meio do Consenso de Ezulwini.;CERTO
O Brasil e a União Africana possuem posições convergentes quanto à necessidade de reforma do Conselho de Segurança da ONU.;CERTO
A personalidade jurídica das organizações internacionais foi reconhecida pela Carta das Nações Unidas de 1945.;ERRADO
O reconhecimento da personalidade jurídica das organizações internacionais ocorreu principalmente pela evolução do direito internacional, tendo como marco importante o parecer da CIJ sobre a ONU em 1949.;CERTO
Uma nova ordem internacional emergiu ao fim das duas guerras mundiais, tendo como expressão a criação da Organização das Nações Unidas em Nova York em agosto de 1945.;ERRADO
A ONU foi criada em 1945 durante a Conferência de São Francisco, realizada nos Estados Unidos, mas sua sede foi posteriormente estabelecida em Nova York.;CERTO
Nos Quatorze Pontos de Woodrow Wilson, de 1918, estava presente a defesa da integridade territorial de grandes e pequenos Estados.;CERTO
A jurisdição contenciosa da Corte Internacional de Justiça depende do consentimento dos Estados envolvidos na controvérsia.;CERTO
A Corte Internacional de Justiça possui jurisdição automática sobre todos os membros da ONU independentemente de consentimento.;ERRADO
A competência consultiva da Corte Internacional de Justiça pode ser exercida apenas a pedido da Assembleia Geral e do Conselho de Segurança da ONU, além de outros órgãos autorizados.;CERTO
Particulares podem solicitar diretamente pareceres consultivos à Corte Internacional de Justiça.;ERRADO
A Corte Internacional de Justiça pode julgar controvérsias entre Estados membros ou não membros da ONU quando houver reconhecimento de sua competência.;CERTO
A CIJ possui competência automática para julgar qualquer controvérsia entre membros da ONU.;ERRADO
As decisões da Corte Internacional de Justiça anulam automaticamente leis internas contrárias dos Estados condenados.;ERRADO
A Corte Internacional de Justiça pode determinar diretamente o uso da força contra Estados que descumprirem suas decisões.;ERRADO
Sérgio Vieira de Mello morreu em um atentado contra a sede da ONU em Bagdá, em 2003, enquanto atuava como representante da organização no Iraque.;CERTO
Sérgio Vieira de Mello ocupou o cargo de Alto Comissário das Nações Unidas para os Direitos Humanos.;CERTO
Sérgio Vieira de Mello participou de missões internacionais da ONU em diversos continentes.;CERTO
Sérgio Vieira de Mello teve papel destacado na administração transitória do Timor-Leste após a independência.;CERTO
A ONU foi criada em um contexto bipolar e enfrenta desafios após o fim da Guerra Fria devido às mudanças no sistema internacional.;CERTO
A dissolução da União Soviética alterou profundamente o contexto geopolítico no qual a ONU atuava.;CERTO
O terrorismo internacional é um dos fatores que aumentaram os desafios de segurança enfrentados pela ONU no século XXI.;CERTO
A ameaça terrorista internacional está igualmente distribuída por todas as regiões do planeta.;ERRADO
A ONU possui forças militares próprias permanentes para executar suas operações de paz.;ERRADO
A ONU depende do fornecimento de tropas pelos Estados membros para suas operações de manutenção da paz.;CERTO
A presença de soldados brasileiros no Haiti esteve relacionada à participação brasileira na MINUSTAH.;CERTO
A reforma do Conselho de Segurança da ONU defendida pelo Brasil inclui a reivindicação de um assento permanente para o país.;CERTO
A ONU e a Liga das Nações foram baseadas em princípios como justiça e direito, mas também surgiram em contextos históricos concretos.;CERTO
A Liga das Nações e a ONU foram criadas apenas como construções ideológicas sem relação com acontecimentos históricos reais.;ERRADO
Durante a Guerra Fria, o direito de veto no Conselho de Segurança ajudou a evitar que conflitos entre as superpotências destruíssem o sistema de segurança coletiva da ONU.;CERTO
O direito de veto dos membros permanentes sempre impediu qualquer atuação do Conselho de Segurança durante a Guerra Fria.;ERRADO
O fim da Guerra Fria aumentou a importância dos direitos humanos na agenda da ONU.;CERTO
A criação do Tribunal Penal Internacional ocorreu diretamente como consequência do fim da Guerra Fria e da atuação da ONU.;ERRADO
A Doutrina Bush de guerra preventiva recebeu amplo apoio institucional da ONU.;ERRADO
A reforma do Conselho de Segurança é um dos principais temas debatidos atualmente na ONU.;CERTO
O Brasil defende sua inclusão como membro permanente do Conselho de Segurança da ONU.;CERTO
Os Estados Unidos participaram como membros da Liga das Nações durante todo o período entreguerras.;ERRADO
Grã-Bretanha, França, Japão e Itália participaram da Liga das Nações durante o período entreguerras.;CERTO
A Itália foi membro da Liga das Nações antes de sua saída da organização em 1937.;CERTO
A ONU teve entre seus objetivos reorganizar a ordem internacional e criar mecanismos de segurança coletiva após a Segunda Guerra Mundial.;CERTO
A bipolaridade da Guerra Fria foi causada exclusivamente pela existência do Conselho de Segurança da ONU.;ERRADO
O direito de veto no Conselho de Segurança dificultou algumas ações da ONU durante a Guerra Fria, mas também fazia parte do equilíbrio entre as grandes potências.;CERTO
O Tribunal Penal Internacional foi criado pela ONU como órgão subordinado da organização.;ERRADO
O Tribunal Penal Internacional foi criado pelo Estatuto de Roma de 1998 como instituição independente da ONU.;CERTO
O Brasil participa do debate sobre a reforma do Conselho de Segurança buscando maior representatividade do órgão.;CERTO
A Doutrina Bush fortaleceu a ONU ao estabelecer uma política internacional baseada na guerra preventiva aceita pela organização.;ERRADO
O Brasil, ao longo de sua participação na ONU, utilizou a relevância política da organização para propor resoluções e contribuir para a construção da ordem internacional.;CERTO
O Brasil defende que a ONU deveria possuir forças armadas próprias permanentes para garantir a paz internacional.;ERRADO
O Brasil apoia reformas e modernização de órgãos da ONU, incluindo mudanças no Conselho de Segurança.;CERTO
A política externa brasileira tradicionalmente demonstra indiferença às reformas institucionais da ONU.;ERRADO
A recusa em mobilizar forças armadas brasileiras para operações da ONU é uma característica permanente da política externa e de segurança brasileira.;ERRADO
A ONU exerce autoridade política internacional mesmo sem possuir exército próprio ou capacidade fiscal semelhante à dos Estados.;CERTO
O sistema institucional da ONU, comparado ao da Liga das Nações, apresentou avanços que aumentaram sua capacidade de atuar nas relações internacionais.;CERTO
A Sociedade das Nações surgiu como ideia de solução pacífica de controvérsias e ganhou destaque político com sua inclusão nos Quatorze Pontos de Wilson.;CERTO
O Conselho de Segurança da ONU permanece composto pelos mesmos membros permanentes desde sua fundação: EUA, França, Reino Unido, Alemanha, Rússia e China.;ERRADO
Os membros permanentes atuais do Conselho de Segurança da ONU são Estados Unidos, Rússia, China, França e Reino Unido.;CERTO
A participação brasileira na MINUSTAH esteve relacionada, entre outros fatores, ao objetivo de ampliar a atuação internacional do Brasil e fortalecer sua candidatura a um assento permanente no Conselho de Segurança.;CERTO
A Anistia Internacional faz parte da estrutura oficial da ONU.;ERRADO
A Assembleia Geral integra a estrutura da ONU.;CERTO
A Comissão de Direito Internacional integra o sistema das Nações Unidas.;CERTO
O Conselho de Direitos Humanos integra o sistema das Nações Unidas.;CERTO
A Carta da ONU admite o uso da força armada para resolver conflitos quando autorizado pelo Conselho de Segurança.;CERTO
A Carta das Nações Unidas proíbe qualquer uso da força nas relações internacionais, inclusive quando autorizado pelo Conselho de Segurança.;ERRADO
O Tribunal Penal Internacional é um tribunal ad hoc criado pela ONU para julgar qualquer crime cometido contra indivíduos.;ERRADO
O Tribunal Penal Internacional representa uma inovação no direito internacional ao estabelecer responsabilidade penal individual permanente em âmbito internacional.;CERTO
A ONU possui papel relevante na resolução de conflitos e pode adotar medidas coercitivas para preservar a paz.;CERTO
O Brasil valoriza fóruns multilaterais como espaços para influenciar a criação de regras internacionais.;CERTO
A atuação brasileira em fóruns multilaterais busca formar coalizões com outros países para reduzir assimetrias de poder.;CERTO
O Brasil utiliza coalizões internacionais apenas para confrontar países desenvolvidos, sem buscar negociações equilibradas.;ERRADO
A candidatura brasileira a um assento permanente no Conselho de Segurança relaciona-se à busca de maior reconhecimento internacional e liderança regional.;CERTO
O pleito brasileiro por um assento permanente no Conselho de Segurança está associado à defesa dos interesses latino-americanos na área de segurança internacional.;CERTO
A política multilateral brasileira é competência exclusiva da diplomacia profissional, sem participação de outros órgãos do Estado.;ERRADO
As relações internacionais brasileiras buscam uma inserção global sem abandonar a dimensão regional da política externa.;CERTO
A política externa brasileira historicamente busca diversificação de parceiros para ampliar autonomia internacional.;CERTO
A participação brasileira em conferências internacionais da ONU contribuiu para maior ativismo internacional do Brasil.;CERTO
O Brasil busca participar da formulação de normas internacionais, incluindo por meio de sua candidatura a membro permanente do Conselho de Segurança.;CERTO
A ONU não pode ser considerada uma organização multilateral porque o Conselho de Segurança possui membros permanentes com poder de veto.;ERRADO
O Conselho de Segurança da ONU demonstra uma dimensão hierárquica de poder dentro de uma estrutura multilateral.;CERTO
A existência do veto no Conselho de Segurança elimina completamente o caráter multilateral da ONU.;ERRADO
A ONU tem como principais órgãos o FMI, a OMC e o Conselho de Segurança.;ERRADO
O principal órgão da ONU é o Conselho de Segurança, composto por EUA, Rússia, Reino Unido, França e Brasil.;ERRADO
Na Assembleia Geral da ONU, os votos dos Estados possuem pesos diferentes.;ERRADO
A ONU é constituída por seis órgãos principais: Assembleia Geral, Conselho de Segurança, Conselho Econômico e Social, Conselho de Tutela, Corte Internacional de Justiça e Secretariado.;CERTO
A ONU foi formada após a Primeira Guerra Mundial para manter a paz mundial.;ERRADO
O Banco Mundial é uma agência da ONU que concede empréstimos de curto prazo para resolver problemas de liquidez internacional.;ERRADO
O FMI é uma agência da ONU responsável pela regulação do comércio internacional e financiamento de projetos de exportação.;ERRADO
Entre as agências especializadas da ONU estão OMS, FMI e Organização Mundial da Propriedade Intelectual.;CERTO
Todas as agências da ONU funcionam junto à sede central em Nova York.;ERRADO
A FAO atua na defesa da produção agrícola e segurança alimentar mundial.;CERTO
O processo de reforma do Conselho de Segurança da ONU é conduzido pela ONU de forma multilateral.;CERTO
A aliança entre Brasil, Índia, Alemanha e Japão pela reforma do Conselho de Segurança é chamada G4.;CERTO
Podem ser admitidos na ONU todos os Estados que desejarem, independentemente de critérios políticos.;ERRADO
A Assembleia Geral da ONU é composta por todos os membros e cada Estado possui um voto.;CERTO
O secretário-geral da ONU é eleito pelo Conselho de Segurança mediante recomendação deste órgão.;ERRADO
O Conselho de Segurança possui cinco membros permanentes e dez não permanentes, eleitos por dois anos.;CERTO
ONU e OEA são organizações supranacionais que restringem a soberania dos Estados.;ERRADO
As agências especializadas da ONU não possuem personalidade jurídica própria no direito internacional.;ERRADO
O princípio da não intervenção não impede medidas coercitivas previstas na Carta da ONU.;CERTO
Os Estados membros da ONU podem utilizar força militar livremente para resolver conflitos internacionais.;ERRADO
Não existe dever de solidariedade entre os membros da ONU.;ERRADO
Estados não membros da ONU não possuem obrigações relacionadas à paz internacional.;ERRADO
A ONU é baseada no princípio da igualdade orçamentária entre seus membros.;ERRADO
O Tribunal Penal Internacional possui competência automática sobre todos os cidadãos dos países membros da ONU.;ERRADO
A Corte Internacional de Justiça possui juízes eleitos pela Assembleia Geral e pelo Conselho de Segurança.;CERTO
A arbitragem internacional depende do consentimento das partes e sua sentença geralmente é definitiva.;CERTO
Estados devem obrigatoriamente recorrer primeiro às organizações regionais antes de procurar a ONU.;ERRADO
Bons Ofícios são uma forma de facilitar negociações entre Estados, sem impor uma decisão.;CERTO
A Assembleia Geral da ONU determina diretamente onde e quando ocorre uma operação de paz como a MINUSTAH.;ERRADO
O Brasil liderou, no âmbito da UNASUL, a criação do Conselho de Defesa Sul-Americano.;CERTO
Segurança coletiva equivale ao equilíbrio de poder entre Estados.;ERRADO
Brasil, Chile e Argentina tiveram papel relevante na MINUSTAH.;CERTO
A Assembleia Geral pode expulsar Estado membro que viole persistentemente a Carta, após recomendação do Conselho de Segurança.;CERTO
A OMC é um dos principais órgãos da ONU.;ERRADO
O Conselho de Segurança tem como atribuição a manutenção da paz internacional e liberalização do comércio.;ERRADO
Um Estado pode ser membro da Corte Internacional de Justiça sem ser membro da ONU.;CERTO
O G4 é formado por Brasil, Índia, Alemanha e Japão e defende reforma do Conselho de Segurança.;CERTO
O Brasil participa de operações de paz da ONU e defende imparcialidade, consentimento das partes e uso excepcional da força.;CERTO
O Conselho de Segurança possui capacidade jurídica para autorizar uso da força em casos previstos na Carta da ONU.;CERTO
O Pacto Briand-Kellogg proibiu a guerra como instrumento de política nacional.;CERTO
A ONU foi o primeiro projeto de criação de uma organização internacional.;ERRADO
A OIT foi criada antes da Carta de São Francisco e tornou-se organismo especializado da ONU posteriormente.;CERTO
O Brasil, ao propor em 2011 a responsabilidade ao proteger, apoiou incondicionalmente o direito de intervenção militar internacional em Estados fracassados para prevenir crimes contra a humanidade.;ERRADO
A ONU, criada após a Segunda Guerra Mundial, tem como finalidade principal a manutenção da paz e da segurança internacionais.;CERTO
OMS, FAO e UNESCO são agências especializadas da ONU com atuação global.;CERTO
Organizações não governamentais como a Cruz Vermelha Internacional atuam em ações humanitárias internacionais.;CERTO
O Brasil boicotou todos os órgãos da ONU durante quase duas décadas entre o final dos anos 1960 e o final dos anos 1980.;ERRADO
O Brasil possui histórico de participação como membro não permanente do Conselho de Segurança da ONU e já exerceu sua presidência.;CERTO
O Brasil participou da MINUSTAH, missão de estabilização no Haiti.;CERTO
O Brasil pleiteia assento permanente no Conselho de Segurança por defender maior representatividade dos fóruns multilaterais.;CERTO
A reforma da ONU busca aumentar a eficácia da organização em segurança, assistência humanitária, direitos humanos, construção da paz e desenvolvimento.;CERTO
A soberania estatal relaciona-se ao conceito moderno de Estado desde Vestefália.;CERTO
A característica do Estado como autoridade soberana é elemento central da organização do sistema internacional segundo a Carta da ONU.;CERTO
A segunda afirmação justifica corretamente a primeira afirmação sobre soberania e Estado.;ERRADO
O Conselho de Segurança sofre crise de representatividade devido ao surgimento de novas potências e novos atores internacionais.;CERTO
A capacidade do Conselho de Segurança de produzir resoluções vinculantes aproxima o órgão dos interesses de seus membros permanentes.;CERTO
A segunda afirmação justifica corretamente a primeira sobre a crise de representatividade do Conselho de Segurança.;ERRADO
O uso da força nas relações internacionais é proibido, salvo legítima defesa em caso de agressão ou autorização do Conselho de Segurança.;CERTO
O órgão da ONU composto por cinco membros permanentes e dez rotativos, responsável por autorizar intervenções militares, é o Conselho de Segurança.;CERTO
A crise de representatividade do Conselho de Segurança relaciona-se ao fato de sua composição refletir a distribuição de poder de 1945.;CERTO
A lógica do poder nacional-territorial foi substituída completamente pela lógica do poder econômico nas relações internacionais.;ERRADO
A admissão como membro da ONU é aberta aos Estados amantes da paz que aceitem as obrigações da Carta e estejam dispostos a cumpri-las.;CERTO
A admissão de novos membros da ONU ocorre por decisão da Assembleia Geral mediante recomendação do Conselho de Segurança.;CERTO
No Conselho de Segurança, os membros permanentes não podem utilizar o veto na admissão de novos membros.;ERRADO
O direito à autodeterminação dos povos constitui atualmente norma imperativa do Direito Internacional.;CERTO
Os Estados são juridicamente iguais e possuem iguais direitos independentemente de seu poder material.;CERTO
A responsabilização por crimes cometidos durante missões de paz é uma responsabilidade compartilhada entre ONU e Estados participantes das forças militares.;CERTO
As missões de paz da ONU são forças multinacionais aprovadas pelo Conselho de Segurança para atividades pacíficas e humanitárias.;CERTO
A segunda afirmação justifica corretamente a primeira sobre responsabilidade por crimes em missões de paz.;ERRADO
Os cinco membros permanentes do Conselho de Segurança refletem a composição de forças entre os vencedores da Segunda Guerra Mundial.;CERTO
Os membros permanentes do Conselho de Segurança representam proporcionalmente países desenvolvidos e subdesenvolvidos.;ERRADO
Os membros permanentes do Conselho de Segurança representam todos os continentes de forma equilibrada.;ERRADO
Em 2011, o Brasil apoiou incondicionalmente o direito de intervenção humanitária com uso da força em Estados fracassados, desde que autorizada pelo Conselho de Segurança da ONU.;Errado
A ONU, criada após a Segunda Guerra Mundial, tem como finalidade principal a manutenção da paz e da segurança internacionais.;Certo
Entre as agências especializadas da ONU estão OMS, FAO e UNESCO.;Certo
Organizações não governamentais como a Cruz Vermelha Internacional atuam no trabalho humanitário mundial.;Certo
O Brasil boicotou por quase duas décadas todos os órgãos da ONU, principalmente Assembleia Geral e Conselho de Segurança.;Errado
Um dos pilares da reforma da ONU é aumentar a eficácia na promoção da segurança, assistência humanitária, direitos humanos e desenvolvimento.;Certo
A soberania, relacionada ao conceito de Estado desde Vestefália, constitui elemento central da ordem internacional expressa na Carta da ONU.;Certo
O Conselho de Segurança enfrenta crise de representatividade devido à emergência de novas potências e novos atores internacionais.;Certo
O uso da força é proibido nas relações internacionais, salvo legítima defesa em caso de agressão externa.;Certo
O órgão da ONU composto por cinco membros permanentes e dez rotativos, responsável por autorizar intervenções militares, é o Conselho de Segurança.;Certo
A reforma do Conselho de Segurança é debatida devido à sua baixa representatividade e à permanência da estrutura de poder de 1945.;Certo
A admissão na ONU é aberta aos Estados amantes da paz que aceitem as obrigações da Carta e estejam aptos a cumpri-las.;Certo
A admissão de um Estado na ONU depende da Assembleia Geral mediante recomendação do Conselho de Segurança, podendo haver veto dos membros permanentes.;Errado
O direito à autodeterminação dos povos constitui atualmente norma imperativa do Direito Internacional.;Certo
Os Estados são juridicamente iguais, independentemente do poder que possuem.;Certo
A prestação de contas sobre crimes cometidos em missões de paz é responsabilidade compartilhada entre ONU e Estados participantes.;Certo
Os cinco membros permanentes do Conselho de Segurança refletem a composição de forças entre os vencedores da Segunda Guerra Mundial.;Certo
Uma disputa territorial entre Brasil e Uruguai perante um tribunal internacional deveria ser encaminhada à Corte Internacional de Justiça.;Certo
As operações de paz da ONU podem usar a força para defender seu mandato e civis, especialmente quando o Estado receptor não consegue garantir segurança.;Certo
O Brasil foi membro temporário do Conselho da Liga das Nações, buscou assento permanente, enquanto os EUA permaneceram ausentes da Liga.;Certo
Organizações Internacionais Governamentais são formadas por Estados, voltadas à cooperação internacional e associadas ao multilateralismo.;Certo
A Assembleia Geral reúne todos os membros e emite recomendações sem força vinculante; o Conselho de Segurança possui 15 membros e decisões vinculantes.";Certo
O Conselho de Segurança pode aplicar sanções, bloqueios e autorizar uso da força para manter ou restaurar a paz internacional.;Certo
