Em 1997, o presidente Fernando Henrique Cardoso enviou ao Congresso Nacional proposta de adesão do Brasil ao Tratado de Não Proliferação Nuclear (TNP).;Certo
A proibição do emprego de armas químicas foi respeitada na Segunda Guerra Mundial, mas violada na Guerra Irã-Iraque.;Certo
A expressão ""espada de Dâmocles"" designa uma ameaça constante e iminente.";Certo
O ""equilíbrio do terror"" baseia-se na capacidade de retaliação nuclear suficiente para desencorajar um ataque inicial.";Certo
O Tribunal Penal Internacional julga indivíduos por genocídio, crimes contra a humanidade, crimes de guerra e crime de agressão, de forma complementar às jurisdições nacionais.;Certo
A instabilidade política na Amazônia internacional impulsionou projetos voltados à segurança da faixa de fronteira brasileira.;Certo
Após os atentados de 11 de setembro, o Brasil solidarizou-se com os EUA e defendeu o fortalecimento das instituições multilaterais no combate ao terrorismo.;Certo
O Brasil restringiu seu combate ao terrorismo apenas ao âmbito da OEA e do TIAR.;Errado
As acusações dos EUA sobre a Tríplice Fronteira aproximaram completamente o Brasil das posições norte-americanas sobre terrorismo.;Errado
O Brasil defendeu o fortalecimento dos mecanismos multilaterais e não se opôs previamente à cooperação com os EUA no combate ao terrorismo.;Certo
O Brasil permaneceu à margem dos principais regimes de não proliferação entre as décadas de 1960 e 1980, aproximando-se deles nos anos 1990.;Certo
O Brasil considera o TNP discriminatório e, embora seja parte do tratado, não aderiu ao Protocolo Adicional da AIEA.;Certo
Durante a Guerra Fria, o Brasil participou ativamente das discussões sobre desarmamento tanto na Comissão de Desarmamento da ONU quanto no Conselho de Segurança.;Errado
O Brasil nunca aderiu ao Regime de Controle de Tecnologia de Mísseis (MTCR).;Errado
A OTAN foi criada como aliança militar entre EUA e Europa Ocidental no contexto da Guerra Fria.;Certo
A União Soviética não criou aliança militar semelhante à OTAN até a década de 1960.;Errado
As condições que motivaram a criação da OTAN permanecem inalteradas mais de sessenta anos após a Segunda Guerra Mundial.;Errado
O Brasil reconhece automaticamente como terrorista qualquer organização assim classificada por países com os quais mantém relações diplomáticas.;Errado
O terrorismo suicida moderno ganhou projeção a partir da Revolução Iraniana e foi utilizado pelo Hezbollah em 1983 contra alvos norte-americanos no Líbano.;Certo
A MINUSTAH, a Estratégia Nacional de Defesa e o Conselho de Defesa Sul-Americano demonstram articulação entre política externa e política de defesa do Brasil.;Certo
A diplomacia brasileira reduziu sua ênfase em desarmamento devido ao reaparelhamento das Forças Armadas.;Errado
Os atentados de 11 de setembro de 2001 marcaram o início de uma escalada do terrorismo internacional relacionada às guerras do Afeganistão e do Iraque.;Certo
O documento final da Primeira Cúpula das Américas (1994) contém item específico sobre o combate às drogas ilícitas.;Certo
O Irã, diferentemente do Brasil, recusou-se a adotar o Protocolo Adicional do TNP, por considerá-lo instrumento que amplia as inspeções da AIEA.;Certo
Israel é signatário do Tratado de Não Proliferação Nuclear (TNP).;Errado
O Brasil é signatário original tanto do TNP quanto do CTBT.;Errado
O TNP não inclui o Irã, que nunca aderiu ao tratado.;Errado
Israel e Irã podem realizar testes nucleares porque ambos não são signatários do CTBT.;Errado
As negociações SALT entre EUA e URSS, na década de 1970, estabeleceram limites para a produção de armas estratégicas.;Certo
O Tratado de Não Proliferação Nuclear (TNP) foi um dos acordos decorrentes do Plano SALT.;Errado
O Plano SALT representou negociações entre EUA, Reino Unido e URSS.;Errado
A década de 1980 iniciou-se sob estabilidade estratégica, com superação da corrida armamentista e eliminação dos riscos de proliferação nuclear.;Errado
O Brasil defendeu e promoveu a assinatura do Tratado sobre o Comércio de Armas (Arms Trade Treaty), em 2013, visando prevenir e combater o tráfico de armas.;Certo
O Brasil propõe listas periódicas de grupos terroristas para orientar sua política externa.;Errado
O Brasil defende substituir o princípio da responsabilidade compartilhada pelo princípio da responsabilidade exclusiva dos países consumidores no combate ao narcotráfico.;Errado
O Brasil propõe assentos rotativos para a União Europeia no Conselho de Segurança da ONU.;Errado
O Brasil opõe-se à Coalizão da Nova Agenda em matéria de desarmamento nuclear.;Errado
A Reunião Ministerial do Cone Sul sobre Segurança nas Fronteiras (2016) decidiu ampliar a cooperação judicial, policial e de inteligência contra o crime organizado transnacional.;Certo
A ZOPACAS foi criada por resolução da Assembleia Geral da ONU em 1986 e reúne países banhados pelo Atlântico Sul.;Certo
O Conselho de Defesa Sul-Americano foi criado como uma aliança militar destinada à formação de forças armadas integradas.;Errado
A Organização para a Proibição de Armas Químicas (OPAQ) é uma agência especializada da ONU diretamente subordinada ao Secretário-Geral.;Errado
No século XXI, a segurança passou a integrar de forma mais intensa a agenda da política externa brasileira, incluindo operações de paz e debates sobre segurança humana e reforma do Conselho de Segurança.;Certo
O sistema interamericano oferece instrumentos importantes de cooperação no combate ao narcotráfico, complementando os mecanismos multilaterais globais.;Certo
O Brasil privilegia exclusivamente mecanismos bilaterais de combate ao terrorismo, em detrimento das instâncias multilaterais.;Errado
O Brasil integra a OPANAL, responsável pela aplicação do Tratado de Tlatelolco na América Latina e Caribe.;Certo
O Tribunal Penal Internacional possui competência para julgar indivíduos acusados de crimes de guerra, genocídio, crimes contra a humanidade e crimes de agressão.;Certo
Tortura, extermínio e deportação forçada podem constituir crimes contra a humanidade quando praticados como parte de ataque generalizado ou sistemático contra população civil.;Certo
A criação da ABACC integrou a estratégia brasileira de adesão ao Tratado de Não Proliferação Nuclear (TNP).;Certo
O Ministro das Relações Exteriores é membro nato do Conselho de Defesa Nacional.;Certo
A Convenção Interamericana contra o Terrorismo prevê que os Estados adotem medidas de detecção e vigilância de movimentos transfronteiriços de dinheiro em espécie.;Certo
Desde 2005, o Brasil participou apenas de operações de paz realizadas em países pertencentes ao seu entorno estratégico.;Errado
O aumento da pirataria nos Golfos da Guiné e de Áden passou a representar ameaça ao entorno estratégico brasileiro.;Certo
Desde 2005, o entorno estratégico brasileiro caracteriza-se pela baixa ocorrência de guerras interestatais, embora persistam conflitos internos e violência doméstica.;Certo
A chamada ""Rota do Pacífico"" atravessa praticamente todos os países do entorno estratégico brasileiro até os Estados Unidos.";Errado
No início da década de 1990, o Exército Brasileiro passou a receber atribuições relacionadas ao combate a crimes transfronteiriços na faixa de fronteira.;Certo
O Brasil não aderiu ao GAFI/FATF porque participa apenas de mecanismos sul-americanos de cooperação.;Errado
A Unasul reconheceu oficialmente as FARC como grupo narcoterrorista em 2009.;Errado
A chamada ""rota caipira"" envolve organizações criminosas atuando na Bolívia e no Paraguai, com influência inclusive sobre o sistema penitenciário paraguaio.";Certo
Em 2023 ocorreu o maior aumento anual dos gastos militares globais desde 2009, e o GPI 2024 registrou o maior número de conflitos desde a Segunda Guerra Mundial.;Certo
Segundo entendimento do Tribunal Penal Internacional, sua jurisdição pode alcançar crimes cometidos no território de um Estado-parte, independentemente de discussão sobre os elementos constitutivos desse Estado no direito internacional geral.;Certo
O procurador do TPI não pode iniciar investigação por iniciativa própria (proprio motu), dependendo sempre de anuência de Estado-parte ou de encaminhamento do Conselho de Segurança da ONU.;Errado
O Tribunal Penal Internacional é órgão judicial das Nações Unidas e possui competência complementar às jurisdições penais nacionais.;Errado
As Resoluções 1593 (Darfur) e 1970 (Líbia) determinaram que os custos das investigações e processos do TPI seriam suportados pelas Nações Unidas.;Errado
O artigo 98(2) do Estatuto de Roma foi invocado de forma controversa para justificar acordos bilaterais destinados a impedir a entrega de nacionais de Estados não partes ao TPI.;Certo
A Convenção sobre Armas Químicas exige a destruição dos arsenais, deixando, em regra, essa obrigação à discricionariedade de cada Estado-parte.;Errado
A Corte Internacional de Justiça, em sua Opinião Consultiva de 1996, não concluiu de forma definitiva sobre a licitude ou ilicitude do uso de armas nucleares em todas as circunstâncias, mas ressaltou dúvidas quanto à compatibilidade dessas armas com os princípios do Direito Internacional Humanitário.;Certo
O Brasil defende historicamente o uso exclusivamente pacífico da energia nuclear, rejeita a proliferação de armas nucleares e manifesta preocupação com ações militares que possam levar ao uso desse armamento.;Certo
Mandados de prisão emitidos pelo TPI contra líderes mundiais podem ser executados quando eles ingressarem em um dos Estados-partes do Estatuto de Roma.;Certo
O Tribunal Penal Internacional é um órgão da ONU e pode julgar cidadãos de qualquer país sem limitações de jurisdição.;Errado
O Tribunal Penal Internacional exerce funções semelhantes às da Corte Internacional de Justiça, julgando crimes de guerra entre Estados.;Errado
O CTBT impede o Brasil de realizar explosões nucleares, mas permite sua participação em testes nucleares realizados por Estados não partes do tratado.;Errado
A adesão brasileira ao TNP representou a superação das críticas tradicionais da diplomacia brasileira quanto ao caráter discriminatório do tratado.;Certo
O Tratado de Tlatelolco inseriu o Brasil em uma zona livre de armas nucleares situada em região habitada.;Certo
O Brasil possui obrigação internacional de eliminar eventuais armas químicas de seus arsenais.;Certo
A Convenção sobre Armas Biológicas não impede pesquisas científicas ou cooperação internacional para fins pacíficos e defensivos.;Certo
Nas últimas décadas, observa-se crescente interseção entre grandes eventos esportivos e interesses econômicos.;Certo
A ""síndrome de Nova Iorque"" faz referência aos atentados terroristas de 11 de setembro de 2001 contra o World Trade Center e o Pentágono.";Certo
A Al-Qaeda operava a partir do Iraque sob comando de Saddam Hussein, fato que motivou a invasão norte-americana de 2003.;Errado
A OTAN foi criada durante a Guerra Fria e permanece ativa, inclusive com ampliação de seus membros após o fim da URSS.;Certo
O Brasil submete-se à jurisdição do Tribunal Penal Internacional cuja criação tenha aprovado por adesão.;Certo
Existe consenso internacional sobre a definição jurídica de terrorismo.;Errado
O Brasil considera oficialmente as FARC, na Bolívia, como grupo terrorista.;Errado
Na América Latina houve tanto terrorismo praticado por grupos políticos quanto terrorismo de Estado.;Certo
Os atentados de 11 de setembro deixaram de ser considerados atos terroristas pela maioria da opinião pública norte-americana.;Errado
Não se deve associar automaticamente o Islã ao terrorismo contemporâneo.;Certo
Nos últimos anos, a África tem permanecido praticamente livre de atentados terroristas.;Errado
Terrorismo, narcotráfico, espionagem e crime organizado estimularam a ampliação das estruturas estatais de inteligência.;Certo
Em Estados democráticos cresce a preocupação com mecanismos de controle e supervisão dos serviços de inteligência.;Certo
A eficiência dos serviços de inteligência deve prevalecer sobre a transparência, independentemente do regime político.;Errado
A globalização fortaleceu a atuação internacional de grandes empresas frequentemente vinculadas aos interesses estratégicos de seus Estados de origem.;Certo
CIA, KGB e Mossad desfrutam de confiança praticamente unânime da população de seus países e da comunidade internacional.;Errado
A assinatura do TNP, da Convenção sobre Armas Químicas e Biológicas e a adesão aos regimes de controle de exportações consolidaram, nos anos 1990, o compromisso brasileiro com a não proliferação.;Certo
A adesão brasileira ao Regime de Controle de Tecnologia de Mísseis (MTCR), em 1995, também buscou ampliar o acesso à cooperação tecnológica no setor aeroespacial.;Certo
As prioridades brasileiras em segurança internacional concentram-se principalmente em ameaças militares regionais e na proliferação de armas de destruição em massa.;Errado
Antes de aderir ao TNP, o Brasil já havia assumido compromissos de não proliferação no plano regional e perante a AIEA.;Certo
A posição brasileira de não tratar o terrorismo como principal ameaça à segurança nacional relaciona-se à valorização do multilateralismo e à crítica de iniciativas unilaterais.;Certo
Ao ratificar a Convenção Interamericana contra o Terrorismo, o Brasil decidiu concentrar seus esforços exclusivamente no plano regional.;Errado
O Brasil participa tanto do GAFI/FATF quanto do GAFILAT (antigo GAFISUD), priorizando o combate à lavagem de dinheiro e ao financiamento do terrorismo.;Certo
A segurança sub-regional brasileira foi resolvida mediante acordos militares do Mercosul que instituíram um mecanismo comum de defesa e de uso de armas não convencionais.;Errado
O Tribunal Penal Internacional (TPI) tem competência expressa para julgar o terrorismo como crime contra a humanidade.;Errado
As línguas de trabalho do Tribunal Penal Internacional são apenas o inglês e o francês.;Certo
O Tribunal Penal Internacional é um organismo especializado da ONU.;Errado
O Estatuto de Roma permite ao Tribunal Penal Internacional aplicar a pena de morte em casos graves.;Errado
O Tribunal Penal Internacional começou a funcionar em 1998, logo após a conclusão do Estatuto de Roma.;Errado
A deportação ou transferência forçada de populações constitui crime contra a humanidade segundo o Estatuto de Roma.;Certo
A morte ou o ferimento de adversários rendidos constitui crime contra a humanidade.;Errado
A adoção de medidas destinadas a impedir nascimentos no seio de determinado grupo constitui crime contra a humanidade.;Errado
A organização de tribunais de exceção constitui crime contra a humanidade previsto no Estatuto de Roma.;Errado
O recrutamento de crianças menores de quinze anos constitui crime contra a humanidade.;Errado
O Tratado de Não Proliferação Nuclear estabelece a prevalência de seus dispositivos sobre quaisquer tratados regionais.;Errado
Entre as finalidades da Convenção da ONU contra a Corrupção está promover a integridade, a prestação de contas e a boa gestão dos assuntos e bens públicos.;Certo
A Convenção da ONU contra a Corrupção busca homogeneizar os ordenamentos jurídicos dos Estados Partes.;Errado
A Convenção da ONU contra a Corrupção aplica-se apenas quando houver prejuízo patrimonial ao Estado.;Errado
A Convenção da ONU contra a Corrupção prevê medidas apenas para prevenir a corrupção no setor público, excluindo sanções ao setor privado.;Errado
A Convenção da ONU contra a Corrupção não trata da proteção de testemunhas, vítimas, peritos ou denunciantes.;Errado
A Convenção da OCDE admite que interesses econômicos nacionais influenciem a investigação de corrupção de funcionário público estrangeiro.;Errado
A Convenção Interamericana contra a Corrupção fixa penas específicas para todos os Estados Partes.;Errado
A Convenção da ONU contra a Corrupção autoriza um Estado Parte a exercer diretamente sua jurisdição no território de outro Estado Parte.;Errado
Segundo a Convenção da OCDE, a corrupção de funcionário público estrangeiro não pode ser considerada delito passível de extradição.;Errado
O Mecanismo de Acompanhamento da Implementação da Convenção Interamericana contra a Corrupção foi criado pelos Estados Partes para acompanhar sua implementação.;Certo
O Brasil aderiu ao Tratado de Não Proliferação Nuclear por considerar que isso fortaleceria o regime de não proliferação e contribuiria para a eliminação das armas nucleares.;Certo
O Brasil se recusa a participar da Interpol.;Errado
O narcotráfico é uma manifestação do crime organizado e atua de forma globalizada.;Certo
As FARC derrotaram recentemente o Estado colombiano, impulsionando o narcotráfico na América do Sul.;Errado
O narcotráfico integra cadeias globais de fornecimento, financiamento e tecnologia.;Certo
Há consenso entre os líderes latino-americanos de que apenas a repressão policial é eficaz no combate às drogas.;Errado
A política antidrogas dos EUA desarticulou completamente o narcotráfico na Colômbia e na Bolívia.;Errado
O tráfico internacional de drogas tornou-se uma atividade globalizada e altamente lucrativa.;Certo
O narcotráfico contribui para o aumento da violência e da insegurança, especialmente nos centros urbanos.;Certo
A Convenção da ONU contra o Crime Organizado Transnacional estabelece cooperação sobre controle de precursores químicos de entorpecentes.;Certo
A Convenção sobre Armas Bacteriológicas obriga os Estados Partes a destruir agentes, toxinas, armas e meios de emprego hostil.;Certo
A Convenção sobre Armas Químicas foi criada pelo Conselho de Segurança da ONU e adotada por aproximadamente metade dos Estados do mundo.;Errado
O Brasil recusa-se a aderir ao Protocolo Adicional do TNP em razão de seu caráter intrusivo.;Certo
A ABACC negocia com a AIEA e com o MERCOSUL no âmbito do Acordo Quadripartite.;Errado
A Comissão Interministerial de Controle de Exportação de Bens Sensíveis é coordenada pelo Ministério da Indústria, Comércio Exterior e Serviços.;Certo
A Comissão Antiterrorismo foi criada no âmbito da Assembleia Geral da ONU.;Errado
A Constituição de 1988 passou a prever o repúdio ao terrorismo apenas após decreto presidencial de 2006.;Errado
A Assembleia Geral da ONU aprovou, em 2006, a Estratégia Mundial contra o Terrorismo.;Certo
O Fórum Regional da ASEAN foi criado para equilibrar a pressão da URSS e da Iniciativa de Defesa Estratégica dos EUA.;Errado
O Tratado de Segurança Coletiva surgiu após os atentados de 11 de setembro para impedir a atuação dos EUA na Ásia Central.;Errado
Entre os objetivos do Conselho de Defesa Sul-Americano estão a cooperação na indústria de defesa e a incorporação da perspectiva de gênero.;Certo
A Estratégia de Segurança da União Europeia considera a proliferação de armas de destruição em massa uma das principais ameaças à segurança europeia.;Certo
O TIAR prevê reunião imediata do órgão de consulta quando houver ameaça à soberania ou integridade territorial de Estado Parte.;Certo
A Política Africana Comum de Defesa e Segurança adota conceito amplo de defesa, abrangendo valores sociais, políticos, culturais e econômicos.;Certo
O tráfico internacional de drogas é facilitado pela inexistência de cooperação internacional entre órgãos de segurança.;Errado
A política antidrogas dos EUA eliminou os grandes cartéis da Colômbia e da Bolívia.;Errado
Diversas lideranças internacionais defendem a legalização de algumas drogas como forma de enfraquecer o narcotráfico.;Certo
As organizações não governamentais ampliaram sua atuação nas últimas décadas em diversas áreas ligadas à cidadania e aos direitos humanos.;Certo
A atuação da ONU e do Tribunal Penal Internacional reduziu significativamente o crime organizado transnacional ligado ao tráfico de drogas e à lavagem de dinheiro.;Errado
O Brasil assinou e ratificou integralmente todos os instrumentos globais e regionais sobre desarmamento e não proliferação nuclear.;Errado
O Brasil privilegia canais bilaterais de ação diplomática no combate ao terrorismo internacional.;Errado
A CICAD, na OEA, e o Conselho Sul-Americano sobre o Problema Mundial das Drogas, na UNASUL, são importantes mecanismos multilaterais utilizados pelo Brasil no combate ao narcotráfico.;Certo
. A Escola de Copenhague rompe com a visão tradicional de segurança, ampliando o escopo das ameaças ao Estado para incluir questões políticas, sociais, econômicas e ambientais.;CERTO
I. Os ataques de 11 de setembro demonstraram o desafio do terrorismo internacional, e os eventos posteriores aumentaram a preocupação com a proliferação de armas de destruição em massa e outras armas não convencionais.;CERTO
II. A comunidade internacional forjou, no âmbito da Assembleia Geral da ONU, um consenso sobre uma definição universal de terrorismo.;ERRADO
. O Brasil assinou o Tratado de Não Proliferação Nuclear (TNP) em 1998 e recusou-se a assinar o Protocolo Adicional do TNP.;ERRADO
I. O estreitamento das relações com os países do Atlântico Sul, a reativação da ZOPACAS e a formação do Conselho de Defesa Sul-Americano evidenciam a conexão entre política externa e política de defesa nacional.;CERTO
II. A Estratégia Nacional de Defesa, formulada em 2008, busca garantir maior autonomia institucional e orçamentária na área de defesa em detrimento das estratégias de inserção internacional do Brasil.;ERRADO
V. A participação do Brasil em Missões de Paz da ONU constitui uma forma de ampliar sua atuação na área de defesa e segurança internacionais.;CERTO
. Há um consenso básico de que terroristas são aqueles que lutam contra o Estado e também contra um de seus elementos básicos, o povo.;ERRADO
. O Tribunal Penal Internacional é uma instituição destinada a investigar e julgar indivíduos acusados de genocídio, crimes de guerra e crimes contra a humanidade, com sede em Haia e criada oficialmente em 2002.;CERTO
. Durante a Guerra Fria, os temas de segurança estiveram virtualmente ausentes ou em posições secundárias na agenda da política externa brasileira, adquirindo grande relevância a partir do início do século XXI devido ao fortalecimento de ameaças globais.;ERRADO
. A prioridade brasileira aos fóruns multilaterais e aos regimes globais para tratar de questões de segurança decorre, entre outros fatores, da inexistência de ameaças diretas provenientes do entorno regional e da relativa estabilidade da América do Sul quanto a conflitos interestatais.;CERTO
. No período pós-Guerra Fria, a natureza transnacional de novas ameaças, como terrorismo, proliferação de armas de destruição em massa, crime organizado e narcotráfico, estimulou a cooperação entre aparatos de segurança e agências de inteligência de países anteriormente rivais.;CERTO
. As organizações dedicadas ao narcotráfico vêm apresentando crescente presença de redes horizontais, menos estruturadas e hierarquizadas, que também podem atuar em outras atividades ilícitas, como crimes cibernéticos e ambientais.;CERTO
. O acordo de paz entre o governo colombiano e as FARC, firmado em 2016, não resultou na diminuição do tráfico de drogas originado na Colômbia, que se expandiu significativamente durante as negociações e no primeiro ano de vigência do acordo.;CERTO
. A expansão global das novas substâncias psicoativas sintéticas provocou a contração e a segmentação dos mercados tradicionais de heroína e cocaína, que ficaram cada vez mais circunscritos às respectivas regiões produtoras.;ERRADO
. A Convenção de Budapeste sobre Cibercrime, negociada no âmbito da União Europeia em 2001, constitui instrumento jurídico vinculante para a cooperação internacional na prevenção e no combate ao crime cibernético.;CERTO
. As agendas e os espaços institucionais internacionais relacionados à segurança cibernética global são, atualmente, eminentemente intergovernamentais e de alcance regional.;ERRADO
. Os estreitos vínculos entre hacktivismo e terrorismo cibernético representam atualmente importante item da pauta das políticas de segurança dos países e da cooperação internacional em segurança cibernética.;ERRADO
. A Convenção de Palermo é um instrumento internacional multilateral e solene que foi promulgado pelo Congresso Nacional brasileiro e ratificado, no âmbito interno, por decreto.;ERRADO
. Os protocolos adicionais à Convenção de Palermo, como o relativo à prevenção, repressão e punição do tráfico de pessoas, foram incorporados ao direito brasileiro com eficácia de lei complementar por tratarem de direitos fundamentais.;ERRADO
. O Brasil não aderiu ao Estatuto de Roma, que criou o Tribunal Penal Internacional, porque não admite a extradição de brasileiros para serem julgados por uma corte internacional que admita pena de caráter perpétuo.;ERRADO
. O Tratado de Não Proliferação Nuclear, assinado em 1968, é o principal instrumento jurídico para conter a disseminação nuclear, persistindo divergências sobre usos pacíficos da energia nuclear e sobre compromissos de desarmamento.;CERTO
I. Após o fim da Guerra Fria, as armas nucleares soviéticas permaneceram em poder da Rússia, Ucrânia, Bielorrússia e Cazaquistão, que se tornaram potências nucleares e aderiram ao TNP por meio do Protocolo de Lisboa de 1992.;ERRADO
II. No pós-Guerra Fria, a proliferação nuclear continua sendo preocupação da segurança internacional devido à existência de países como Índia, Paquistão e Coreia do Norte com capacidade nuclear.;CERTO
. O Brasil é um dos países que assinou o Tratado sobre a Proibição de Armas Nucleares (TPAN).;CERTO
. A natureza dual da tecnologia nuclear e a preocupação das potências emergentes com o possível uso do regime de não proliferação para restringir seu acesso à tecnologia nuclear contribuem para as dificuldades da governança global sobre o tema.;CERTO
I. A partir dos anos 1990, as potências nucleares passaram progressivamente a abolir seus respectivos arsenais, em consonância com a igualdade entre os Estados e com o TNP.;ERRADO
II. A Conferência de Desarmamento e a Assembleia Geral da ONU tornaram-se os dois principais fóruns para questões normativas relacionadas à proliferação nuclear no pós-Guerra Fria.;ERRADO
. Na década de 1960, os Estados possuidores de armas nucleares comprometeram-se formalmente com o desarmamento nuclear completo.;CERTO
I. Existem argumentos morais favoráveis ao desarmamento nuclear, mas não existem argumentos de natureza econômica que sustentem essa perspectiva.;ERRADO
II. Os opositores ao movimento de desarmamento consideram essa abordagem ingênua ou uma forma de deixar o Estado vulnerável diante de seus adversários.;CERTO
. O Tribunal Penal Internacional foi criado pelo Estatuto de Roma, tem sede em Haia e possui competência sobre os crimes de guerra, crimes contra a humanidade, genocídio e agressão.;CERTO
. Considerando o art. 4º, parágrafo único, da Constituição de 1988, a América Latina integra o entorno estratégico brasileiro.;CERTO
I. A Antártica foi incorporada ao entorno estratégico brasileiro, embora sua exploração seja destinada exclusivamente a fins de pesquisa científica.;CERTO
II. A Comunidade dos Países de Língua Portuguesa (CPLP) é expressamente incluída como uma das áreas do entorno estratégico brasileiro.;ERRADO
. A Convenção de Genebra original de 1906 e os Regulamentos de Haia de 1907 foram complementados pelo Protocolo de Genebra de 1925, que proibiu o emprego de gases asfixiantes, tóxicos ou similares e de meios bacteriológicos de guerra.;CERTO
. A Convenção sobre Armas Químicas de 1993 estabeleceu um regime de verificação supervisionado pela OPAQ, incluindo relatórios nacionais, inspeções de rotina e inspeções por denúncia.;CERTO
. As proibições de armas químicas e biológicas aplicam-se aos conflitos armados não internacionais como Direito Internacional Humanitário Consuetudinário.;CERTO
. A Convenção sobre Armas Biológicas de 1972 proíbe o desenvolvimento, produção e estocagem de determinados agentes biológicos, toxinas, armas, equipamentos ou vetores destinados a fins hostis ou conflitos armados.;CERTO
. A Convenção sobre Armas Químicas de 1993 proíbe absolutamente, em quaisquer circunstâncias, o uso, aquisição, estocagem, conservação e transferência de armas químicas e exige a destruição das armas existentes.;CERTO
. Um Comando Operacional Combinado emprega meios ponderáveis de mais de uma Força Armada, enquanto um Comando Operacional Conjunto congrega meios ponderáveis de mais de um país.;ERRADO
. A criação do Estado de Israel ocorreu em 1967 como resultado da Guerra dos Seis Dias, durante a qual ocorreu a Operação Moked.;ERRADO
. A ascensão de novas potências globais capazes de contestar a predominância unipolar dos EUA reacende o debate sobre a importância do controle do ar e sobre a teoria do Poder Aéreo.;CERTO
. A Força Aérea Numerada é o órgão de direção setorial do Comando da Aeronáutica responsável pela segurança da navegação aérea no espaço aéreo brasileiro.;ERRADO
. O Poder Aeroespacial compreende a Força Aérea, suas bases, estruturas de comando e controle, estruturas logísticas e administrativas, além de meios adjudicados pelas demais Forças e outros meios vinculados à missão do Poder Militar Aeroespacial.;CERTO
. A Estratégia Nacional de Defesa estabelece que as áreas estratégicas marítimas que merecem atenção especial para o controle do acesso marítimo ao Brasil são a faixa entre Santos e Vitória e a área em torno da foz do rio Amazonas.;CERTO
I. Defesa marítima é o sentimento de garantia necessário e indispensável à sociedade e aos seus integrantes contra ameaças de qualquer natureza em períodos de normalidade.;ERRADO
II. A principal vulnerabilidade decorrente da dependência brasileira do mar é a proteção da atividade pesqueira, destacando-se o Instituto de Estudos do Mar Almirante Paulo Moreira como instituição fundamental para o futuro da vida marinha.;ERRADO
. A prisão de integrantes de baixo escalão do crime organizado pode aprofundar suas relações com o mundo do crime dentro das prisões, enquanto fragilidades no combate aos crimes financeiros dificultam o enfrentamento das redes globais de crime organizado.;CERTO
. O monitoramento das atividades criminosas pelo governo contribui para a segurança interna, enquanto a OEA acompanha importações, exportações e trânsito de armas nos países membros para combater o crime organizado.;ERRADO
. O serviço de inteligência nacional direciona ações policiais contra o crime organizado, enquanto a INTERPOL fornece contingentes para intervenções militares.;ERRADO
. A polícia é responsável pelo enfrentamento do crime organizado nacional, enquanto crimes internacionalizados demandam a aprovação de operações de manutenção da paz pela Assembleia Geral da ONU.;ERRADO
. A legalização da aquisição de armas de fogo e o controle de armamentos constituem políticas públicas de segurança doméstica, enquanto a regulamentação internacional desses temas ocorre apenas em casos comprovados de terrorismo.;ERRADO
. A relação correta entre os tipos de ameaça e suas caracterizações é: ataque cibernético → espionagem → interferência externa → criminalidade organizada.;CERTO
. O jus in bello abrange normas internacionais que regulam o emprego de armas de alto potencial destrutivo em conflitos armados.;CERTO
I. O jus ad bellum diz respeito ao direito de promover a guerra conforme o direito internacional, incluindo a legítima defesa contra agressões externas e as decisões do Conselho de Segurança da ONU para evitar a guerra ou restabelecer a paz.;CERTO
II. O jus in bello não abrange as normas de Direito Internacional Humanitário.;ERRADO
. Segundo Mary Kaldor, nas novas guerras aumentaram as diferenças entre a guerra entre Estados e outras formas de violência sistemática, como o crime organizado e as violações de direitos humanos.;ERRADO
I. As novas guerras são conflitos de baixa intensidade nos quais a distinção entre público e privado e entre estatal e não estatal tende a desaparecer.;CERTO
II. Nas novas guerras, a sociedade civil é simultaneamente palco e alvo da violência organizada, contribuindo para um processo de privatização da violência.;CERTO
. A Política Nacional de Cibersegurança inclui entre seus princípios a soberania nacional e a priorização dos interesses nacionais.;CERTO
I. A Política Nacional de Cibersegurança inclui a garantia dos direitos fundamentais, especialmente liberdade de expressão, proteção de dados pessoais, privacidade e acesso à informação.;CERTO
II. A Política Nacional de Cibersegurança inclui a prevenção de incidentes e ataques cibernéticos, especialmente contra infraestruturas críticas e serviços essenciais.;CERTO
V. A Política Nacional de Cibersegurança inclui a resiliência das organizações públicas e privadas diante de incidentes e ataques cibernéticos.;CERTO
. Segundo a legislação brasileira, configura crime de terrorismo o uso ou ameaça de uso de explosivos capazes de promover destruição em massa, por razões de xenofobia ou preconceito de raça, cor, etnia e religião, com finalidade de provocar terror social.;CERTO
. O Tribunal Penal Internacional somente terá competência relativamente aos crimes cometidos após a entrada em vigor do Estatuto de Roma, ainda que se trate de crimes de genocídio ou contra a humanidade.;CERTO
. A Convenção de Palermo, promovida pela ONU e destinada ao enfrentamento do crime organizado transnacional, ainda não foi ratificada pelo Brasil.;ERRADO
. A ideia de projeção mundial do Brasil, de Meira Mattos, rejeita a teoria da tríade de Brzezinski e sustenta a tese do Brasil potência, baseada na projeção do país sem alinhamentos automáticos aos polos de poder mundial.;CERTO
. As fronteiras e o entorno estratégico brasileiros são espaços prioritários, exigindo coordenação entre Forças Armadas, órgãos de segurança pública e diplomacia, além de cooperação com países vizinhos para enfrentar ilícitos e defender interesses comuns.;CERTO
. No pós-Guerra Fria, consolidou-se uma concepção de segurança que passou a incluir ameaças militares e não militares, incorporando variáveis econômicas, ambientais, sociais, políticas e sanitárias, dando origem à ideia de segurança multidimensional.;CERTO
. Biossegurança refere-se às políticas, práticas e barreiras destinadas a prevenir o acesso ou exposição acidental a agentes biológicos perigosos e a proteger a saúde humana, animal e ambiental.;CERTO
. Considerando uma perspectiva do Sul e a escola brasileira de geopolítica, a grande estratégia brasileira deve priorizar os quatro grandes arquétipos que posicionam o país como superpotência energética, alimentar, ambiental/verde e aquífera.;CERTO
. A operação naval multinacional iniciada em 2021 por iniciativa brasileira, destinada à capacitação, troca de experiências, adestramento e interoperabilidade entre forças navais e guardas-costeiras da costa ocidental africana, foi denominada Guinex.;CERTO
. Entre as capacidades nacionais de defesa, a capacidade de mobilidade estratégica é a que melhor proporciona rápida resposta mediante o emprego da força em defesa dos interesses nacionais, no país ou no exterior.;CERTO
. No caso brasileiro, o fator que requer maior atenção para a inserção no mercado internacional de defesa é a defasagem tecnológica e a existência de barreiras de acesso a tecnologias críticas.;CERTO
