. O Tratado da Antártida, assinado em Washington em 1959, estabelece a internacionalização da Antártida, que passou a ser considerada patrimônio comum da Humanidade.;ERRADO
. A Rio-92 foi o primeiro dos grandes encontros internacionais realizados na década de 1990 e contou com atuação decisiva do Brasil para a adoção de um enfoque acentuadamente social na abordagem ambiental.;CERTO
. Entre os principais resultados da Rio-92 estão a Declaração do Rio sobre Meio Ambiente e Desenvolvimento e a consolidação do conceito de desenvolvimento sustentável, vinculando proteção ambiental e direito ao desenvolvimento.;CERTO
. O Brasil enfrenta o desafio de conciliar desenvolvimento socioeconômico e preservação ambiental, considerando a necessidade de investimentos econômicos e promoção da justiça social.;CERTO
. As bacias hidrográficas brasileiras são exclusivamente temas de gestão ambiental e planejamento nacional, sem dimensão internacional envolvendo países vizinhos.;ERRADO
. A Conferência de Monterrey, realizada no México em 2002, teve como tema central o financiamento ao desenvolvimento.;CERTO
. O desenvolvimento sustentável busca uma sinergia entre os processos produtivos e o ecossistema, garantindo que o atendimento das necessidades presentes não comprometa a capacidade das futuras gerações de atender às suas necessidades.;CERTO
. Na Conferência de Estocolmo de 1972, ganhou relevo a tese de que os problemas ambientais do planeta decorriam da explosão demográfica dos países pobres.;CERTO
. O relatório “Nosso Futuro Comum”, publicado em 1987, procurou separar a temática ambiental das questões demográficas e sociais.;ERRADO
. O desenvolvimento sustentável caracteriza-se pela privação da maior parte da população mundial de suas necessidades básicas para sustentar elevados níveis de consumo nos países desenvolvidos.;ERRADO
. A Agenda 21, aprovada na Rio-92, prevê ações de adequação ambiental de novos investimentos produtivos e recuperação de áreas degradadas pelo uso predatório dos recursos naturais.;CERTO
. O Protocolo de Kyoto foi assinado e ratificado por todos os Estados integrantes da ONU e estabeleceu limites de emissão de gases de efeito estufa para todos eles.;ERRADO
. As primeiras iniciativas multilaterais para tratar conjuntamente desenvolvimento econômico e meio ambiente ocorreram em 1964, na Conferência das Nações Unidas sobre Comércio e Desenvolvimento (UNCTAD).;ERRADO
. A Conferência de Estocolmo de 1972 consagrou o direito a um meio ambiente saudável e estabeleceu diretrizes ambientais condicionadas à ressalva da liberalização do comércio internacional prevista pelo GATT.;ERRADO
. A Rio-92 tratou de questões como poluição, dilapidação de recursos naturais e perda da biodiversidade, resultando em compromissos de proteção ambiental, entre eles os previstos na Agenda 21.;CERTO
. O Protocolo de Kyoto estabeleceu metas de redução de gases de efeito estufa para países industrializados, mas determinou que essas metas fossem progressivamente adotadas pelos países em desenvolvimento.;ERRADO
. A comunidade internacional considerou satisfatórios, de forma geral, os resultados da COP 15, realizada em Copenhague em 2009.;ERRADO
. O Brasil teve participação destacada na COP 15, negociando ativamente o Acordo de Copenhague e defendendo a criação de fundos para financiar ações relacionadas à mudança climática em países pobres.;CERTO
. O Brasil defende o princípio das responsabilidades comuns, porém diferenciadas, e adotou medidas relacionadas à redução das emissões de CO₂ e ao combate ao desmatamento da Amazônia.;CERTO
. Por iniciativa brasileira, os países amazônicos adotaram posição comum de defender a conservação da cobertura vegetal como compensação pelo aumento das emissões de CO₂ decorrente da industrialização urbana.;ERRADO
. A Conferência de Estocolmo, realizada em 1972, marcou a inclusão da temática ambiental na pauta de interesse mundial e contou com a participação de grande número de chefes de Estado.;CERTO
. O Consenso de Monterrey, aprovado em 2002, recomendou que os países industrializados destinassem 0,7% de seu PIB à ajuda ao desenvolvimento, recomendação cumprida de maneira geral pela maioria desses países.;ERRADO
. A gestão ambiental pública no Brasil caracteriza-se fundamentalmente por uma perspectiva corretiva voltada ao controle da poluição, utilizando instrumentos legais como penalidades pelo descumprimento das medidas necessárias.;CERTO
. O conceito de desenvolvimento sustentável foi influenciado por debates sobre a relação entre crescimento econômico e meio ambiente, incluindo as discussões que resultaram no relatório “Limites do Crescimento”.;CERTO
. Os Estados possuem direito soberano de explorar seus recursos conforme suas políticas ambientais e desenvolvimentistas, mas também têm responsabilidade de assegurar que atividades sob sua jurisdição não causem danos ambientais a outros Estados.;CERTO
. Embora sistemas agropastoris e reflorestamento contribuam para as metas de Kyoto, o desenvolvimento de políticas para incentivar combustíveis renováveis foi considerado mais importante, constituindo o objeto da criação do Mecanismo de Desenvolvimento Limpo.;ERRADO
. A política externa brasileira, historicamente associada ao desenvolvimento econômico e à inclusão social, passou nas últimas décadas a incorporar também a questão ambiental, como demonstram a Rio-92 e a Rio+20.;CERTO
. No início da década de 1970, o Brasil ampliou unilateralmente seu mar territorial para 200 milhas marítimas, medida que foi considerada ilegítima por todos os países latino-americanos.;ERRADO
. Os primeiros indícios de petróleo na camada do pré-sal foram encontrados na Bacia de Santos, onde o Brasil passou a projetar a exploração de grandes reservas abaixo do leito marinho.;CERTO
. Os trabalhos do LEPLAC, voltados à extensão do limite exterior da plataforma continental brasileira, aumentam as oportunidades de descoberta de recursos naturais independentemente da definição futura desses limites.;ERRADO
. O Brasil possui mar territorial de 12 milhas marítimas e ZEE de 200 milhas marítimas, na qual exerce direitos de soberania para explorar e gerir recursos naturais.;CERTO
. A Convenção-Quadro das Nações Unidas sobre Mudança do Clima é denominada “Convenção-Quadro” porque serve de base para a assinatura de outras convenções internacionais sobre mudança climática.;ERRADO
. A Convenção sobre Diversidade Biológica funciona como arcabouço legal e político para acordos ambientais específicos, como o Protocolo de Cartagena sobre Biossegurança e a Convenção sobre Armamentos Químicos.;ERRADO
. O Brasil é signatário da Convenção das Nações Unidas de Combate à Desertificação e é considerado uma das grandes lideranças globais na implementação dessa Convenção.;CERTO
. A Conferência de Estocolmo de 1972 demonstrou grande convergência entre países desenvolvidos e em desenvolvimento quanto à necessidade de reduzir o ritmo das atividades industriais.;ERRADO
. A XVIII Conferência das Partes prorrogou o Protocolo de Kyoto até 2030, sem apoio de Japão, Rússia, Canadá, Nova Zelândia e Estados Unidos.;CERTO
. A XX Conferência das Partes exigiu que todos os Estados-membros apresentassem, até março de 2015, metas de cortes de emissões e planos para conter o aquecimento após 2030.;ERRADO
. Dados da NASA e da NOAA indicaram que, na primeira década do século XXI, houve relativa estabilidade da temperatura média mundial, enquanto as emissões de gases de efeito estufa continuaram aumentando.;CERTO
. A COP 3, realizada em 1997, adotou o Protocolo de Kyoto, que estabeleceu para os países desenvolvidos do Anexo I a redução média de 5,2% das emissões de gases de efeito estufa até 2012, em relação aos níveis de 1990.;CERTO
Uma das principais inovações do Acordo de Paris é não estabelecer metas uniformes para todos os signatários, tendo cada país indicado metas voluntárias que pretende cumprir, as chamadas Pretendidas Contribuições Nacionalmente Determinadas.;CERTO
A contribuição brasileira às metas do Acordo de Paris contempla o aumento da participação de energias renováveis em sua matriz energética, mas não inclui compromissos no âmbito florestal, seja de redução do desmatamento, seja de reflorestamento.;ERRADO
Como decorrência do conceito de “responsabilidades comuns, porém diferenciadas”, um dos aspectos-chave do Acordo de Paris é o financiamento às ações de mitigação e adaptação em países em desenvolvimento, com previsão de um fundo comum no valor mínimo de US$ 100 bilhões por ano a partir de 2020.;ERRADO
Embora tenha sido assinado por quase duas centenas de países, o Acordo de Paris ainda não entrou em vigor, já que muitos desses países ainda não o ratificaram.;ERRADO
O aquecimento global vem ganhando importância na agenda internacional devido ao aumento gradativo da temperatura média da superfície terrestre e à intensificação do efeito estufa, fenômeno relacionado à concentração de gases como dióxido de carbono, ozônio, metano e óxido nitroso na atmosfera.;CERTO
A China e a União Europeia adotaram políticas de geração de energia e desenvolvimento de tecnologias limpas como estratégias para o cumprimento do Acordo de Paris, e a competição na geração de energia limpa poderá contribuir para o reordenamento do território, da produção e da competitividade entre países.;CERTO
No Brasil, o setor sucroalcooleiro, além da produção de açúcar e álcool, tem intensificado a geração de energia a partir da queima da biomassa da cana, representando alternativa ao tradicional modelo de energia hidrelétrica.;CERTO
A decisão dos EUA de abandonar o Acordo de Paris aumentou as incertezas sobre o cumprimento das metas. Nesse contexto, o Brasil reiterou disposição de trabalhar com os signatários para rever os compromissos assumidos, de modo a mitigar os impactos da retirada norte-americana.;ERRADO
A UNCTAD representa importante espaço de apoio aos países em desenvolvimento no seguimento e implementação dos Objetivos de Desenvolvimento Sustentável da Agenda 2030, especialmente daqueles voltados à dimensão econômica.;CERTO
Quando surgir controvérsia entre Estados Partes da CNUDM sobre sua interpretação ou aplicação, as partes devem proceder, sem demora, a uma troca de opiniões para solucioná-la por negociação ou outros meios pacíficos.;CERTO
Ao assinar ou ratificar a CNUDM, ou aderir a ela, um Estado pode escolher livremente, entre os meios de solução de controvérsias, a CIJ, o TIDM, tribunal arbitral do Anexo VII e o Órgão de Apelação da OMC.;ERRADO
O Tribunal Internacional do Direito do Mar possui jurisdição sobre controvérsias relativas à interpretação ou aplicação da CNUDM e também sobre controvérsias relativas a acordos internacionais relacionados aos objetivos da Convenção, quando submetidas conforme esses acordos.;CERTO
Conforme a jurisprudência do TIDM, considerações de humanidade devem ser aplicadas no Direito do Mar, assim como em outras áreas do Direito Internacional.;CERTO
A politização da questão ambiental, por meio da fundação e do fortalecimento de partidos verdes na Europa, é contemporânea da primeira crise do petróleo, decorrente da elevação de aproximadamente 400% dos preços dessa commodity.;CERTO
O Tratado da Antártica decorreu da Conferência de Washington de 1959 e retomou princípios da Declaração de Escudero, como a liberdade científica e o uso da região apenas para fins pacíficos.;CERTO
O Brasil é um dos 12 membros signatários originais que ratificaram o Tratado da Antártica em 1961, embora tenha estabelecido a Estação Antártica Comandante Ferraz somente nos anos 1980.;ERRADO
Embora o Tratado da Antártica se aplique ao sul de 60° S e tenha previsto a desmilitarização da região, ele não impediu que países com pretensões territoriais, como Reino Unido e Austrália, exercessem soberania sobre seus respectivos territórios antárticos.;ERRADO
O Protocolo de Madrid, de 1991, proibiu a exploração de recursos minerais na Antártica até 2048, quando o Tratado da Antártica poderá ser revisto pelas Partes Consultivas, sendo necessárias as aprovações dos 12 membros signatários originais para modificações.;ERRADO
A CNUDM, assinada em 10 de dezembro de 1982, foi complementada pelo Acordo Relativo à Implementação da Parte XI, de 1994, e pelo Acordo sobre Peixes Transzonais e Altamente Migratórios, de 1995.;CERTO
Segundo a CNUDM, todo Estado tem o dever de fixar a largura de seu mar territorial em 12 milhas marítimas.;ERRADO
A área e seus recursos, incluindo os recursos genéticos decorrentes da biodiversidade marinha além dos limites de jurisdição nacional, são considerados patrimônio comum da humanidade conforme o art. 136 da CNUDM.;ERRADO
O Brasil participou de todo o processo negociador da CDB e defendeu a soberania estatal sobre os recursos naturais, em contraste com países industrializados favoráveis ao acesso livre a esses recursos.;CERTO
A diplomacia brasileira atuou nas negociações relativas ao terceiro objetivo da CDB, buscando estabelecer um regime internacional para a repartição justa e equitativa dos benefícios derivados da utilização dos recursos genéticos.;CERTO
O Brasil não assinou o Tratado Internacional sobre Recursos Fitogenéticos para a Alimentação e a Agricultura porque se opôs ao acesso livre e sem custos aos recursos fitogenéticos relacionados à agricultura.;ERRADO
Nas negociações do Protocolo de Nagoia, o Brasil coordenou o Grupo dos Megadiversos e tornou-se um dos principais articuladores da defesa de posições comuns entre países em desenvolvimento.;CERTO
As primeiras convenções ambientais surgiram no início do século XIX, buscando regular a ação predatória em áreas coloniais das metrópoles europeias.;ERRADO
A partir da criação da ONU, a temática ambiental ganhou visibilidade, distinguindo-se um período até a Conferência de Estocolmo de 1972 e outro período posterior.;CERTO
Em Estocolmo, foram discutidas questões relacionadas à poluição atmosférica e decidiu-se pela criação do PNUMA, que passou a comandar as discussões ambientais em escala mundial.;CERTO
Outro momento de destaque na evolução da agenda ambiental internacional foi a Conferência das Nações Unidas sobre Meio Ambiente e Desenvolvimento, realizada no Rio de Janeiro em 1992.;CERTO
O Instituto do Açúcar e do Álcool, criado em 1933, exerceu forte intervenção estatal no setor, regulando produção, comercialização, preços, cotas, exportação e importação.;CERTO
O Proálcool foi criado em 1975 e incentivou a produção de etanol anidro e hidratado, além da cogeração de energia por meio do bagaço e da palha da cana. Sua criação foi consequência dos dois choques do petróleo de 1973 e 1979.;ERRADO
Em 2006, o governo brasileiro lançou o Plano de Desenvolvimento de Biocombustíveis, promovendo a expansão de usinas canavieiras para produção de etanol consorciada ao processamento de biodiesel.;ERRADO
A legislação brasileira que estabeleceu o RenovaBio foi criada após a COP21. Entre seus objetivos está a criação de metas nacionais anuais de descarbonização para o setor de combustíveis.;CERTO
Segundo o TIDM, com base no art. 110 da CNUDM, o Estado costeiro pode exercer poder de polícia em sua ZEE por meio de navio de guerra, não podendo conferir esse poder a outras autoridades estatais.;ERRADO
Um navio de guerra de qualquer Estado pode abordar e inspecionar navio estrangeiro em alto-mar, quando este não for navio de guerra ou estiver em serviço oficial não comercial, caso se dedique à pirataria ou ao tráfico de escravos.;CERTO
Segundo o projeto revisado do acordo BBNJ de 2019, o aproveitamento dos recursos genéticos marinhos da Antártica deve ocorrer em benefício da humanidade como um todo, levando em consideração os interesses e necessidades dos Estados em desenvolvimento.;CERTO
O descumprimento de disposição contratual pela parte patrocinada perante a Autoridade Internacional dos Fundos Marinhos implica automaticamente a responsabilidade internacional do Estado patrocinador quando houver dano e nexo causal.;ERRADO
A Comissão de Limites da Plataforma Continental, composta por 21 peritos, examina dados apresentados pelos Estados costeiros sobre os limites exteriores da plataforma continental além de 200 milhas e formula recomendações conforme o art. 76 da CNUDM.;CERTO
A Autoridade Internacional dos Fundos Marinhos possui como órgãos principais uma Assembleia, um Conselho e um Secretariado e exerce jurisdição sobre a Área, além dos limites da jurisdição nacional.;CERTO
O Brasil, país megadiverso, atuou decisivamente na negociação da CDB. A Convenção foi complementada pelos Protocolos de Cartagena, Nagoia e Nagoia-Kuala Lumpur, e o Brasil demorou mais de uma década para ratificar o Protocolo de Nagoia.;CERTO
No início do regime climático internacional, o Brasil defendeu o conceito de responsabilidade histórica, segundo o qual países industrializados mais cedo deveriam arcar com custos de mitigação. A posterior adoção das responsabilidades comuns, porém diferenciadas, pode ser considerada uma derrota brasileira.;ERRADO
Durante as negociações do acordo BBNJ, o Brasil não pôde integrar o grupo CLAM por causa de compromissos previamente assumidos no G77/China.;ERRADO
O Brasil é membro consultivo da Reunião das Partes Consultivas do Tratado da Antártica e possui direito a voto nas decisões relativas às regras aplicáveis ao continente.;CERTO
As obrigações dos Estados acerca da mudança do clima e da emergência climática estão estabelecidas em diversas normas do Direito Internacional, de modo que o tema não é objeto de parecer consultivo solicitado à CIJ ou à Corte Interamericana de Direitos Humanos.;ERRADO
A complexidade do processo negociador dos acordos internacionais relativos ao meio ambiente favoreceu o desenvolvimento de sistemática normativa distinta, em que a implementação das disposições gerais que constam das convenções-quadro ocorre por meio de mecanismos próprios e de definições específicas.;CERTO
Na Cúpula da Amazônia de 2023, com a presença do presidente francês Emmanuel Macron, aprovou-se a entrada da França na OTCA, dada a condição amazônica da Guiana Francesa.;ERRADO
Em 9 de agosto de 2023, os presidentes dos Estados-partes no TCA encontraram-se com representantes de países em desenvolvimento com florestas tropicais, como Indonésia, República Democrática do Congo e República do Congo, sendo adotado o documento “Unidos por Nossas Florestas”.;CERTO
A Cúpula da Amazônia de 2023 contou com a participação de todos os países signatários do TCA e foi a primeira reunião de presidentes dos Estados-partes no TCA desde 2009.;CERTO
Na declaração presidencial da Cúpula da Amazônia de 2023, os mandatários dos Estados-partes no TCA concordaram em promover mecanismos inovadores de financiamento para ações climáticas, incluindo a troca de dívidas por ações climáticas.;CERTO
Em 2023, o Brasil assinou o acordo BBNJ, também conhecido como Tratado do Alto-Mar, que cria mecanismo de repartição de benefícios advindos da exploração científica e econômica de recursos genéticos marinhos em alto-mar.;CERTO
A Convenção-Quadro das Nações Unidas sobre Mudança do Clima, aberta para assinatura na Rio-92, inaugurou o regime multilateral para responder ao desafio do aquecimento global.;CERTO
A OTCA integra como membros todos os países do bioma amazônico e a Declaração de Belém de 2023 reconheceu que a Amazônia já havia atingido o ponto de não retorno.;ERRADO
A iniciativa Missão 1.5, lançada na COP28, buscou estimular maior ambição na segunda rodada de apresentação das NDCs e levou em consideração o relatório de 2023 do IPCC.;CERTO
Em 2020, devido à pandemia de covid-19, aos conflitos armados e aos impactos da crise climática, o progresso na redução da pobreza global desacelerou e a fome aumentou, à exceção de poucas nações, como o Brasil, que se mantiveram fora do Mapa da Fome da FAO.;CERTO
O Acordo BBNJ tem como um de seus princípios norteadores o princípio do patrimônio comum da humanidade, já previsto na CNUDM.;CERTO
O crescente recurso a instâncias judiciais internacionais estendeu-se às questões climáticas, com pedidos de opinião consultiva dirigidos à CIJ, ao Tribunal Internacional do Direito do Mar e à Comissão Interamericana de Direitos Humanos.;CERTO
Os direitos de soberania do Estado costeiro sobre sua plataforma continental não afetam o regime jurídico das águas sobrejacentes.;CERTO
É pacífico o entendimento de que Estados que percam integralmente seu território em razão da elevação do nível do mar sejam considerados extintos pela perda de um dos elementos constitutivos essenciais do Estado.;ERRADO
Na COP30, realizada em Belém em 2025, deveria ser lançado o Fundo de Florestas Tropicais para Sempre (TFFF), destinado a remunerar países que preservem biomas tropicais, captando recursos no mercado a juros reduzidos e reinvestindo-os em projetos que gerem lucro.;CERTO
Preservação ambiental refere-se à proteção de um ecossistema contra danos causados pela presença humana, enquanto conservação relaciona-se à proteção da natureza de forma sustentável, permitindo atividades humanas.;CERTO
Embora desenvolva intensamente fontes de energia renovável, a China continua sendo o maior emissor global de gases de efeito estufa, seguida pelos Estados Unidos.;CERTO
A saída dos EUA do Acordo de Paris em 2025 foi inédita e, juntamente com o descumprimento de compromissos por outros países desenvolvidos, ameaça o cumprimento das metas do acordo.;ERRADO
A Convenção das Nações Unidas sobre o Direito do Mar permitiu a regulação jurídica dos espaços marinhos contíguos ao mar territorial e à Antártica.;ERRADO
A UNFCCC prevê a obrigação de elaboração e atualização periódica de inventários nacionais de emissões de gases de efeito estufa.;CERTO
A Conferência das Partes (COP) é o órgão supremo criado pela UNFCCC.;CERTO
O princípio das responsabilidades comuns, porém diferenciadas, consta somente do preâmbulo da UNFCCC e não gera obrigação entre as partes.;ERRADO
Pelo princípio clássico da precaução, as partes devem adotar medidas protetivas somente diante de provas científicas peremptórias de danos sérios e irreversíveis ao meio ambiente.;ERRADO
Muitos analistas questionam a eficiência de sanções político-econômicas impostas a países produtores de petróleo, por poderem perturbar cadeias de suprimento e causar sofrimento às populações sem necessariamente modificar a postura dos governos atingidos.;CERTO
Apesar dos riscos ecológicos da produção e do comércio de petróleo, todos os desastres ocorridos na cadeia de suprimento foram adequadamente contingenciados por esforços internacionais, evitando danos substanciais aos ecossistemas.;ERRADO
O mar territorial estende-se da linha de base até uma distância que não exceda 12 milhas marítimas, sobre a qual o Estado exerce soberania, limitada pela regra da passagem inocente.;CERTO
A zona contígua é uma faixa adjacente ao mar territorial e, em princípio, possui igual largura, não podendo exceder 24 milhas marítimas contadas da linha de base.;CERTO
Águas interiores são extensas áreas de água salgada cercadas de terra, com ou sem comunicação navegável com o mar.;ERRADO
As instalações portuárias permanentes são consideradas parte da costa e suas águas estão sob jurisdição do Estado costeiro, não devendo este interferir em incidentes de bordo de navio mercante que não afetem a ordem pública.;CERTO
O limite exterior da plataforma continental coincide com o da zona econômica exclusiva, podendo, em determinados casos, atingir 350 milhas marítimas.;ERRADO
Há consenso entre países ricos e pobres quanto ao patenteamento da biodiversidade, concordando ambos que os royalties devem ser pagos apenas à empresa e ao pesquisador que desenvolverem o uso do princípio ativo de um organismo vivo.;ERRADO
O Brasil possui biodiversidade relativamente pequena e, por isso, está praticamente a salvo da biopirataria.;ERRADO
A Conferência de Estocolmo, de 1972, apresentou a base da discussão ambiental sobre a qual se desenvolveram os debates acerca de desenvolvimento e meio ambiente na Rio-92.;CERTO
O Protocolo de Quioto, adotado em 1997 no âmbito da UNFCCC, tinha como objetivo principal estabelecer metas específicas de redução das emissões exclusivamente de CO₂.;ERRADO
Reflorestamento e geração de agroenergia são exemplos de atividades que países desenvolvidos podem patrocinar no âmbito do Mecanismo de Desenvolvimento Limpo.;CERTO
A implementação do MDL possibilitou que países ricos continuassem poluindo, bastando financiar projetos elegíveis no âmbito desse mecanismo.;ERRADO
O MDL permitiu que países em desenvolvimento recebessem pagamento apenas para manter suas reservas florestais intactas, absorvendo o CO₂ emitido pelos países desenvolvidos.;ERRADO
Na implementação do MDL, é obrigatório haver envolvimento entre um país desenvolvido e outro país em desenvolvimento.;CERTO
O Mecanismo de Desenvolvimento Limpo corresponde a uma nova forma de comércio internacional.;ERRADO
Os países em desenvolvimento posicionaram-se contra o financiamento de projetos de reflorestamento no Brasil por causa da existência de incentivos perversos e vazamentos.;ERRADO
O Protocolo de Quioto permite que um país em desenvolvimento passe a integrar o Anexo B, bastando que determine voluntariamente limites para o crescimento de suas emissões.;ERRADO
Uma das inovações mais representativas do Protocolo de Quioto foi a fixação de metas de emissões e a criação de mecanismos de mercado, incluindo o comércio de créditos de emissão.;CERTO
Entre os acordos ambientais não ratificados pelos EUA encontra-se o Protocolo de Quioto.;CERTO
Os problemas ambientais podem constituir causas de conflitos e motivar ações cooperativas internacionais, sendo a contenção do petróleo derramado durante a Guerra do Golfo um exemplo de ação mitigadora cooperativa.;ERRADO
A questão energética está exclusivamente relacionada à escassez de suprimentos, à produção e aos custos da energia.;ERRADO
O Brasil possui baixa capacidade de suprimento energético interno e depende da Bolívia para o abastecimento de todo o gás que consome.;ERRADO
Existem resistências à utilização de novas fontes de energia na indústria automobilística mundial, que ainda prioriza veículos movidos por derivados de petróleo.;CERTO
A viabilidade econômica e a sustentabilidade na oferta e distribuição do etanol em termos globais ainda é ponto de discussão de políticas voltadas para o abastecimento de energia.;CERTO
As posições do Brasil com relação às mudanças observadas no clima do planeta e às propostas de soluções para uma Terra mais limpa são consideradas conservadoras pelos organismos internacionais.;ERRADO
Pressões de grupos e interesses internacionais exercem influência sobre discussões acerca da Amazônia e de seu desmatamento.;CERTO
As convenções internacionais produzidas por conferências da ONU a respeito de novos regimes para o melhoramento do clima estão sendo facilmente ratificadas pelos Estados nacionais.;ERRADO
O Brasil tem cumprido as metas com relação à temática não apenas do clima, mas também da pobreza e de combate à fome, sendo um exemplo quanto a esse último aspecto.;CERTO
A Convenção sobre Diversidade Biológica consagrou o princípio da universalização dos recursos genéticos, reconhecendo-os como patrimônio da humanidade e proibindo os países-partes de restringirem o acesso dos demais países a esses recursos.;ERRADO
A Convenção sobre Diversidade Biológica, também conhecida como Protocolo de Kyoto, proporciona mecanismos para proteger a biodiversidade diante das consequências da mudança climática global.;ERRADO
A zona contígua brasileira compreende uma faixa de 12 a 24 milhas marítimas, contadas a partir das linhas de base que servem para medir a largura do mar territorial.;CERTO
A Em sua zona econômica exclusiva, o Brasil tem o direito exclusivo de regular a investigação científica marinha.;CERTO
B É reconhecido aos navios de todas as nacionalidades o direito de passagem inocente no mar territorial brasileiro.;CERTO
C O mar territorial brasileiro compreende uma faixa de duzentas milhas marítimas de largura, medidas a partir da linha de base.;ERRADO
A Constituição Federal de 1988 afirma que a não informação de eventos significativamente danosos ao meio ambiente por parte dos Estados constitui crime internacional a ser julgado pelo Tribunal Penal Internacional.;ERRADO
A Declaração do Rio de Janeiro de 1992 dispôs que, no nível nacional, é direito de todo indivíduo ter acesso adequado às informações relativas ao meio ambiente de que disponham as autoridades públicas, inclusive informações sobre materiais e atividades perigosas em sua comunidade.;CERTO
Na zona econômica exclusiva, os Estados estrangeiros não podem usufruir da liberdade de navegação nem instalar cabos e oleodutos submarinos.;ERRADO
Segundo a Convenção de Montego Bay, Estados sem litoral podem usufruir do direito de acesso ao mar pelo território dos Estados vizinhos que tenham litoral.;CERTO
As descobertas de petróleo no pré-sal aproximaram o Brasil das posições europeias e norte-americanas sobre metas de redução de emissões de CO₂ e outros gases de efeito estufa.;ERRADO
Desde o Protocolo de Quioto, o Brasil defende o princípio de responsabilidade comum entre países desenvolvidos e em desenvolvimento e, por isso, metas universais de redução de emissões.;ERRADO
Com base no princípio das responsabilidades comuns, porém diferenciadas, o Brasil defende medidas de redução do desmatamento e compromissos dos países desenvolvidos condizentes com seus respectivos níveis de emissão.;CERTO
A drástica redução das geleiras é uma evidência das mudanças climáticas geradas pelo aquecimento global provocado pelas emissões de gases que intensificam o efeito estufa, como o CO₂.;CERTO
Bill Clinton assinou o Protocolo de Kyoto e o enviou ao Senado, que o ratificou; George W. Bush posteriormente ratificou o acordo.";ERRADO
Desenvolvimento sustentável é conceitualmente equivalente a crescimento econômico e depende do reconhecimento de que os recursos naturais são ilimitados.;ERRADO
O Protocolo de Kyoto foi ratificado por 163 países e apenas 30 países industrializados ficaram sujeitos às metas de redução de CO₂; o Brasil não teve metas específicas por ser país em desenvolvimento.";ERRADO
A China, os EUA, a Índia, a Rússia e o Japão são os maiores emissores de CO₂ e podem ser considerados os principais responsáveis pelo aquecimento global.;ERRADO
C Índia e Paquistão enfrentaram-se três vezes desde 1947, tendo a disputa pela Caxemira como principal causa dessas guerras.;CERTO
A COP15 foi o primeiro grande fórum mundial a aprovar um documento que estabelece metas para a redução das emissões de gases de efeito estufa.;ERRADO
O G77 é um grupo bastante homogêneo, sem grandes divergências internas, e defende a redução gradativa das emissões de CO₂ dos países ricos.;ERRADO
O Brasil manifestou-se favorável a um acordo em Copenhague e anunciou metas voluntárias de redução de emissões projetadas para 2020.;CERTO
A ONU extinguiu o IPCC e deixou de organizar a COP15, demonstrando perda de importância relativa no cenário mundial pós-Guerra Fria.;ERRADO
A UNCTAD, realizada em 1964, foi o primeiro evento internacional a defender inequivocamente a indissociabilidade entre desenvolvimento e preservação ambiental.;ERRADO
B Em Estocolmo, em 1972, o Brasil defendeu simultaneamente a proteção da biodiversidade e o direito dos países em desenvolvimento à manutenção de mecanismos de proteção às suas indústrias nascentes.;ERRADO
C Na Rio-92, consagrou-se a tese do direito ao desenvolvimento sustentável, tendo o governo brasileiro como um de seus patrocinadores.;CERTO
D Na COP15, o Brasil defendeu uma moratória das emissões de gases de efeito estufa para países em desenvolvimento.;ERRADO
E O governo brasileiro esteve entre os opositores dos objetivos estabelecidos pelo Protocolo de Quioto.;ERRADO
A Constituição Federal de 1988 não trata expressamente da educação ambiental.;ERRADO
O processo de institucionalização da educação ambiental no governo federal brasileiro teve início em 1973, com a criação da Secretaria Especial do Meio Ambiente (SEMA), vinculada ao Ministério do Interior.;CERTO
A UNFCCC foi criada para desenvolver instrumentos e mecanismos que possibilitem estabilizar as concentrações de gases de efeito estufa na atmosfera em nível que não interfira perigosamente no sistema climático.;CERTO
A UNFCCC estabelece a necessidade de preservar reservatórios responsáveis pela remoção de gases de efeito estufa, aerossóis ou seus precursores.;CERTO
A UNFCCC estabelece como princípio básico a responsabilidade prevalente dos países desenvolvidos pelo ônus da luta contra a mudança climática, devido à sua responsabilidade histórica pelas emissões antrópicas.;CERTO
O Protocolo de Kyoto estabelece metas e prazos para redução ou limitação das emissões futuras de CO₂ e outros gases de efeito estufa.;CERTO
O mecanismo de execução conjunta só pode ser utilizado por países industrializados listados no Protocolo de Kyoto e permite contabilizar reduções líquidas de emissões mediante projetos em outros países.;CERTO
O Mecanismo de Desenvolvimento Limpo corresponde a um fundo financeiro de grandes emissores para compensar o descumprimento das metas de redução, segundo o princípio do poluidor-pagador.;ERRADO
O Brasil, juntamente com EUA, Argentina, Japão e México, recusou-se a assinar a Convenção de Ramsar por considerar que ela restringiria a soberania nacional.;ERRADO
A Convenção de Roterdã regula o comércio internacional de produtos químicos perigosos e fundamenta-se no princípio da prevenção.;CERTO
No que diz respeito à sustentabilidade nas cidades brasileiras, a redução das emissões de gases poluentes associadas à atividade industrial e ao crescimento da frota automotiva constitui um desafio prioritário?;CERTO
O desenvolvimento de um mercado global de biocombustíveis tem recebido atenção especial do Brasil por conciliar potencialidades econômicas agroindustriais e da agricultura familiar com a diversificação da matriz energética e a redução das emissões de gases de efeito estufa?;CERTO
Segundo a CNUDM, a soberania do Estado costeiro sobre o mar territorial estende-se ao espaço aéreo sobrejacente, ao leito e ao subsolo desse mar?;CERTO
Baixios a descoberto parcialmente situados a distância do continente que não exceda a largura do mar territorial podem ser utilizados como parâmetro para medir a largura do mar territorial?;CERTO
A Rio+20 contou com participação maciça dos chefes de Estado e de governo da quase totalidade dos países-membros da ONU?;ERRADO
O uso eficiente e sustentável de energia foi adotado como compromisso voluntário por diversos países, incluindo o Brasil, na Rio+20?;CERTO
A Declaração Final da Rio+20 conclamou os países a cumprirem integralmente as três importantes convenções adotadas na Rio-92: mudança climática, biodiversidade e combate à desertificação?;CERTO
A economia verde, consagrada na Rio+20, preceitua a redução da participação da indústria na economia global em favor de atividades sustentáveis, especialmente do setor de serviços?;ERRADO
Sobre Montreal e Quioto: III — ambos são tratados internacionais voltados à proteção ambiental e ao desenvolvimento sustentável; IV — os acordos não criaram uma organização internacional própria para estabelecer metas e políticas comuns?";CERTO
Os gases causadores do efeito estufa mencionados no texto são gases atmosféricos que contribuem para alterações climáticas, como o aquecimento global?;CERTO
A COP19, realizada em 2013, constituiu o marco inaugural dos trabalhos multilaterais sobre o problema climático mundial?;ERRADO
Entre os grandes países emergentes que se tornaram potências econômicas, a China é o que menos emite gases de efeito estufa?;ERRADO
Conferências globais sobre mudanças climáticas ocorrem periodicamente, geralmente sob a chancela da ONU, com participação de governos, instituições científicas e organizações não governamentais?;CERTO
O desmatamento no Brasil foi estancado nos dez anos anteriores a 2013 devido ao declínio do agronegócio e à maior conscientização ambiental da sociedade?;ERRADO
Segundo a Declaração do Rio, as autoridades nacionais devem promover a internalização dos custos ambientais e o uso de instrumentos econômicos, cabendo, em princípio, ao poluidor arcar com os custos da poluição?;CERTO
A Rio+20 tratou especialmente da economia verde no contexto do desenvolvimento sustentável e da erradicação da pobreza, além da estrutura institucional para o desenvolvimento sustentável?;CERTO
A pegada de carbono mede, em toneladas, a transformação em dióxido de carbono do consumo individual periódico de uma pessoa?;ERRADO
A ecoeficiência consiste em produzir mais utilizando mais recursos naturais e gerando menos poluição?;ERRADO
Cornélio Van Bynkershoek propôs a célebre teoria do tiro de canhão como critério para definir a extensão do poder estatal sobre o mar adjacente?;CERTO
A Rio+20 resultou em um tratado obrigatório para os Estados participantes, com dispositivos institucionais e substanciais sobre desenvolvimento sustentável?;ERRADO
O conceito de desenvolvimento sustentável foi definido pela Declaração de Estocolmo de 1972?;ERRADO
O princípio da precaução, difundido internacionalmente pela Declaração do Rio-92, está presente em diversos dispositivos normativos brasileiros?;CERTO
As negociações da Rio-92 resultaram em normas mandatórias, como a Convenção-Quadro sobre Mudança do Clima e a Convenção sobre Diversidade Biológica?;CERTO
A Conferência de Joanesburgo de 2002 resultou na assinatura da Convenção de Viena sobre a camada de ozônio e da Convenção de Basileia sobre resíduos perigosos?;ERRADO
O Brasil implementou o Protocolo de Cartagena por meio de legislação que estabelece normas de segurança e fiscalização de atividades envolvendo organismos geneticamente modificados?;CERTO
As disposições da Convenção das Nações Unidas sobre o Direito do Mar ainda não podem ser aplicadas no Brasil porque o país não a ratificou?;ERRADO
O domínio fluvial compreende os cursos de água situados no território de um Estado e aqueles que o separam de outros Estados, enquanto o domínio lacustre refere-se aos lagos totalmente cercados por terra?;CERTO
Uma aeronave em voo no espaço aéreo brasileiro ou em pouso no território nacional pode ser detida caso desrespeite as normas de direito aeronáutico?;CERTO
Na faixa de fronteira, o estabelecimento ou a exploração de indústrias, inclusive as de interesse para a segurança nacional, são vedados sem consentimento do Conselho de Segurança Nacional?;ERRADO
O mar territorial brasileiro possui 12 milhas marítimas de largura, medidas a partir da linha de baixa-mar do litoral continental e insular, excluindo-se o espaço aéreo, o leito e o subsolo?;ERRADO
As faixas de fronteira brasileiras possuem largura máxima de 100 quilômetros?;ERRADO
O domínio terrestre compreende o solo e o subsolo em qualquer profundidade situados dentro das fronteiras do Estado?;CERTO
A dependência mundial do petróleo contribui para fazer do Oriente Médio uma das regiões mais estratégicas e conflituosas do mundo contemporâneo?;CERTO
A exploração do pré-sal tornou o Brasil autossuficiente em petróleo bruto, situação favorecida pela diminuição da frota de veículos e pela retração da indústria automobilística?;ERRADO
Os EUA buscam recuperar a posição de maior economia mundial por meio do investimento em gás não convencional, sendo China e União Europeia, alternadamente, as maiores economias mundiais?;ERRADO
O Protocolo de Kyoto foi ratificado pela totalidade dos Estados-membros da ONU, sendo essa unanimidade a base de sua legitimidade?;ERRADO
A China constitui um modelo de desenvolvimento altamente sofisticado no qual tecnologias avançadas minimizam os efeitos ambientais de sua produção?;ERRADO
A poluição atmosférica constitui um dos mais graves problemas contemporâneos e, caso não seja combatida, pode colocar em risco a própria sobrevivência no planeta?;CERTO
A emissão de gases poluentes resultantes da queima de combustíveis fósseis contribui decisivamente para as alterações climáticas contemporâneas?;CERTO
O combate à fome e à pobreza está separado da agenda de desenvolvimento concebida no âmbito das Nações Unidas desde a Cúpula do Desenvolvimento do Milênio?;ERRADO
A agenda do desenvolvimento global esteve centrada, desde 2000, nos Objetivos de Desenvolvimento do Milênio, que foram sucedidos pelos Objetivos de Desenvolvimento Sustentável?;CERTO
O Brasil defende que países em desenvolvimento adotem padrões sustentáveis de consumo semelhantes aos dos países desenvolvidos, respeitadas suas necessidades, capacidades e direito ao desenvolvimento?;CERTO
A Emenda de Kigali ao Protocolo de Montreal tem como objetivo a eliminação progressiva dos hidrofluorcarbonos (HFC)?;CERTO
O Acordo de Paris estabelece que as partes devem trabalhar para manter o aquecimento global abaixo de 2 °C em relação aos níveis pré-industriais?;CERTO
O Acordo de Paris estabelece que as metas nacionais de redução de emissões são voluntárias, sendo essa uma das principais críticas ao acordo por serem consideradas insuficientes para limitar o aquecimento global a 2 °C?;CERTO
O texto sugere que optar pelo desenvolvimento material e proteger o planeta são fatores excludentes no mundo atual.;ERRADO
O tema do aquecimento global está entre as grandes questões ambientais contemporâneas e é debatido por organizações não governamentais, meios acadêmicos e líderes políticos em encontros internacionais?;CERTO
O avanço da industrialização contribuiu para a degradação de áreas naturais e para alterações climáticas, em razão de um modelo que priorizou o aumento da capacidade produtiva sem maiores preocupações ambientais?;CERTO
O petróleo, responsável pelo maior volume de gases de efeito estufa, foi relegado a plano secundário e perdeu relevância diante de fontes como a eólica e a solar?;ERRADO
O principal objetivo do Acordo de Paris é limitar o aumento da temperatura global a, no máximo, 2 °C em relação aos níveis pré-industriais, buscando esforços para limitar o aumento a 1,5 °C?;CERTO
Os países partes da Convenção-Quadro das Nações Unidas sobre Mudança do Clima, aberta para assinaturas na Rio-92, participam desde 1995 das reuniões anuais denominadas Conferências das Partes (COPs)?;CERTO
A soberania do Estado costeiro sobre o mar territorial abrange as águas, o leito, o subsolo e o espaço aéreo correspondente, devendo ser admitido o direito de passagem inocente de navios mercantes ou de guerra de outros Estados?;CERTO
O regime internacional de mudanças climáticas busca fortalecer a gestão compartilhada de bens públicos ambientais, estabelecer obrigações e responsabilidades dos Estados, reduzir incertezas e favorecer a cooperação internacional, restringindo ações unilaterais dos Estados?;CERTO
O Acordo de Paris prevê financiamento entre países em desenvolvimento por meio da cooperação Sul-Sul e determina que países desenvolvidos priorizem investimentos internos em energia e tecnologias limpas como estratégia obrigatória para cumprir o acordo?;ERRADO
A Agenda 2030 da ONU não faz referência expressa à dimensão cultural, o que demonstra baixa influência dos movimentos sociais ligados à cultura na construção da agenda global?;ERRADO
O fortalecimento de perspectivas cosmopolitas encontra apoio na consolidação de organizações da sociedade civil com atuação internacional e na influência de redes transnacionais no debate político global?;CERTO
A construção da governança internacional reflete esforços de organizações não governamentais para ampliar a coordenação e a atuação independente dos governos nacionais em temas como desenvolvimento, meio ambiente e direitos humanos?;CERTO
A soberania do Brasil estende-se ao mar territorial, ao espaço aéreo sobrejacente, bem como ao leito e ao subsolo do mar territorial?;CERTO
Os Objetivos de Desenvolvimento Sustentável propõem estratégias envolvendo toda a comunidade internacional, tendo os governos como principais responsáveis por sua implementação, com colaboração da sociedade civil, empresas, universidades e organismos nacionais e internacionais?;CERTO
. Os Grupos de Trabalho da Sociedade Civil que lidam diretamente com o ODS 5 defendem que os planos emergenciais de combate à pandemia incluam a questão de gênero, pois homens e mulheres são afetados de maneira diferenciada.;CERTO
I. A pandemia de Covid-19 atingiu de forma muito mais direta as mulheres em suas atividades sociais, econômicas e familiares, em razão do aumento das obrigações domésticas e do cuidado não remunerado.;CERTO
. Os maiores produtores de petróleo e gás natural do mundo são os Estados Unidos, a China, a Rússia e o Kuwait.;ERRADO
. A transição energética envolve mudanças na geração, no consumo e no reaproveitamento da energia e caracteriza-se principalmente pela descarbonização, descentralização e digitalização, os chamados 3 Ds.;CERTO
. Matriz energética e matriz elétrica são conceitos similares utilizados para representar o conjunto de fontes disponíveis em um país, estado, região ou no mundo para suprir a demanda de energia.;ERRADO
. O limite exterior da plataforma continental brasileira está fixado em lei.;ERRADO
. A investigação científica marinha por outros países na plataforma continental brasileira depende do consentimento do Brasil.;CERTO
. O Brasil exerce direitos de soberania na exploração de organismos vivos que se encontrem em sua plataforma continental.;CERTO
. O Brasil tem direito exclusivo de colocar cabos ou dutos em sua plataforma continental, determinando seus traçados.;ERRADO
. Outros países têm direito de colocar cabos ou dutos na plataforma continental brasileira, determinando seus traçados.;ERRADO
. O Fundo Amazônia está bloqueado porque Alemanha e Noruega suspenderam os repasses por discordarem da forma como a proteção ambiental vinha sendo tratada pelo governo brasileiro.;CERTO
. A Declaração do Rio de 1992 atribui aos países em desenvolvimento maior responsabilidade na efetivação internacional do desenvolvimento sustentável.;ERRADO
. O Protocolo de Cartagena sobre Biossegurança regula a produção e o manejo de organismos geneticamente modificados com o objetivo de limitar o desenvolvimento da biotecnologia devido aos seus elevados riscos ao bem-estar humano.;ERRADO
. A Convenção-Quadro da ONU sobre Mudança do Clima de 1992 estabelece responsabilidades iguais para todos os Estados, independentemente de seus níveis de industrialização.;ERRADO
. O Acordo de Paris entrou em vigor internacionalmente em 2016 e foi promulgado no Brasil por decreto presidencial em 2017.;CERTO
. A Agenda 2030 é um tratado internacional adotado em 2015 que estabelece os 17 ODS em três pilares: econômico, social e ambiental.;ERRADO
. Na zona econômica exclusiva, todos os Estados, exceto os Estados sem litoral, gozam das liberdades de navegação, sobrevoo e colocação de cabos e dutos submarinos.;ERRADO
I. Na plataforma continental, os direitos de exploração e aproveitamento de seus recursos são exercidos de forma soberana pelo Estado costeiro, independentemente de ocupação ou declaração expressa.;CERTO
II. O alto-mar é aberto a todos os Estados para o exercício de suas liberdades sem qualquer restrição, pois não está sujeito a qualquer poder soberano estatal.;ERRADO
. A OMC e a Declaração Ministerial de Nairobi estabeleceram marcos relacionados à articulação entre comércio internacional, crescimento sustentável, redução da pobreza e ODS.;CERTO
. Os padrões voluntários de sustentabilidade são certificações que contribuem para promover o comércio sustentável por meio de regras e instrumentos que diferenciam produtos segundo sua adesão a métricas de sustentabilidade.;CERTO
. A aplicação de sanções legais pela OMC é uma medida eficaz para atingir atores financeiros e econômicos que descumprem metas locais e regionais de gestão da água, resíduos e redução do desmatamento.;ERRADO
. A OCDE atua na criação de diretrizes para a governança global, destacando temas relacionados à economia verde e à sustentabilidade.;CERTO
. A ESG é uma abordagem que prioriza compromissos ambientais, sociais e de governança, orientando decisões de investimento e risco para retornos financeiros sustentáveis de longo prazo.;CERTO
. Promover o Estado de Direito nos níveis nacional e internacional e garantir igualdade de acesso à justiça para todos constitui uma meta do ODS 16.;CERTO
. Reduzir significativamente, até 2030, fluxos financeiros e de armas ilegais e combater todas as formas de crime organizado constitui uma meta do ODS 16.;CERTO
. Ampliar e fortalecer a participação dos países em desenvolvimento nas instituições de governança global constitui uma meta do ODS 16.;CERTO
. Assegurar acesso público à informação e proteger as liberdades fundamentais constitui uma meta do ODS 16.;CERTO
. Eliminar todas as formas de violência contra mulheres e meninas nas esferas pública e privada constitui uma meta do ODS 16.;ERRADO
. O instrumento internacional aprovado pelo Decreto Legislativo nº 136/2020 sobre recursos genéticos e repartição justa e equitativa dos benefícios derivados de sua utilização é a Conferência de Estocolmo.;ERRADO
. O instrumento internacional aprovado pelo Decreto Legislativo nº 136/2020 sobre recursos genéticos e repartição justa e equitativa dos benefícios derivados de sua utilização é o Protocolo de Nagoia.;CERTO
. O instrumento internacional aprovado pelo Decreto Legislativo nº 136/2020 sobre recursos genéticos e repartição de benefícios é o Relatório Brundtland.;ERRADO
. O instrumento internacional aprovado pelo Decreto Legislativo nº 136/2020 sobre recursos genéticos e repartição de benefícios é o Acordo de Paris.;ERRADO
. O instrumento internacional aprovado pelo Decreto Legislativo nº 136/2020 sobre recursos genéticos e repartição de benefícios é a Convenção Internacional de Combate à Desertificação.;ERRADO
. A Agenda 2030 determina que a resposta global à mudança do clima seja negociada mediante a adoção subsidiária da Convenção-Quadro da ONU sobre Mudança do Clima.;ERRADO
. A Agenda 2030 prevê alcançar a igualdade entre as pessoas e eliminar práticas nocivas, como casamentos prematuros, forçados e infantis e mutilações genitais.;ERRADO
. A Agenda 2030 estabelece como meta do ODS 6 assegurar acesso universal, confiável, moderno e a preços acessíveis ao serviço de saneamento básico.;ERRADO
. A Agenda 2030 prevê tornar cidades e assentamentos humanos inclusivos, seguros, resilientes e sustentáveis, incluindo a proteção e salvaguarda do patrimônio cultural e natural do mundo.;CERTO
. A Agenda 2030 estabelece, no ODS 8, emprego pleno e produtivo e trabalho decente especificamente para adultos entre 18 e 35 anos, juntamente com a conclusão do ensino primário e secundário por todas as crianças.;ERRADO
. A contribuição nacionalmente determinada sucessiva deve refletir menor ambição das Partes em razão das dificuldades encontradas na implementação das CNDs.;ERRADO
I. As CNDs são compromissos compulsórios que cada país recebe para lidar com as mudanças climáticas, definidos de acordo com suas circunstâncias nacionais, capacidades e metas.;ERRADO
II. Cada Parte do Acordo de Paris deve preparar, comunicar e manter sucessivas CNDs, e cada contribuição sucessiva deve representar uma progressão em relação à contribuição vigente.;CERTO
. As Partes países desenvolvidos deverão assumir a dianteira, adotando metas de redução absoluta de emissões para o conjunto da economia.;ERRADO
I. O princípio das responsabilidades comuns, porém diferenciadas, constitui uma das bases do Acordo de Paris e busca promover equidade e justiça nas ações climáticas globais.;CERTO
II. O Acordo de Paris busca manter o aumento da temperatura média global bem abaixo de 2°C em relação aos níveis pré-industriais e prosseguir esforços para limitá-lo a 1,5°C.;CERTO
. A Agenda 2030 possui apenas dimensão ambiental e de boa governança e restringiu seu escopo em relação aos Objetivos de Desenvolvimento do Milênio.;ERRADO
. A Agenda 2030 estabelece 20 objetivos a serem alcançados até 2050, abrangendo exclusivamente a dimensão ambiental.;ERRADO
. O ODS 15, relativo à Vida Terrestre, prevê como principal medida o combate à mudança do clima e aos seus impactos.;ERRADO
. O ODS 6 busca garantir disponibilidade e manejo sustentável da água e saneamento para todos até 2030, incluindo acesso a saneamento e higiene adequados e equitativos e o fim da defecação a céu aberto.;CERTO
. O ODS 2 prevê dobrar a produtividade agrícola e a renda dos grandes produtores de alimentos, especialmente das monoculturas.;ERRADO
. A diversidade biológica compreende a variabilidade de organismos vivos de todas as origens, incluindo ecossistemas terrestres, marinhos e aquáticos, além da diversidade dentro de espécies, entre espécies e de ecossistemas.;CERTO
. Nos termos da CDB, os Estados signatários não têm o direito de explorar seus recursos naturais segundo suas próprias políticas ambientais, devendo seguir obrigatoriamente uma política ambiental unificada da ONU.;ERRADO
. Os principais eixos da CDB são a conservação da diversidade biológica, a utilização sustentável de seus componentes e a repartição justa e equitativa dos benefícios derivados da utilização dos recursos.;CERTO
. A Convenção-Quadro das Nações Unidas sobre Mudança do Clima tem como objetivo promover ações para reduzir as concentrações atmosféricas de gases de efeito estufa a níveis que não afetem perigosamente o sistema climático global.;CERTO
. Os gases de efeito estufa têm ciclo de vida curto e concentram-se nas regiões mais industrializadas, tornando o reflorestamento e o sequestro de carbono medidas eficazes para sua mitigação.;ERRADO
. O Protocolo de Quioto estabeleceu, para os países industrializados, compromissos de redução de pelo menos 5% das emissões de gases de efeito estufa.;CERTO
. Terremotos, furacões, tsunamis, secas e inundações podem provocar migrações nacionais e internacionais e constituem desafios para a gestão de riscos.;CERTO
. A Agenda 2030 e os ODS reforçam a necessidade de tornar cidades e assentamentos humanos inclusivos, seguros, resilientes e sustentáveis.;CERTO
. As emissões brasileiras de GEE decorrem principalmente de mudanças no uso da terra, desmatamento e agropecuária, enquanto nos países do G20 a maioria das emissões está relacionada ao setor de energia.;CERTO
I. A matriz energética brasileira é mais renovável que a das maiores economias mundiais, e sua matriz elétrica possui predominância de fontes renováveis.;CERTO
II. Embora o Brasil se destaque nas energias renováveis para produção de eletricidade, não dispõe de tecnologias para produção de hidrogênio de baixo carbono, eletrificação e captura e armazenamento de carbono.;ERRADO
. A Amazônia Azul compreende a superfície do mar, as águas sobrejacentes ao leito, o solo e o subsolo marinhos da extensão atlântica projetada a partir do litoral até o limite exterior da Plataforma Continental brasileira.;CERTO
I. A área do pré-sal brasileiro não está localizada na Amazônia Azul.;ERRADO
I. Na Amazônia Azul existem recursos naturais, biodiversidade e potencial de extração de metais como níquel, cobre, cobalto e manganês em grandes profundidades.;CERTO
II. Desde 2004, o Brasil reivindica junto à Comissão de Limites da Plataforma Continental a extensão de seus direitos sobre a faixa marítima, tendo sua reivindicação dividida em três regiões.;CERTO
II. Em 2019, o Brasil teve parte de sua reivindicação atendida, com a incorporação de aproximadamente 170 mil km² à Plataforma Continental brasileira na Região Sul.;CERTO
. A Agenda 2030 é um plano abrangente cujo objetivo prioritário é o crescimento econômico de cada país por meio da concessão de benefícios fiscais às empresas.;ERRADO
I. A Agenda 2030 possui natureza de soft law no ordenamento jurídico brasileiro.;CERTO
II. A execução das metas da Agenda 2030 depende de cada Estado, que pode atuar de acordo com suas prioridades nacionais, estimulando parcerias e projetos de cooperação.;CERTO
. A pauta energética brasileira é quase totalmente alicerçada no uso de combustíveis fósseis.;ERRADO
. A adoção de uma economia verde em escala global é incompatível com o conceito de sustentabilidade econômica.;ERRADO
. O conceito de desenvolvimento sustentável surgiu da necessidade de frear a degradação da natureza sem interromper o processo produtivo essencial à vida das sociedades.;CERTO
. As grandes catástrofes climáticas tendem, segundo a comunidade científica, a se tornar mais intensas e frequentes.;CERTO
. Existe consenso científico de que a sustentabilidade econômica exige a utilização indispensável de combustíveis fósseis, como petróleo e carvão.;ERRADO
. O desenvolvimento sustentável é estruturado pelos princípios da sustentabilidade financeira, ambiental e tecnológica.;ERRADO
. O desenvolvimento sustentável é estruturado pelos princípios da sustentabilidade digital, tecnológica e social.;ERRADO
. O desenvolvimento sustentável é estruturado pelas dimensões social, ambiental e econômica.;CERTO
. O desenvolvimento sustentável é estruturado pelas dimensões ambiental, jurídica e política.;ERRADO
. O desenvolvimento sustentável é estruturado pelas dimensões política, financeira e ambiental.;ERRADO
. A matriz energética brasileira é diferente da mundial, pois o Brasil utiliza uma proporção maior de fontes renováveis.;CERTO
. A matriz energética brasileira é diferente da mundial porque o Brasil utiliza menos fontes renováveis que o restante do mundo.;ERRADO
. A matriz energética brasileira é igual à mundial, pois os percentuais de fontes renováveis são equivalentes.;ERRADO
. A matriz energética brasileira é parecida com a mundial porque utiliza muitas fontes renováveis.;ERRADO
. A matriz energética brasileira é parecida com a mundial porque utiliza poucas fontes renováveis.;ERRADO
. Uma das metas da Agenda 2030 torna obrigatório o oferecimento de todos os recursos de tecnologia assistiva disponíveis para garantir o acesso à justiça às pessoas com deficiência.;ERRADO
. A igualdade de gênero e o empoderamento de todas as mulheres e meninas constituem um dos ODS da Agenda 2030.;CERTO
. A igualdade étnico-racial é expressamente prevista como um dos 17 ODS da Agenda 2030.;ERRADO
. O novo discurso do desenvolvimento humano sustentável representa uma estratégia homogênea, sem considerar diversidades históricas, culturais e econômicas.;ERRADO
. O novo discurso do desenvolvimento humano sustentável está desvinculado de relações de poder e concentra-se apenas na assistência técnica e financeira aos países periféricos.;ERRADO
. O novo discurso do desenvolvimento humano sustentável representa um esforço unificado dos países desenvolvidos para erradicar a pobreza global, evitando influências políticas.;ERRADO
. O novo discurso do desenvolvimento humano sustentável envolve atores do desenvolvimento em um arranjo institucional no qual mercado, Estado e terceiro setor desempenham funções complementares.;CERTO
. O novo discurso do desenvolvimento humano sustentável consiste principalmente na transferência de saber-fazer dos países do Norte para os países do Sul, visando à modernização baseada no fornecimento de matérias-primas locais.;ERRADO
. O Tratado do Espaço Exterior regula a exploração de corpos celestes, exceto a Lua.;ERRADO
. O Tratado do Espaço Exterior tem como principal objetivo regular a propriedade sobre os recursos existentes no espaço.;ERRADO
. O Tratado do Espaço Exterior regula a exploração e o uso do espaço exterior, incluindo a Lua e outros corpos celestes.;CERTO
. O Tratado do Espaço Exterior define especificamente os direitos dos astronautas em missões espaciais privadas.;ERRADO
. O principal objetivo do Tratado do Espaço Exterior é regulamentar especificamente a colocação de armas nucleares no espaço.;ERRADO
. A Convenção sobre Responsabilidade Internacional por Danos Causados por Objetos Espaciais autoriza excepcionalmente testes nucleares por meio de objetos espaciais.;ERRADO
. O Estado detentor de um objeto espacial envolvido em acidente é responsável pelos danos causados a astronautas de outros países.;ERRADO
. O Estado lançador possui obrigações relacionadas aos objetos espaciais por ele lançados que atinjam o território de outros Estados.;CERTO
. Os Estados possuem responsabilidade internacional simplesmente pela falta de diligência no monitoramento de seus objetos espaciais.;ERRADO
. Em lançamentos conjuntos por mais de um Estado, os danos causados por objetos espaciais são de responsabilidade individual do Estado em cujo território ocorreu o lançamento.;ERRADO
. A Convenção sobre o Registro de Objetos Lançados no Espaço Exterior define a responsabilidade por danos causados por objetos espaciais.;ERRADO
. A Convenção sobre o Registro de Objetos Lançados no Espaço Exterior estabelece um sistema internacional de registro dos objetos espaciais.;CERTO
. A Convenção sobre o Registro de Objetos Lançados no Espaço Exterior determina que os objetos espaciais sejam monitorados por um único país.;ERRADO
. A Convenção sobre o Registro de Objetos Lançados no Espaço Exterior estabelece um sistema de registro dos objetos lançados no espaço.;CERTO
. A principal finalidade da Convenção sobre o Registro de Objetos Lançados no Espaço Exterior é criar um registro unificado dos interesses comerciais das empresas de satélites.;ERRADO
. Os Estados podem realizar mineração de metais raros na Lua sem restrições.;ERRADO
. Os recursos da Lua devem ser destinados ao benefício especial dos países em desenvolvimento.;ERRADO
. Os Estados podem explorar a Lua de forma privada sem necessidade de regulamentação internacional.;ERRADO
. Os recursos da Lua destinam-se exclusivamente ao benefício dos países envolvidos em missões espaciais.;ERRADO
. Os Estados devem cooperar entre si e utilizar os recursos da Lua e de outros corpos celestes de modo que isso beneficie toda a humanidade.;CERTO
. O Tratado do Espaço Exterior proíbe a troca de tecnologia militar entre os países.;ERRADO
. O Tratado do Espaço Exterior permite ensaios com armas em órbita, desde que não sejam armas de destruição em massa.;ERRADO
. O Tratado do Espaço Exterior estabelece um sistema específico de defesa para os astronautas.;ERRADO
. O Tratado do Espaço Exterior permite a utilização de pessoal militar para pesquisas científicas ou para qualquer outro fim pacífico.;CERTO
. O Tratado do Espaço Exterior permite a criação de bases militares em outros planetas.;ERRADO
. O Estado em cujo território caia um objeto espacial de outro Estado pode autorizar imediatamente sua destruição.;ERRADO
. O Estado onde cair um objeto espacial pode negociar sua venda ao país que realizar sua recuperação.;ERRADO
. O Estado onde cair um objeto espacial deve permitir que o país de origem recupere o objeto de acordo com as normas do acordo internacional aplicável.;CERTO
. O Estado onde cair o objeto deve entregá-lo ao país de origem sem necessidade de qualquer procedimento legal.;ERRADO
. O Estado onde cair o objeto pode mantê-lo e utilizá-lo para fins militares até que o país de origem o reclame.;ERRADO
. A Convenção sobre o Registro de Objetos Lançados no Espaço Exterior estabelece regras sobre permissões para viagens privadas ao espaço.;ERRADO
. A Convenção torna públicos os detalhes comerciais dos objetos lançados ao espaço.;ERRADO
. A Convenção determina os direitos de propriedade sobre os objetos espaciais.;ERRADO
. O registro dos objetos espaciais facilita sua rastreabilidade e a responsabilização por danos causados no espaço.;CERTO
. O registro dos objetos espaciais tem como finalidade facilitar a prospecção mineral desses objetos.;ERRADO
. Uma das principais funções do COPUOS é desenvolver normas e princípios destinados à exploração pacífica e não conflituosa do espaço.;CERTO
. O COPUOS tem como principal função definir padrões técnicos para a construção de veículos espaciais.;ERRADO
. O COPUOS regulamenta diretamente a exploração comercial do espaço por empresas privadas.;ERRADO
. O COPUOS supervisiona a construção de bases lunares internacionais.;ERRADO
. O COPUOS emite licenças para o lançamento de satélites no espaço exterior.;ERRADO
. A cooperação entre Brasil e ESA inclui o controle de satélites geoestacionários para comunicações militares.;ERRADO
. A cooperação entre Brasil e ESA inclui programas de observação da Terra e pesquisa climática.;CERTO
. Brasil e ESA desenvolvem conjuntamente veículos lançadores tripulados.;ERRADO
. Brasil, ESA e Estados Unidos possuem uma iniciativa conjunta para criar uma base lunar.;ERRADO
. Brasil e Estados europeus mantêm projeto para construção de um centro espacial conjunto na Amazônia.;ERRADO
. O Tratado de Montego Bay incentivou o Brasil a estabelecer uma estrutura institucional para coordenar suas atividades espaciais.;ERRADO
. O Tratado sobre os Princípios que Regem as Atividades dos Estados na Exploração e no Uso do Espaço Exterior, inclusive a Lua e outros corpos celestes, está entre os instrumentos que fundamentaram a estrutura institucional espacial brasileira.;CERTO
. A Convenção sobre Responsabilidade Internacional por Danos Causados por Objetos Espaciais foi o tratado que incentivou o Brasil a estabelecer sua estrutura institucional espacial.;ERRADO
. O Acordo sobre o resgate de astronautas e a devolução de objetos espaciais foi o instrumento que determinou a criação da estrutura institucional espacial brasileira.;ERRADO
. A Convenção sobre o Registro de Objetos Lançados no Espaço Exterior foi o instrumento responsável por incentivar a criação da estrutura institucional espacial brasileira.;ERRADO
. O Brasil defende a inclusão de um ODS específico para a exploração espacial como principal tema de sustentabilidade espacial.;ERRADO
. O Brasil defende a repartição de benefícios oriundos da exploração de recursos espaciais como principal tema de sustentabilidade espacial.;ERRADO
. O Brasil defende prioritariamente a regulamentação das patentes decorrentes da exploração dos recursos espaciais.;ERRADO
. O Brasil defende a criação de estações espaciais exclusivas para países em desenvolvimento.;ERRADO
. O Brasil defende a elaboração de normas específicas sobre detritos espaciais.;CERTO
. O primeiro satélite desenvolvido pelo Brasil foi o Sputnik.;ERRADO
. O Amazônia-1 foi o primeiro satélite de observação da Terra completamente projetado, integrado, testado e operado pelo Brasil, com papel no monitoramento ambiental.;CERTO
. O Voyager 1 foi o primeiro satélite desenvolvido pelo Brasil.;ERRADO
. O SGDC-1 foi o primeiro satélite desenvolvido pelo Brasil voltado ao monitoramento ambiental e à segurança alimentar.;ERRADO
. O Hubble foi o primeiro satélite desenvolvido pelo Brasil.;ERRADO
. A Convenção sobre o Registro de Objetos Lançados ao Espaço Exterior proíbe lançamentos comerciais de satélites sem autorização da ONU.;ERRADO
. A Convenção sobre o Registro de Objetos Lançados ao Espaço Exterior busca estabelecer um sistema de registro dos objetos espaciais, facilitando sua identificação e rastreabilidade.;CERTO
. A Convenção estabelece um sistema de pagamento de royalties pela exploração do espaço.;ERRADO
. A Convenção garante que apenas Estados-membros da ONU possam lançar satélites.;ERRADO
. A Convenção regula a repartição de benefícios e patentes relacionadas à exploração dos corpos celestes.;ERRADO
. O Tratado Internacional sobre Recursos Fitogenéticos para Alimentação e Agricultura tem como principal objetivo a conservação e o uso sustentável de recursos genéticos vegetais e animais.;ERRADO
. O Anexo I do TIRFAA lista os cultivos abrangidos pelo sistema multilateral, incluindo cultivos alimentícios e forrageiros.;CERTO
. O Anexo I do TIRFAA não inclui cultivos importantes como morango, cenoura e girassol.;ERRADO
. O Protocolo de Cartagena busca contribuir para o estabelecimento de níveis adequados de proteção no transporte, manuseio e utilização de organismos vivos modificados resultantes da biotecnologia moderna.;CERTO
. O Protocolo de Nagoya trata da repartição justa e equitativa dos benefícios decorrentes da utilização de recursos genéticos, incluindo o acesso apropriado a esses recursos.;CERTO
. O Brasil ainda não ratificou o Protocolo de Nagoya por divergências quanto à paridade na repartição de benefícios provenientes de recursos genéticos.;ERRADO
. O TIRFAA busca conservar e utilizar sustentavelmente os recursos fitogenéticos para alimentação e agricultura e promover a repartição justa e equitativa dos benefícios, estando em consonância com a CDB.;CERTO
. A integração das agendas climática e de biodiversidade é uma estratégia adotada por países latino-americanos, como Brasil e Colômbia, para fortalecer sua liderança na transformação da agenda global.;CERTO
. Os objetivos estratégicos finalísticos da Embrapa estão alinhados ao Acordo de Paris ao promoverem sustentabilidade, produtividade e competitividade da agropecuária nacional.;CERTO
. O Acordo de Paris é um tratado internacional multilateral celebrado em 2015 sob a Convenção-Quadro das Nações Unidas sobre Mudança do Clima.;CERTO
. A agricultura possui papel secundário nos compromissos brasileiros de adaptação aos impactos da mudança climática e de descarbonização da economia.;ERRADO
. O Acordo de Paris entrou em vigor no Brasil após aprovação pelo Congresso Nacional e ratificação pelo presidente da República.;CERTO
. No intercâmbio de informações sobre biossegurança, devem ser consideradas necessidades especiais de países em desenvolvimento, especialmente países de menor desenvolvimento relativo, pequenos Estados insulares em desenvolvimento e países que sejam centros de origem e diversidade genética.;CERTO
. Organismos vivos modificados destinados à introdução intencional no meio ambiente da parte importadora devem ser identificados claramente como organismos vivos modificados, com especificação de sua identidade e características relevantes.;CERTO
. Ao decidir sobre a importação, as partes podem considerar impactos socioeconômicos dos organismos vivos modificados, especialmente quanto ao valor da biodiversidade para a comunidade científica.;ERRADO
. A temperatura das áreas continentais entre 2011 e 2020 foi cerca de 1,1 °C superior à registrada entre 1850 e 1900.;ERRADO
. A desertificação em regiões áridas e semiáridas decorre da diminuição da distribuição e intensidade das chuvas associada ao desmatamento e à redução dos recursos hídricos.;ERRADO
. A criosfera é definida como a biodiversidade de fauna e flora marinha em ambientes oceânicos.;ERRADO
. O desenvolvimento sustentável depende do equilíbrio entre fatores ecológicos, econômicos, sociais e tecnológicos, conciliando preservação ambiental e desenvolvimento econômico.;CERTO
. Segundo o Relatório Brundtland, o desenvolvimento sustentável atende às necessidades do presente sem comprometer a capacidade das gerações futuras de atenderem às suas próprias necessidades.;CERTO
. O Mecanismo de Desenvolvimento Limpo foi criado para auxiliar países desenvolvidos a cumprir compromissos de redução de emissões e promover projetos de redução de emissões em países em desenvolvimento.;CERTO
. O princípio do poluidor-pagador estabelece que o poluidor deve, em princípio, arcar com os custos da poluição, considerando o interesse público e evitando distorções no comércio e nos investimentos internacionais.;CERTO
. O Sistema Brasileiro de Comércio de Emissões e o Mercado Voluntário de Carbono são estratégias relacionadas à remuneração por serviços associados à redução ou remoção de emissões de carbono.;CERTO
. A produção de energia pela queima de resíduos urbanos e industriais constitui exemplo de Economia Circular.;CERTO
. O poder público deve incentivar a Economia Circular por meio de políticas que estimulem o uso de matérias-primas não renováveis na produção de bens duráveis.;ERRADO
. A Economia Circular busca criar um sistema de ciclo fechado no qual resíduos podem ser transformados em insumos produtivos por meio de reutilização, reciclagem e valorização energética.;CERTO
. A Economia Circular coloca a justiça social em segundo plano, priorizando exclusivamente ganhos ambientais e econômicos provenientes da reciclagem e do reúso.;ERRADO
. Na Economia Circular, o setor privado deve assegurar que seus produtos sejam reintegrados à economia, minimizando a geração de resíduos em seus processos.;CERTO
. Entre as metas dos ODS e da Agenda 2030 está a desregulamentação do mercado, segundo o ODS 10 — Redução das Desigualdades.;ERRADO
. A Agenda 2030 estabelece a garantia da igualdade étnico-racial como meta do ODS 5 — Igualdade de Gênero.;ERRADO
. A Agenda 2030 estabelece como meta garantir acesso a água potável e saneamento a pelo menos 40% da população mundial.;ERRADO
. A Agenda 2030 promove o desenvolvimento sustentável em três dimensões: econômica, social e ambiental.;CERTO
. A Agenda 2030 estabelece como meta realizar investimentos em energia nuclear para melhorar a produtividade energética e garantir energia a todos.;ERRADO
. O Acordo de Paris determina que os países devem seguir medidas específicas acordadas na COP21 para atingir suas metas individuais de redução de emissões de GEE.;ERRADO
. Os países em desenvolvimento ficam isentos de medidas de redução de emissões de GEE que possam impedir seu desenvolvimento.;ERRADO
. O Acordo de Paris estabelece o compromisso de manter o aquecimento global abaixo de 3°C, buscando limitá-lo a 2,5°C acima dos níveis pré-industriais.;ERRADO
. Os países desenvolvidos devem continuar a assumir a dianteira, adotando metas de redução absoluta de emissões para o conjunto da economia.;CERTO
. Os países desenvolvidos devem continuar fortalecendo seus esforços de mitigação e são encorajados a progressivamente transitar para metas de redução ou limitação de emissões para o conjunto da economia, considerando as diferentes circunstâncias nacionais.;ERRADO
. A Política Nacional de Defesa considera o potencial energético da Amazônia Azul secundário diante da necessidade de preservação ambiental e proteção da biodiversidade marítima.;ERRADO
. A Estratégia Nacional de Defesa recomenda priorizar o desenvolvimento econômico na Amazônia e na Amazônia Azul, mesmo que isso implique flexibilização das políticas ambientais.;ERRADO
. A exploração de recursos naturais na Amazônia integra a Estratégia Nacional de Defesa como uma das principais ações para garantir simultaneamente desenvolvimento econômico e conservação ambiental.;ERRADO
. A proteção da Amazônia Azul é prioritária apenas em aspectos relacionados à soberania marítima, conforme previsto na Política Nacional de Defesa.;ERRADO
. A conservação dos biomas da Amazônia e da Amazônia Azul é considerada estratégica na PND e na END, que indicam a necessidade de fortalecer medidas de proteção ambiental integradas a políticas de defesa e desenvolvimento sustentável.;CERTO
. Uma ilha pelágica corresponde à zona econômica exclusiva.;ERRADO
I. Uma ilha costeira corresponde à área de livre comércio marítimo.;ERRADO
II. A área posterior ao mar territorial que se estende até 200 milhas marítimas das linhas de base corresponde à zona econômica exclusiva.;CERTO
. O mar territorial tem início na linha de base e se superpõe à zona contígua por uma faixa de 24 milhas náuticas.;ERRADO
. A plataforma continental começa no fim da zona econômica exclusiva e abrange as águas sobrejacentes do alto-mar até 350 milhas náuticas.;ERRADO
. A zona contígua é adjacente ao mar territorial e não pode se estender além de 24 milhas náuticas, contadas a partir das linhas de base utilizadas para medir o mar territorial.;CERTO
. O alto-mar começa onde termina o alcance do Acordo BBNJ, excetuadas as águas sobrejacentes à plataforma continental estendida.;ERRADO
. A zona econômica exclusiva estende-se até 200 milhas náuticas a partir das linhas de base, independentemente de eventual prolongamento da plataforma continental, cujo limite exterior pode chegar a 350 milhas náuticas.;ERRADO
