O chamado Pacto de San José da Costa Rica (1969) é a Convenção Americana sobre Direitos Humanos.;CERTO
A existência da democracia na Atenas clássica comprova o respeito aos direitos humanos já na Antiguidade.;ERRADO
Especialistas e militantes da causa dos direitos humanos acreditam que a evolução tímida desse tema decorre, em larga medida, de ele continuar sendo visto como um fim em si mesmo, em vez de instrumento para a plena cidadania.;ERRADO
Após a redemocratização, o Brasil avançou na proteção internacional dos direitos humanos, aderindo a convenções contra discriminação e tortura e relativas aos direitos da criança e dos refugiados.;CERTO
O Brasil não reconheceu a jurisdição da Corte Interamericana relativamente a atos praticados por brasileiros e posteriormente extinguiu a Secretaria de Estado de Direitos Humanos.;ERRADO
Atualmente, a garantia da eficácia dos direitos humanos compete principalmente à Corte Europeia e à Corte Interamericana de Direitos Humanos.;ERRADO
A Corte Interamericana profere sentenças recorríveis e não pode determinar indenização à parte lesada.;ERRADO
O Direito Internacional Humanitário surgiu efetivamente com a Primeira Convenção de Genebra, em 1864.;CERTO
O Direito de Haia destina-se à proteção das vítimas de conflitos armados, enquanto o Direito de Genebra regula os meios e métodos de combate.;ERRADO
A Declaração de Viena de 1993 consagrou os princípios da universalidade, indivisibilidade, objetividade e não seletividade dos direitos humanos.;CERTO
A Declaração Universal dos Direitos Humanos, embora não seja tratado juridicamente vinculante, influenciou constituições nacionais e impulsionou convenções internacionais de direitos humanos.;CERTO
É obrigação do ACNUR enviar anualmente ao Conselho de Segurança da ONU uma lista vermelha dos países responsáveis pela busca de refúgio de seus nacionais.;ERRADO
O Sistema Interamericano de Direitos Humanos é composto pela Comissão e pela Corte Interamericanas, ambas sediadas em Washington.;ERRADO
O Conselho de Direitos Humanos da ONU, criado em 2006, realiza eleições de seus membros por votação secreta.;CERTO
O Brasil conta com juiz na Corte Interamericana, integra a Comissão Interamericana e Brasília sediou sessão extraordinária da Corte em novembro de 2013.;CERTO
O Conselho de Direitos Humanos foi criado pela Assembleia Geral da ONU em 1948 e realiza a Revisão Periódica Universal.;ERRADO
Na Revisão Periódica Universal de 2012, o Brasil recebeu 170 recomendações em diferentes áreas de direitos humanos.;CERTO
A resolução da ONU sobre o direito à privacidade na era digital, de 2013, foi originalmente proposta por Brasil, Alemanha e Estados Unidos.;ERRADO
Os direitos sociais relacionados à proteção do trabalho foram incluídos na Declaração Universal dos Direitos Humanos em consequência da iniciativa do representante brasileiro no comitê de redação.;CERTO
A promoção dos direitos das mulheres foi aspecto importante da política externa norte-americana durante o período em que Hillary Clinton foi secretária de Estado.;CERTO
Em 2015, o Reino Unido adotou uma política externa feminista centrada na tríade representação, direitos e recursos.;ERRADO
A Carta da ONU de 1945 não menciona a igualdade entre os sexos.;ERRADO
A Corte Interamericana pode emitir parecer, a pedido de Estado-membro da OEA, sobre a compatibilidade de leis internas com a Convenção Americana.;CERTO
Em 2017, o número de pessoas forçadas a se deslocar em razão de conflitos retrocedeu em relação aos anos anteriores.;ERRADO
O Pacto Global para Migração Segura, Ordenada e Regular, aprovado em 2018, possui natureza jurídica não vinculante.;CERTO
O Brasil é parte das Convenções de 1954 e 1961 sobre apatridia e reconheceu pela primeira vez duas pessoas como apátridas em 2018.;CERTO
Pessoas que atravessam fronteiras em busca de melhores condições econômicas estão protegidas pela Convenção relativa ao Estatuto dos Refugiados.;ERRADO
A Corte Interamericana reconhece a responsabilidade estatal por falta de devida diligência para prevenir violações cometidas por particulares.;CERTO
O início de um conflito armado encerra automaticamente a vigência do Direito Internacional dos Direitos Humanos no território em conflito.;ERRADO
A proteção de civis em conflitos armados é absoluta e prevalece mesmo quando civis participam diretamente das hostilidades.;ERRADO
O status de prisioneiro de guerra é previsto em conflitos armados internacionais, mas não possui proteção equivalente específica nos conflitos armados não internacionais.;CERTO
O Pacto de San José, reconhecido pelo STF como norma supralegal, prevê direitos humanos de primeira e segunda gerações.;CERTO
A consagração do direito à nacionalidade na Declaração Universal praticamente extinguiu a apatridia no século XXI.;ERRADO
A concessão de asilo político é princípio constitucional brasileiro, constitui ato discricionário do Estado e não será concedida a quem tenha cometido crime contra a humanidade.;CERTO
A Lei de Migração assegura aos migrantes acesso igualitário a serviços, programas, benefícios sociais, educação, trabalho, moradia, serviços bancários e seguridade social.;CERTO
Tratados de direitos humanos aprovados em cada Casa do Congresso, em dois turnos, por maioria simples, são equivalentes às emendas constitucionais.;ERRADO
A Corte Interamericana não exige formação jurídica para seus juízes.;ERRADO
O visto temporário para acolhida humanitária pode ser concedido ao apátrida ou nacional de país em situação de grave instabilidade, conflito, calamidade, desastre ambiental ou grave violação de direitos humanos.;CERTO
A política migratória brasileira baseia-se, entre outros, na universalidade, indivisibilidade e interdependência dos direitos humanos, na não criminalização da migração e na acolhida humanitária.;CERTO
O Brasil é signatário da Convenção Americana sobre Direitos Humanos e reconhece a competência obrigatória da Corte Interamericana.;CERTO
Qualquer cidadão brasileiro pode recorrer ao sistema interamericano, mas a petição deve obrigatoriamente ser apresentada por advogado.;ERRADO
Em casos graves e urgentes no Brasil, com risco de danos irreparáveis, pode-se solicitar medida cautelar à Comissão Interamericana.;CERTO
O caso Maria da Penha Maia Fernandes versus Brasil teve importantes repercussões e contribuiu para a aprovação da Lei Maria da Penha.;CERTO
A consolidação dos migrantes nos novos lugares envolve inserção no mercado de trabalho, reconhecimento social, representação política e participação na vida social.;CERTO
Preconceito e discriminação contra migrantes são aspectos meramente culturais dos países receptores e desaparecem com a inserção no mercado de trabalho.;ERRADO
Migrantes internacionais e intranacionais frequentemente enfrentam dificuldades de inserção laboral, baixos salários, jornadas exaustivas e exploração.;CERTO
Refugiados políticos não são migrantes, pois seu deslocamento é necessariamente temporário.;ERRADO
Segundo a Declaração e Programa de Ação de Viena de 1993, todos os direitos humanos são universais, indivisíveis, interdependentes e inter-relacionados.;CERTO
A Convenção contra a Tortura estabelece que nenhuma circunstância excepcional pode ser invocada para justificar a tortura.;CERTO
As resoluções do Conselho de Direitos Humanos da ONU são vinculantes para o Brasil, mesmo quando o país não é membro do Conselho.;ERRADO
A Convenção sobre os Direitos das Pessoas com Deficiência e a Convenção Interamericana contra o Racismo possuem equivalência às emendas constitucionais por terem sido aprovadas conforme o art. 5º, § 3º, da Constituição.;CER
O Brasil copreside a Coalizão Global para a Justiça Social, iniciativa lançada no início de 2024 pela OIT, organismo criado no contexto do final da Primeira Guerra Mundial e que atualmente passa por reforma para incorporar representantes de empregadores e trabalhadores.;ERRADO
Embora a Agenda 2030 estabeleça 17 ODS, o Brasil assumiu voluntariamente um 18.º ODS para eliminar o racismo e a discriminação étnico-racial contra povos indígenas e afrodescendentes.;CERTO
Em janeiro de 2023, o Brasil atualizou seu posicionamento internacional sobre gênero e direitos das mulheres e meninas, inclusive desvinculando-se da Declaração do Consenso de Genebra sobre Saúde da Mulher e Fortalecimento da Família.;CERTO
Por ter assumido mandato no Conselho de Direitos Humanos da ONU em 2024, o Brasil deverá submeter-se, até 2026, à Revisão Periódica Universal, por meio de relatórios regulares dos ministérios indicados no item.;ERRADO
No início de 2024, a OMS adotou um tratado sobre prevenção, prontidão e resposta a pandemias, com participação ativa do Brasil nas negociações.;ERRADO
Segundo Antônio Augusto Cançado Trindade, o direito internacional contemporâneo caracteriza-se por um retorno às teorias clássicas do direito internacional público, em processo de humanização do direito internacional.;ERRADO
O princípio da distinção obriga os beligerantes a distinguir, em todas as circunstâncias, entre civis e combatentes e entre bens civis e objetivos militares; contudo, civis que participam diretamente das hostilidades perdem a proteção contra os ataques durante essa participação.";CERTO
Pelo princípio da proporcionalidade, mesmo quando o alvo é militarmente legítimo, o ataque não deve ser realizado se os danos incidentais aos civis forem excessivos em relação à vantagem militar concreta e direta esperada.;CERTO
Os chamados refugiados climáticos são formalmente reconhecidos pela ONU como categoria de refugiados e gozam de proteção jurídica específica garantida pelos tratados internacionais em vigor.;ERRADO
A Comissão Interamericana de Direitos Humanos tem como funções principais promover e defender os direitos humanos e supervisionar sua observância nos Estados-membros da OEA, sejam ou não partes da Convenção Americana, além de exercer função consultiva perante a OEA.;CERTO
A Comissão Interamericana de Direitos Humanos atua, no recebimento e processamento de denúncias individuais, como instância preliminar de acesso à Corte Interamericana, mas esse acesso não é facultativo no sentido de poder ser dispensado o procedimento perante a Comissão.;CERTO
Indivíduos podem apresentar petições à Comissão Interamericana denunciando violações da Convenção Americana por um Estado, sem necessidade de constituir advogado.;CERTO
O prévio esgotamento dos recursos internos é requisito de admissibilidade perante a Comissão Interamericana, ainda que haja demora injustificada na apreciação desses recursos.;ERRADO
Uma vez admitida uma denúncia pela Comissão Interamericana, não é possível buscar solução amistosa entre as partes.;ERRADO
Perante a Corte Interamericana, podem atuar como partes a Comissão Interamericana e os Estados que tenham reconhecido a jurisdição da Corte, enquanto as vítimas possuem legitimidade para participar do procedimento nos termos previstos pelo sistema.;CERTO
A Corte Interamericana pode atribuir responsabilidade estatal pela violação de outros tratados específicos de direitos humanos, mesmo quando sua competência material não estiver prevista nesses instrumentos.;ERRADO
A Corte Interamericana pode determinar medidas provisórias urgentes por meio de seu presidente quando não estiver reunida, inclusive antes de um caso chegar à Corte, desde que o caso esteja sob exame da Comissão e esta solicite as medidas.;CERTO
A apresentação de exceções preliminares pelo Estado demandado paralisa automaticamente o procedimento da Corte Interamericana quanto ao mérito.;ERRADO
A jurisprudência da Corte Interamericana admite mecanismos de reparação destinados a restabelecer o status quo ante, não se limitando à indenização pecuniária.;CERTO
Para apresentar petição individual à Comissão Interamericana, a parte peticionária pode ser qualquer pessoa, grupo de pessoas ou entidade não governamental legalmente reconhecida em um ou mais Estados-membros da OEA, não sendo obrigatória a constituição de advogado.;CERTO
A Declaração Universal dos Direitos Humanos tornou-se obsoleta no século XXI por ser particularista e limitada às violações ocorridas no contexto do pós-guerra.;ERRADO
Diante de demora excessiva na prestação jurisdicional interna, um caso de violência doméstica contra Maria da Penha poderia ser levado à Comissão Interamericana sem a necessidade de aguardar o esgotamento dos recursos internos, em razão da exceção prevista pela Convenção Americana.;CERTO
A Declaração e Programa de Ação de Viena de 1993 estabelece que todos os direitos humanos são universais, indivisíveis, interdependentes e inter-relacionados; que devem ser tratados globalmente, de forma justa e equitativa; e que os Estados devem promover e proteger esses direitos independentemente de seus sistemas políticos, econômicos e culturais.";CERTO
A Declaração dos Direitos do Homem e do Cidadão de 1789 e a Declaração Universal dos Direitos Humanos de 1948 reconhecem a liberdade e a igualdade como inerentes ao ser humano.;CERTO
O Sistema Interamericano de Direitos Humanos é composto pela Assembleia Geral da OEA, pela Corte Interamericana e pela Comissão Interamericana.;ERRADO
O Brasil, embora reconheça a jurisdição obrigatória da Corte Interamericana, jamais foi responsabilizado internacionalmente por violações de direitos humanos.;ERRADO
Os tratados internacionais de direitos humanos podem ser denunciados pelos Estados-partes a qualquer momento, conforme suas conveniências nacionais, independentemente das condições estabelecidas pelo próprio tratado.;ERRADO
Atualmente, o principal problema dos direitos humanos é sua falta de positivação e constitucionalização, pois direitos positivados são necessariamente efetivados.;ERRADO
A universalidade dos direitos humanos é compatível com a diversidade cultural, conforme reconhecido pela Declaração Universal de 1948, pelos Pactos de 1966 e pelos documentos finais das Conferências de Teerã de 1968 e Viena de 1993.;CERTO
A ascensão do fundamentalismo teve origem nos conflitos interétnicos, particularmente frequentes em países que abrigam diferentes povos e religiões.;ERRADO
A crescente criminalização das migrações econômicas e sociais demonstra que o direito de ir e vir das pessoas se tornou subordinado ao privilégio universal da livre circulação de capitais.;CERTO
As legislações restritivas adotadas pela União Europeia refletem, entre outros aspectos, a mudança da função histórica da imigração africana e asiática no pós-guerra e a prevalência dos interesses nacionais e comunitários europeus sobre a reciprocidade histórica com a América Latina.;CERTO
As migrações internacionais deixaram de ser relevantes nas relações entre África e Europa após o fim dos conflitos internos das últimas décadas do século XX.;ERRADO
O Brasil, historicamente marcado pela imigração europeia e asiática no final do século XIX e início do século XX, posteriormente passou também a apresentar importante fluxo emigratório.;CERTO
A migração forçada ou fraudulenta, inclusive o tráfico de pessoas, possui apenas impacto internacional e apresenta pouca relevância para a segurança dos Estados nacionais.;ERRADO
A Corte Interamericana de Direitos Humanos pode ter casos submetidos à sua decisão somente pelos Estados-partes e pela Comissão Interamericana de Direitos Humanos.;CERTO
A proteção internacional dos direitos econômicos, sociais e culturais no Sistema Interamericano foi concretizada, em 1988, pelo Protocolo de San Salvador.;CERTO
A Convenção Interamericana assinada em Belém do Pará é a Convenção para Prevenir, Punir e Erradicar a Violência contra a Mulher.;CERTO
A Declaração Universal dos Direitos Humanos protege expressamente o genoma humano como unidade fundamental de todos os membros da espécie humana e o reconhece como patrimônio da humanidade.;ERRADO
A EC nº 45/2004 representou um grande retrocesso nos direitos fundamentais porque, antes dela, todos os tratados internacionais de direitos humanos já eram considerados normas constitucionais pelo STF, independentemente do quórum de aprovação.;ERRADO
A Declaração Universal dos Direitos Humanos universalizou direitos civis, políticos, econômicos, sociais e culturais, conferindo-lhes paridade hierárquica.;CERTO
O acesso contencioso à Corte Interamericana é restrito aos Estados-partes e à Comissão Interamericana, e a competência contenciosa da Corte depende do reconhecimento pelos Estados, mediante cláusula facultativa.;CERTO
A Declaração Universal dos Direitos Humanos apresenta força jurídica vinculante, segundo parte considerável da doutrina, e consagra a ideia de que, para ser titular de direitos, basta ser pessoa.;CERTO
A Declaração Universal dos Direitos Humanos, redigida sob o impacto das atrocidades da Segunda Guerra Mundial, afirma que liberdade, igualdade e fraternidade são princípios axiológicos fundamentais em matéria de direitos humanos.;CERTO
A Convenção Americana sobre Direitos Humanos proíbe o restabelecimento da pena de morte nos países que a tenham abolido.;CERTO
A imprescritibilidade dos direitos fundamentais relaciona-se à sua proteção contra os efeitos do decurso do tempo.;CERTO
O Pacto Internacional de Direitos Civis e Políticos de 1966 previu novas espécies de direitos humanos além daqueles expressamente previstos na Declaração Universal dos Direitos Humanos de 1948.;CERTO
A principal função da Organização dos Estados Americanos é promover a observância e a proteção dos direitos humanos na América.;ERRADO
A Declaração Universal dos Direitos Humanos é um tratado internacional que contém obrigação jurídica vinculante de respeito aos princípios básicos de direitos humanos.;ERRADO
A Declaração Universal dos Direitos Humanos de 1948 seguiu os moldes liberais clássicos de não intervenção, enquanto a Declaração de Viena de 1993 consagrou a universalidade, a indivisibilidade e a interdependência dos direitos humanos.;ERRADO
A violação grave e sistemática dos direitos humanos das mulheres em um Estado pode ser investigada pelo Comitê sobre a Eliminação da Discriminação contra a Mulher, que pode receber petições com denúncias de violações.;CERTO
Qualquer pessoa, grupo de pessoas ou entidade não governamental legalmente reconhecida em um ou mais Estados-membros da OEA pode apresentar diretamente à Corte Interamericana petições contra um Estado-parte.;ERRADO
A República Federativa do Brasil rege-se, em suas relações internacionais, pelo princípio do repúdio ao racismo.;CERTO
A Declaração Universal dos Direitos Humanos, embora tenha natureza de resolução, não possui instrumentos ou órgãos próprios destinados a tornar compulsória sua aplicação.;CERTO
Os direitos humanos são indivisíveis, e a Declaração Universal dos Direitos Humanos engloba direitos civis, políticos, econômicos, sociais e culturais.;CERTO
A Corte Internacional de Justiça possui competência para julgar diretamente pessoas físicas e jurídicas, que podem encaminhar suas demandas diretamente ao tribunal.;ERRADO
A Corte Interamericana de Direitos Humanos não possui competência contenciosa, tendo apenas competência consultiva para interpretar a Convenção Americana e outros tratados de direitos humanos.;ERRADO
Qualquer pessoa, grupo de pessoas ou entidade não governamental legalmente reconhecida em um ou mais Estados-membros da OEA pode apresentar à Comissão Interamericana petições contendo denúncias ou queixas de violação da Convenção Americana por um Estado-parte.;CERTO
A Declaração Universal dos Direitos Humanos possui valor meramente declaratório e, por isso, não gera obrigações jurídicas aos Estados.;ERRADO
A Corte Interamericana de Direitos Humanos é composta por nove juízes provenientes dos Estados-membros da OEA, escolhidos entre juristas de alto renome, com garantias de vitaliciedade, inamovibilidade e irredutibilidade dos vencimentos.;ERRADO
Os direitos econômicos, sociais e culturais formam, juntamente com os direitos civis e políticos, um conjunto indivisível de direitos fundamentais, sem relação hierárquica entre eles.;CERTO
A criação de normas internacionais de proteção dos direitos humanos possibilita a responsabilização internacional do Estado quando as normas nacionais forem omissas.;CERTO
São princípios fundamentais proclamados no artigo I da Declaração Universal dos Direitos Humanos a liberdade, a igualdade e a fraternidade.;CERTO
A Declaração Universal dos Direitos Humanos trata dos direitos de liberdade e igualdade.;CERTO
A Declaração Universal dos Direitos Humanos trata dos direitos de liberdade e igualdade.;CERTO
De acordo com a Corte Internacional de Justiça, as disposições da Declaração Universal dos Direitos Humanos que possuem caráter costumeiro estabelecem obrigações erga omnes.;CERTO
No caso Gomes Lund versus Brasil, a Corte Interamericana estabeleceu que o dever de investigar e punir os responsáveis por desaparecimentos forçados possui caráter de jus cogens.;CERTO
Em casos de tortura sistemática, a Convenção Americana sobre Direitos Humanos permite que o indivíduo tenha acesso direto à Corte Interamericana de Direitos Humanos.;ERRADO
Em 1966, foram produzidos pela Assembleia Geral da ONU o Pacto Internacional sobre Direitos Civis e Políticos e o Pacto Internacional sobre Direitos Econômicos, Sociais e Culturais; juntamente com a DUDH e seus protocolos opcionais, esses instrumentos são conhecidos como International Bill of Rights.";CERTO
A adesão do Brasil à Convenção Americana de Direitos Humanos, o Pacto de São José da Costa Rica, ocorreu durante o governo de Luiz Inácio Lula da Silva.;ERRADO
A possibilidade de os direitos humanos serem exercidos simultaneamente e encontrarem limites em outros direitos igualmente consagrados, exigindo harmonização em caso de conflito, corresponde à característica da relatividade dos direitos humanos.;CERTO
A ideia de que os direitos humanos não devem ser analisados isoladamente, sem prevalência de um conjunto de direitos sobre os demais, corresponde ao princípio da indivisibilidade.;CERTO
John Locke, ao final do século XV, foi quem pela primeira vez cunhou a expressão dignitas humana.;ERRADO
A concepção contemporânea dos direitos humanos considera-os uma unidade indivisível, interdependente e inter-relacionada, conjugando direitos civis e políticos com direitos econômicos, sociais e culturais.;CERTO
A Declaração de Independência dos EUA de 1776 e a Declaração Francesa de 1789 tinham em comum a concepção de que os direitos declarados ainda eram privilégios.;ERRADO
O Pacto de São José da Costa Rica impede que os Estados signatários abolam o habeas corpus de suas legislações, inclusive em situações excepcionais nas quais sua suspensão não seja admitida.;CERTO
Segundo a Convenção contra a Tortura, não se concederá a extradição de pessoa quando houver razões substanciais para crer que ela corre perigo de ser submetida à tortura no Estado de destino.;CERTO
A hermenêutica diatópica constitui proposta de superação do debate entre universalismo e relativismo cultural.;CERTO
A universalidade e a indivisibilidade são características próprias da concepção contemporânea dos direitos humanos.;CERTO
A concepção contemporânea dos direitos humanos surgiu com o término da Primeira Guerra Mundial.;ERRADO
As três gerações de direitos humanos demonstram que diferentes visões de mundo podem refletir-se nas normas jurídicas voltadas à proteção da pessoa.;CERTO
A universalidade dos direitos humanos necessariamente impõe a visão de mundo ocidental plasmada na Declaração Universal dos Direitos Humanos.;ERRADO
No exercício de sua competência consultiva, a Corte Interamericana de Direitos Humanos pode considerar qualquer tratado internacional aplicável aos Estados americanos, ainda que não trate da proteção dos direitos humanos.;ERRADO
A Carta das Nações Unidas não integra o núcleo do direito internacional dos direitos humanos, pois apenas institui uma organização internacional.;ERRADO
A Declaração Universal dos Direitos Humanos assegura o direito de mudar de nacionalidade.;CERTO
Nos termos do Pacto Internacional de Direitos Civis e Políticos, o direito à autodeterminação dos povos esgota-se na possibilidade de estabelecer livremente seu estatuto político.;ERRADO
O Pacto Internacional de Direitos Econômicos, Sociais e Culturais relaciona o direito ao trabalho ao gozo das liberdades políticas fundamentais.;ERRADO
Nos termos da Convenção Internacional sobre a Eliminação de Todas as Formas de Discriminação Racial, a exclusão de direitos baseada unicamente na origem nacional caracteriza necessariamente discriminação racial.;ERRADO
Os direitos de primeira geração resultaram da influência do socialismo e são voltados ao bem-estar social, como direito ao trabalho, à saúde e à educação.;ERRADO
A Convenção sobre a Eliminação de Todas as Formas de Discriminação contra a Mulher possui protocolo facultativo que permite a apresentação de denúncias sobre violações dos direitos nela consagrados.;CERTO
Tanto o Pacto Internacional de Direitos Econômicos, Sociais e Culturais quanto o Pacto Internacional de Direitos Civis e Políticos preveem o envio de relatórios sobre medidas adotadas e progressos alcançados.;CERTO
A Convenção para a Prevenção e Repressão do Crime de Genocídio considera genocídio a transferência forçada de menores de um grupo para outro, quando praticada com a intenção de destruir aquele grupo, no todo ou em parte.;CERTO
Somente os Estados-partes e a Comissão Interamericana de Direitos Humanos têm o direito de submeter um caso à decisão da Corte Interamericana de Direitos Humanos.;CERTO
Qualquer pessoa pode apresentar à Comissão Interamericana de Direitos Humanos petições contendo denúncias ou queixas de violação da Convenção Americana por um Estado-parte.;CERTO
O Brasil reconheceu a jurisdição contenciosa da Corte Interamericana de Direitos Humanos somente na década de 1990.;CERTO
Em 2010, o WikiLeaks publicou mais de cem mil documentos diplomáticos sigilosos dos Estados Unidos, em um dos grandes escândalos de vazamento daquele período.;CERTO
Edward Snowden revelou, em 2013, a existência de programas de espionagem e vigilância eletrônica realizados pelo governo norte-americano, inclusive contra aliados estrangeiros.;CERTO
Edward Snowden e Julian Assange tiveram seus pedidos de asilo político aceitos pelo Brasil e, em julho de 2013, encontravam-se abrigados em representações diplomáticas brasileiras.;ERRADO
A sequência correta dos documentos descritos é: Bill of Rights de 1689; Declaração dos Direitos do Homem e do Cidadão de 1789; e Declaração Universal dos Direitos Humanos de 1948.";CERTO
Entre as razões formalmente invocadas pela ONU para a proclamação da Declaração Universal dos Direitos Humanos estava a natureza transcendental e mística do homem, criado à imagem e semelhança de Deus.;ERRADO
Os direitos humanos fundamentais relacionam-se diretamente com a garantia de não ingerência do Estado na esfera individual; são também designados por expressões como direitos humanos, liberdades públicas e direitos subjetivos públicos; a Segunda Guerra Mundial impulsionou, e não retrocedeu, sua internacionalização.";CERTO
As previsões constitucionais sobre direitos fundamentais, embora autônomas, possuem diversas intersecções para atingir suas finalidades.;CERTO
A interpretação dos direitos fundamentais deve tomar cada direito isoladamente, sem considerar sua relação com os demais direitos.;ERRADO
A interpretação dos direitos fundamentais deve considerá-los conjuntamente, buscando sua plena realização.;CERTO
Tratados e convenções internacionais de direitos humanos podem ser internalizados com status constitucional quando aprovados pela Câmara dos Deputados e pelo Senado Federal, em dois turnos, por três quintos dos votos dos respectivos membros de cada Casa.;CERTO
Os tratados internacionais de direitos humanos possuem regime especial de incorporação no Brasil, nos termos da EC nº 45/2004.;CERTO
Os tratados internacionais de direitos humanos seguem necessariamente a forma ordinária de incorporação de todos os demais atos internacionais.;ERRADO
Os tratados internacionais de direitos humanos podem ser invocados internamente simplesmente após sua aprovação por decreto legislativo do Senado Federal.;ERRADO
A aplicação interna dos tratados internacionais de direitos humanos começa imediatamente com a assinatura pelo Estado brasileiro.;ERRADO
Cabe ao Congresso Nacional ratificar tratados internacionais de direitos humanos, que se tornam exigíveis automaticamente com a ratificação.;ERRADO
O Pacto Internacional sobre Direitos Econômicos, Sociais e Culturais e o Pacto Internacional sobre Direitos Civis e Políticos são tratados internacionais e foram incorporados pelo Brasil.;CERTO
A Corte Europeia de Direitos Humanos integra a União Europeia e vincula exclusivamente os países-membros da União Europeia.;ERRADO
O Brasil reconheceu a jurisdição da Corte Interamericana de Direitos Humanos desde sua instituição.;ERRADO
A Declaração Universal dos Direitos Humanos possui estatuto jurídico de tratado internacional.;ERRADO
O Tribunal Penal Internacional foi criado na década de 1960.;ERRADO
A Declaração Universal dos Direitos da Criança de 1959 não precisou ser incorporada ao ordenamento jurídico brasileiro por possuir natureza de declaração.;CERTO
A Convenção sobre os Direitos das Pessoas com Deficiência foi introduzida no ordenamento jurídico brasileiro segundo o procedimento inovador previsto pela EC nº 45/2004.;CERTO
A validade da Convenção sobre os Direitos das Pessoas com Deficiência no Brasil independe de qualquer procedimento formal de incorporação.;ERRADO
O fato de a Constituição já prever determinada matéria torna desnecessária a incorporação da Convenção sobre os Direitos das Pessoas com Deficiência.;ERRADO
A Convenção sobre os Direitos das Pessoas com Deficiência é aplicada internamente apenas de modo analógico, pois não foi formalmente incorporada.;ERRADO
O Protocolo Facultativo da Convenção sobre os Direitos das Pessoas com Deficiência trata da submissão dos Estados à jurisdição da Corte Interamericana de Direitos Humanos.;ERRADO
A composição dos órgãos da Organização Internacional do Trabalho adota a regra geral do tripartismo.;CERTO
As convenções da OIT possuem natureza de tratados internacionais e vinculam os Estados que as ratificam.;CERTO
As recomendações da OIT possuem, por si mesmas, natureza jurídica de tratados internacionais vinculantes.;ERRADO
A Declaração Universal dos Direitos Humanos proíbe expressamente a escravidão e a servidão.;CERTO
Existe, no âmbito da OIT, convenção específica destinada à reabilitação profissional de pessoas com deficiência.;CERTO
Segundo a Convenção Internacional sobre os Direitos das Pessoas com Deficiência, considera-se pessoa com deficiência aquela que possui impedimento de longo prazo de natureza sensorial que possa obstruir sua participação plena e efetiva na sociedade.;CERTO
Membro da família de trabalhador migrante não pode ser privado de autorização de residência exclusivamente porque o trabalhador não cumpriu obrigação decorrente de contrato de trabalho, ainda que o cumprimento dessa obrigação seja condição da autorização.;CERTO
Trabalhadores migrantes devem receber tratamento não menos favorável que os nacionais quanto às condições de trabalho relativas a descanso semanal, férias remuneradas, trabalho suplementar e horário de trabalho.;CERTO
Em regra, a Convenção sobre Trabalhadores Migrantes não se aplica aos refugiados, podendo a legislação nacional de um Estado prever sua aplicação.;CERTO
O Direito Humanitário, a OIT e a Liga das Nações são considerados precedentes importantes da internacionalização dos direitos humanos.;CERTO
A Declaração Universal dos Direitos Humanos e o Pacto Internacional dos Direitos Civis e Políticos, sozinhos, formam a Carta Internacional dos Direitos Humanos.;ERRADO
O sistema global de direitos humanos restringe-se à chamada Carta Internacional dos Direitos Humanos.;ERRADO
Os mecanismos convencionais de proteção dos direitos humanos são aqueles criados por convenções específicas e dependem da adesão dos Estados.;CERTO
A Comissão Interamericana de Direitos Humanos pode atribuir responsabilidade internacional por violações de direitos humanos a indivíduos ou pessoas jurídicas privadas.;ERRADO
A Comissão Interamericana de Direitos Humanos pode responsabilizar pessoas naturais e jurídicas, públicas ou privadas, pelas violações, juntamente com o Estado.;ERRADO
A Comissão Interamericana de Direitos Humanos pode responsabilizar pessoas naturais e jurídicas, sendo subsidiária a responsabilidade internacional do Estado.;ERRADO
A Comissão Interamericana de Direitos Humanos não possui competência para atribuir responsabilidades individuais, podendo determinar apenas a responsabilidade internacional de um Estado membro da OEA.;CERTO
O Congresso Nacional não pode rejeitar tratado internacional sobre direitos humanos firmado pelo Presidente da República.;ERRADO
Tratados de direitos humanos incorporados ao direito brasileiro e compatíveis com a Constituição prevalecem sobre leis ordinárias conflitantes.;CERTO
A Corte Interamericana de Direitos Humanos é composta por sete juízes e possui competência contenciosa e consultiva.;CERTO
Sentença da Corte Interamericana que determine ao Brasil o pagamento de indenização deve ser executada de acordo com o procedimento vigente no Brasil.;CERTO
O Pacto Internacional sobre Direitos Civis e Políticos, a Convenção Americana sobre Direitos Humanos e outros atos internacionais compõem o Sistema Regional Interamericano de Proteção dos Direitos Humanos.;ERRADO
A Declaração Universal dos Direitos Humanos é fonte codificada do direito internacional prevista no Estatuto da Corte Internacional de Justiça como ato de organização internacional.;ERRADO
O tripartismo da OIT significa que as delegações dos Estados são compostas por representantes dos três poderes do Estado.;ERRADO
As recomendações da OIT não devem ser encaminhadas ao Congresso Nacional para aprovação legislativa como ocorre com os tratados.;CERTO
Ações de espionagem destinadas a interceptar conversas, acessar correspondência de funcionários públicos ou obter documentos de missões diplomáticas podem violar normas internacionais de proteção da privacidade e das relações diplomáticas.;CERTO
A Convenção Internacional sobre os Direitos das Pessoas com Deficiência e seu Protocolo Facultativo foram os primeiros atos internacionais aprovados pelo Congresso Nacional com equivalência a emenda constitucional.;CERTO
A Conferência de Roma de 1998 aprovou o Estatuto de Roma, que criou o Tribunal Penal Internacional.;CERTO
A defesa da União Europeia por uma governança mais aberta da Internet decorreu principalmente dos interesses da Rússia, integrante da União Europeia.;ERRADO
Segundo as revelações de Edward Snowden, a espionagem eletrônica norte-americana alcançou chefes de Estado de todo o mundo, sem exceção dos países considerados aliados.;ERRADO
É função essencial da OMS orientar diretamente os orçamentos nacionais de saúde dos países em áreas prioritárias.;ERRADO
A Assembleia Mundial da Saúde estabelece as políticas de saúde dos países membros individualmente.;ERRADO
Cobertura universal de saúde significa garantir a toda a população acesso aos serviços de saúde de que necessita sem risco de empobrecimento.;CERTO
O Regulamento Sanitário Internacional é um acordo jurídico vinculante destinado à prevenção e ao combate às ameaças à saúde pública.;CERTO
O Brasil não participou da Conferência de Viena sobre Direitos Humanos de 1993 porque rejeitava a concepção universalista dos direitos humanos.;ERRADO
O Conselho de Direitos Humanos da ONU foi criado em 2006 em substituição à Comissão de Direitos Humanos e permaneceu subordinado ao ECOSOC.;ERRADO
A entrada do Brasil na Comissão de Direitos Humanos da ONU, em 1977, marcou imediatamente o início de uma política externa cooperativa com os mecanismos de fiscalização de violações de direitos humanos.;ERRADO
O Brasil ratificou o Pacto de San José da Costa Rica e os Pactos Internacionais de 1966 durante o governo Ernesto Geisel.;ERRADO
A Comissão de Direitos Humanos da ONU, criada na década de 1940 e subordinada ao ECOSOC, inicialmente exerceu função predominantemente promocional e posteriormente passou a atuar também na fiscalização de violações.;CERTO
A Corte Internacional de Justiça foi instituída pela Carta da ONU e possui como função principal julgar indivíduos responsáveis por violações de direitos humanos.;ERRADO
O Conselho de Segurança da ONU é um tribunal penal permanente destinado a julgar indivíduos agressores.;ERRADO
O Tribunal Penal Internacional, instituído pelo Estatuto de Roma, é um órgão permanente e independente destinado ao julgamento e punição de indivíduos pelos crimes sob sua jurisdição.;CERTO
A Corte Europeia de Direitos Humanos foi criada pelo Estatuto de Roma para julgar indivíduos acusados de crimes contra a humanidade.;ERRADO
Toda pessoa condenada à morte tem direito de solicitar anistia, indulto ou comutação da pena, e enquanto o pedido estiver pendente a pena não pode ser executada.;CERTO
A pena de morte pode ser aplicada a delitos políticos ou a delitos comuns conexos com delitos políticos.;ERRADO
Um Estado que tenha abolido a pena de morte pode restabelecê-la posteriormente para crimes especialmente graves.;ERRADO
Toda pessoa acusada de delito tem direito à presunção de inocência e a não ser obrigada a depor contra si mesma ou a confessar-se culpada.;CERTO
A confissão do acusado somente é válida se realizada sem coação, e o acusado absolvido por sentença transitada em julgado não poderá ser submetido a novo processo pelos mesmos fatos.;CERTO
Processados e menores devem permanecer separados dos condenados e dos adultos, respectivamente, recebendo tratamento adequado à sua condição.;CERTO
O CONARE é órgão de deliberação coletiva, no âmbito do Ministério da Justiça, competente para analisar pedidos e declarar, em primeira instância, o reconhecimento da condição de refugiado.;CERTO
A decisão que reconhece a condição de refugiado é ato constitutivo e deve ser devidamente fundamentada.;ERRADO
O ACNUR é membro convidado das reuniões do CONARE, com direito a voz e sem direito a voto.;CERTO
Em nenhuma hipótese poderá ser deportado o estrangeiro para território onde sua vida ou liberdade esteja ameaçada em razão de raça, religião, nacionalidade, grupo social ou opinião política.;CERTO
O ingresso irregular no território brasileiro impede o estrangeiro de solicitar reconhecimento da condição de refugiado.;ERRADO
A Corte Interamericana de Direitos Humanos possui competência para determinar o alcance de sua própria competência, segundo o princípio da compétence de la compétence.;CERTO
As sentenças da Corte Interamericana de Direitos Humanos precisam ser homologadas pelo STJ para serem executadas no Brasil.;ERRADO
Somente os Estados-partes da Convenção Americana sobre Direitos Humanos e a Comissão Interamericana de Direitos Humanos podem submeter casos à Corte Interamericana de Direitos Humanos.;CERTO
A Constituição brasileira veda a jurisdição de instâncias internacionais em matéria de direitos humanos, apesar de o Brasil ser signatário de diversos instrumentos internacionais.;ERRADO
A ratificação dos Pactos Internacionais de Direitos Civis e Políticos e de Direitos Econômicos, Sociais e Culturais, ambos de 1966, juntamente com os protocolos facultativos pertinentes, contribuiu para conferir caráter de hard law à proteção internacional dos direitos humanos.;CERTO
A Segunda Guerra Mundial motivou o questionamento do papel dos Estados na proteção do ser humano e foi determinante para alterações de textos constitucionais no período pós-guerra.;CERTO
O ACNUR tem como função assegurar proteção internacional aos refugiados e auxiliar os governos no repatriamento voluntário ou na integração dos refugiados em novos locais, e o princípio do non-refoulement impede que o refugiado seja forçado a retornar a local onde sua vida ou liberdade estejam ameaçadas.;CERTO
É inadmissível que a ONU ainda não disponha de órgão especializado para tratar das questões relativas aos refugiados.;ERRADO
Se não houver solução amistosa e o Estado não atender às exigências da Comissão Interamericana de Direitos Humanos, a Comissão poderá elaborar um segundo informe ou enviar o caso à Corte Interamericana de Direitos Humanos.;CERTO
A Convenção sobre os Direitos da Criança não foi ratificada pelo Brasil, embora tenha servido de orientação para a elaboração do Estatuto da Criança e do Adolescente.;ERRADO
A definição de refugiado da Convenção de 1951 deixa de ser aplicável quando a pessoa perde sua nacionalidade e a recupera por alteração na ordem jurídica do país que abandonou, ainda que essa recuperação ocorra involuntariamente.;ERRADO
Um dos aspectos dramáticos das migrações contemporâneas é o contrabando de migrantes, que envolve a obtenção de recursos financeiros para o ingresso ilegal de um estrangeiro em determinado país.;CERTO
Segundo a Declaração Universal dos Direitos Humanos, toda pessoa vítima de perseguição tem o direito de procurar e gozar asilo em outros países, de modo que a condição de refugiado está relacionada a graves situações de perseguição e violação de direitos humanos.;CERTO
Com exceção da Alemanha, os demais países da União Europeia foram ágeis na recepção dos imigrantes refugiados e ofereceram abrigo, alimentação e documentação regularizada.;ERRADO
De acordo com a legislação brasileira, não pode ser considerado refugiado o indivíduo que, por fundados temores de perseguição por motivos de opiniões políticas, esteja fora de seu país de nacionalidade e não queira acolher-se à proteção desse país.;ERRADO
Embora assegure diversas garantias de defesa, a Declaração Universal dos Direitos Humanos não garante expressamente a presunção de inocência até que a culpabilidade seja comprovada.;ERRADO
Segundo a jurisprudência do STF, os tratados internacionais de direitos humanos ratificados pelo Brasil antes da EC nº 45/2004 não possuem, em regra, natureza constitucional.;CERTO
A Declaração Universal dos Direitos Humanos deixou de conceituar expressamente o princípio da dignidade humana, permitindo que seu significado tivesse maior amplitude.;CERTO
. É cada vez mais difícil explicar a definição dos interesses brasileiros referentes à política da Aids no plano internacional apenas pela presença de lideranças carismáticas ou pelo monopólio de uma agência.;CERTO
I. A posição internacional brasileira em relação à política para Aids passou a afetar mais diretamente uma parcela significativa da população, ampliando o interesse dos cidadãos pelas decisões governamentais e a demanda por transparência nos processos decisórios de política externa.;CERTO
II. O maior interesse da população e a demanda por transparência decorrentes do impacto da política para Aids sobre a sociedade justificam a dificuldade de explicar a política externa brasileira apenas pela atuação de lideranças carismáticas ou de uma única agência.;CERTO
. A liberdade de expressão, inclusive nos ambientes virtuais, é responsabilidade exclusiva dos Estados, não havendo qualquer responsabilidade das empresas privadas do setor.;ERRADO
. O PIDCP e o PIDESC recomendam que países de baixo desenvolvimento econômico priorizem direitos sociais e econômicos em detrimento das liberdades individuais.;ERRADO
. A preservação de tradições e práticas culturais de minorias é incompatível com a universalidade dos direitos humanos.;ERRADO
. Indígenas latino-americanos que migrem para o Brasil em razão de graves violações de direitos humanos em seu país de origem não podem ser considerados refugiados pelos tratados internacionais e pela legislação brasileira.;ERRADO
. Ninguém poderá ser objeto de ingerências arbitrárias ou ilegais em sua vida privada, em sua família, em seu domicílio ou em sua correspondência, conforme o PIDCP.;CERTO
. O sistema interamericano possui uma Comissão e uma Corte para tratar do cumprimento dos compromissos assumidos pelos Estados na Convenção Americana, enquanto o sistema europeu possui um Tribunal Europeu dos Direitos do Homem e não possui uma Comissão com as mesmas funções da Comissão Interamericana.;CERTO
. Entre as justificativas apresentadas pelo governo brasileiro para a saída do Pacto Global para Migração estava a ideia de que a imigração deveria ser tratada de acordo com a realidade e a soberania de cada país, e não como uma questão global.;CERTO
. O governo brasileiro justificou a saída do Pacto Global para Migração pela necessidade de alinhar o Brasil às grandes potências econômicas mundiais que também haviam se retirado do Pacto.;ERRADO
. O governo brasileiro justificou a saída do Pacto Global para Migração afirmando que o Brasil não era um país com forte atração de imigrantes.;ERRADO
. As pessoas naturais que violam direitos humanos continuam a gozar da proteção prevista nas normas de direitos humanos.;CERTO
. O Estado somente pode ser responsabilizado por violações de direitos humanos reconhecidos na Convenção Americana quando a violação for praticada diretamente por seus agentes.;ERRADO
. Todos os direitos humanos foram afirmados em um único momento histórico.;ERRADO
. Conforme a forma de internalização, os tratados internacionais de direitos humanos podem receber status constitucional ou legal no ordenamento brasileiro.;ERRADO
. A atribuição de status constitucional aos tratados internacionais de direitos humanos depende de sua aprovação por três quintos dos membros de cada Casa do Congresso Nacional, em dois turnos.;CERTO
. Em situações excepcionais que ameacem a existência da nação e sejam oficialmente proclamadas, os Estados-partes do PIDCP podem suspender determinadas obrigações, na estrita medida exigida pela situação e sem discriminação por raça, cor, sexo, língua, religião ou origem social.;CERTO
. A Declaração Universal dos Direitos Humanos, de 1948, é, do ponto de vista técnico-formal, uma resolução juridicamente não vinculante, com caráter de recomendação.;CERTO
. O relevante número de imigrantes latino-americanos que entram ilegalmente no Brasil relaciona-se à porosidade das fronteiras brasileiras e à proximidade geográfica dos países de origem desses imigrantes.;CERTO
. Os conflitos étnicos e religiosos, decorrentes principalmente do crescimento contemporâneo do fundamentalismo, constituem a principal causa das migrações internacionais de maior volume.;ERRADO
. A política europeia contemporânea de condução das migrações socioeconômicas pelo mar Mediterrâneo ainda reflete concepções originadas no colonialismo e no neocolonialismo europeus.;CERTO
. O Brasil é atualmente o país de maior destaque na rota de imigrantes ilegais do continente americano.;ERRADO
. Os direitos humanos e os direitos fundamentais visam à proteção e à promoção da dignidade da pessoa humana, sendo os direitos humanos consagrados no plano internacional e os direitos fundamentais no plano interno, especialmente na Constituição Federal.;CERTO
. Os direitos humanos são divididos em gerações, sendo a primeira geração afirmada a partir das ideias iluministas e liberais dos séculos XVIII e XIX.;CERTO
. O Pacto de San José da Costa Rica, elaborado após a criação da Organização dos Estados Americanos, constitui instrumento de proteção dos direitos humanos no âmbito interamericano.;CERTO
. Os direitos econômicos, sociais e culturais previstos nas normas internacionais são considerados direitos humanos de terceira geração.;ERRADO
. Todos os tratados internacionais de direitos humanos pactuados pelo Brasil possuem automaticamente status equivalente ao de normas constitucionais.;ERRADO
. No caso Velásquez Rodríguez, a Corte Interamericana afirmou que os Estados-partes devem prevenir, investigar e punir violações dos direitos reconhecidos pela Convenção Americana, bem como procurar restabelecer o direito violado e reparar os danos produzidos.;CERTO
. Segundo a Declaração e Programa de Ação de Viena, os direitos humanos são indivisíveis, interdependentes e inter-relacionados, devendo a comunidade internacional considerá-los em pé de igualdade.;CERTO
. A Declaração Universal dos Direitos Humanos, de 1948, foi o primeiro documento normativo de alcance global sobre direitos humanos.;CERTO
. Ainda antes de Cristo, foram desenvolvidos fundamentos intelectuais da igualdade essencial entre os seres humanos e da existência de direitos universais.;CERTO
. Foi somente no período posterior à Segunda Guerra Mundial que os direitos humanos foram positivados pela primeira vez na história.;ERRADO
. A equiparação dos tratados internacionais de direitos humanos às emendas constitucionais depende de aprovação por maioria simples dos membros de cada Casa do Congresso Nacional, em turno único.;ERRADO
. A Convenção Internacional sobre os Direitos das Pessoas com Deficiência possui status supraconstitucional no ordenamento jurídico brasileiro.;ERRADO
. A Declaração Universal dos Direitos Humanos destacou a dignidade da pessoa humana como ponto de convergência da ética universal e fundamento valorativo do sistema protetivo global dos direitos humanos.;CERTO
. O Brasil tornou-se rota de refúgio por oferecer vagas de emprego e carteira assinada aos refugiados.;ERRADO
I. O Alto Comissariado das Nações Unidas para Refugiados (ACNUR) é um dos órgãos responsáveis por promover ações de recepção e análise dos pedidos de refúgio no mundo.;CERTO
II. O CONARE possui discricionariedade absoluta para indeferir pedidos de refúgio por razões de interesse nacional, mesmo quando o requerente preenche todos os requisitos legais.;ERRADO
. A Comissão Interamericana de Direitos Humanos poderá solicitar ao Estado brasileiro a adoção de medidas cautelares para prevenir danos irreparáveis às pessoas vítimas de violações de direitos humanos.;CERTO
. Segundo a Declaração Universal dos Direitos Humanos, todo ser humano, vítima de perseguição de qualquer tipo, tem o direito de procurar e de gozar asilo em outros países.;ERRADO
I. Segundo a Declaração Universal dos Direitos Humanos, todo ser humano tem direito a uma nacionalidade, e ninguém será arbitrariamente privado de sua nacionalidade nem do direito de mudar de nacionalidade.;CERTO
II. Segundo a Declaração Universal dos Direitos Humanos, a família é o núcleo natural e fundamental da sociedade e tem direito à proteção da sociedade e do Estado.;CERTO
. A Declaração Universal dos Direitos Humanos estabelece que todo ser humano tem direito ao trabalho, à livre escolha de emprego, a condições justas e favoráveis de trabalho e à proteção contra o desemprego.;CERTO
I. A Declaração Universal dos Direitos Humanos estabelece que todo ser humano, sem qualquer distinção, tem direito a igual remuneração por igual trabalho.;CERTO
II. A Declaração Universal dos Direitos Humanos estabelece que todo ser humano tem direito a repouso e lazer, incluindo limitação das horas de trabalho, férias e descanso semanal remunerado.;CERTO
V. A Declaração Universal dos Direitos Humanos estabelece que todo ser humano que trabalha tem direito a remuneração justa e satisfatória que assegure, a si e à sua família, uma existência compatível com a dignidade humana, acrescida, se necessário, de outros meios de proteção social.;CERTO
. O Tratado de Marraquexe, aprovado em cada Casa do Congresso Nacional em dois turnos, por três quintos dos votos dos respectivos membros, possui status de norma constitucional no ordenamento jurídico brasileiro.;CERTO
. Segundo a Declaração Universal dos Direitos Humanos, todo indivíduo tem direito à liberdade de opinião e de expressão, incluindo o direito de não ser inquietado por suas opiniões e de procurar, receber e difundir informações e ideias sem consideração de fronteiras.;CERTO
. A legalidade do uso da força entre Estados é uma questão de jus ad bellum, mas é irrelevante para a aplicabilidade do Direito Internacional Humanitário às operações, inclusive às operações ilegais realizadas por forças nacionais ou multinacionais.;CERTO
I. O Direito Internacional Humanitário, também denominado jus in bello ou jus contra bellum, regula o uso da força entre Estados, tendo seus princípios básicos definidos na Carta da ONU e no direito consuetudinário correspondente.;ERRADO
II. O jus in bello estabelece padrões mínimos de humanidade aplicáveis a qualquer conflito armado, internacional ou não, enquanto o jus ad bellum regula a legitimidade do uso da força por uma missão confiada a forças nacionais ou multinacionais.;CERTO
. A Convenção Interamericana contra o Racismo, a Discriminação Racial e Formas Correlatas de Intolerância, aprovada conforme o procedimento do art. 5º, § 3º, da Constituição Federal, possui status equivalente ao de emenda constitucional.;CERTO
. No caso Trabalhadores da Fazenda Brasil Verde versus Brasil, a Corte Interamericana de Direitos Humanos estabeleceu um conceito de escravidão baseado no estado ou condição do indivíduo, independentemente da existência de documentação formal que vincule a propriedade de uma pessoa a outra.;CERTO
. Segundo a Convenção Relativa ao Estatuto dos Refugiados, os refugiados têm direito ao mesmo tratamento assegurado aos nacionais no que concerne ao acesso aos tribunais, inclusive à assistência judiciária.;CERTO
. A Carta de Ottawa foi o documento da Organização Mundial da Saúde que definiu o conceito e as principais diretrizes da promoção da saúde.;CERTO
. O controle do comércio ilícito de produtos de tabaco é uma medida de controle da oferta prevista pela Convenção-Quadro para o Controle do Tabaco.;CERTO
. Entre os objetivos da Agenda 2030 estão acabar com a pobreza em todas as suas formas, em todos os lugares, alcançar a igualdade de gênero e empoderar todas as mulheres e meninas.;CERTO
I. A Agenda 2030 possui, entre seus 17 Objetivos de Desenvolvimento Sustentável, o objetivo específico de eliminar todas as formas de discriminação racial.;ERRADO
II. Entre os objetivos da Agenda 2030 estão tornar as cidades e os assentamentos humanos inclusivos, seguros, resilientes e sustentáveis, bem como assegurar uma vida saudável e promover o bem-estar para todos, em todas as idades.;CERTO
. A efetiva internacionalização dos direitos humanos somente ocorreu com a aprovação da Declaração Universal dos Direitos Humanos, em 1948, que constituiu o marco inicial dessa nova fase histórica.;ERRADO
. A historicidade dos direitos humanos significa concebê-los como direitos naturais decorrentes da própria natureza das coisas e emanados de uma autoridade superior em determinado momento histórico.;ERRADO
. Os direitos fundamentais possuem eficácia horizontal nas relações privadas, mas ainda existem dúvidas quanto à sua aplicabilidade por falta de previsão expressa na Constituição Federal de 1988.;ERRADO
. Os direitos humanos não são absolutos e podem sofrer limitações quando entram em conflito com outros direitos, podendo ser relativizados conforme as circunstâncias.;CERTO
. Os direitos humanos são interdependentes, porque um direito complementa e se relaciona com os demais direitos humanos.;CERTO
. A Declaração Universal dos Direitos Humanos apresenta ideais e princípios que orientam instrumentos internacionais posteriores e inspiram Constituições e normas infraconstitucionais de diversos Estados.;CERTO
. A Convenção Internacional sobre os Direitos das Pessoas com Deficiência e seu Protocolo Facultativo foram incorporados ao direito brasileiro com status equivalente ao de emenda constitucional.;CERTO
. Segundo os Princípios de Yogyakarta, nenhuma pessoa deve ser submetida a pressões para esconder, reprimir ou negar sua orientação sexual ou identidade de gênero, salvo quando essas pressões forem realizadas por seus próprios pais.;ERRADO
I. Os Princípios de Yogyakarta estabelecem que os Estados devem revogar leis que criminalizem a atividade sexual consensual entre pessoas do mesmo sexo que tenham atingido a idade do consentimento e, até a revogação, não devem impor pena de morte por esses crimes.;CERTO
II. Os Princípios de Yogyakarta não fazem referência a crianças e adolescentes, pois existe tratado específico destinado às pessoas menores de 18 anos.;ERRADO
. O posicionamento mais recente do STJ é de que a Lei Maria da Penha não se aplica aos casos de violência doméstica e familiar contra mulheres transgêneros.;ERRADO
I. A Corte Interamericana de Direitos Humanos ainda não condenou nenhum Estado especificamente por violência obstétrica, mas a Comissão Interamericana apresentou perante a Corte o caso Luiza Melinho, que envolve, entre outros aspectos, a apuração de violência obstétrica.;CERTO
II. De acordo com a Corte Interamericana de Direitos Humanos, em crimes violentos contra mulheres deve ser considerada, na investigação, a possível influência do machismo estrutural e da vulnerabilidade da mulher.;CERTO
. A Convenção sobre os Direitos das Pessoas com Deficiência reconhece que mulheres e meninas com deficiência estão sujeitas a múltiplas formas de discriminação e determina a adoção de medidas para assegurar o pleno e igual exercício de seus direitos humanos e liberdades fundamentais.;CERTO
I. A Convenção sobre os Direitos das Pessoas com Deficiência determina que crianças com deficiência tenham o direito de expressar livremente sua opinião sobre assuntos que lhes digam respeito, com sua opinião devidamente considerada de acordo com idade e maturidade.;CERTO
II. A Convenção sobre os Direitos das Pessoas com Deficiência determina que toda pessoa com deficiência privada de liberdade receba, a cada seis meses, atendimento médico especializado.;ERRADO
. No Brasil, a Convenção para a Prevenção e a Repressão do Crime de Genocídio foi aprovada por decreto legislativo, mas ainda não foi promulgada.;ERRADO
I. Segundo a Convenção para a Prevenção e a Repressão do Crime de Genocídio, pessoas que cometerem genocídio serão punidas, exceto governantes, que possuem foro especial.;ERRADO
II. O genocídio não será considerado crime político para fins de extradição, devendo as partes contratantes comprometer-se a conceder a extradição de acordo com sua legislação e os tratados vigentes.;CERTO
. Irene Ximenes Lopes Miranda poderia ter apresentado diretamente à Corte Interamericana de Direitos Humanos a petição contra o Brasil, sem passar pela Comissão Interamericana.;ERRADO
I. O caso Ximenes Lopes foi o primeiro caso envolvendo pessoa com deficiência julgado pela Corte Interamericana e demonstrou que o Brasil pode ser responsabilizado internacionalmente por atos de entes federados ou do Poder Judiciário.;CERTO
II. A sentença do caso Ximenes Lopes determinou que o Estado brasileiro elaborasse uma política antimanicomial.;ERRADO
. Ao ratificar um tratado internacional, o Presidente da República não pode formular reservas.;ERRADO
. As desigualdades de gênero constituem uma condição social que impacta a segurança alimentar, sendo a insegurança alimentar mais evidente em domicílios nos quais uma mulher é a pessoa de referência ou responsável pela família.;CERTO
I. O direito a um nível adequado de vida, incluindo alimentação, vestimenta e moradia, está entre os direitos garantidos pelo PIDESC.;CERTO
II. A Declaração Universal dos Direitos Humanos reconhece o direito a um padrão de vida capaz de assegurar saúde e bem-estar, incluindo alimentação, constituindo importante marco para o reconhecimento do direito à alimentação.;CERTO
. Configura crime de genocídio a adoção de medidas destinadas a impedir nascimentos no seio de grupo nacional, étnico, racial ou religioso, com a intenção de destruí-lo, no todo ou em parte.;CERTO
I. O genocídio não será considerado crime político para efeitos de extradição.;CERTO
II. Configura crime de genocídio a submissão culposa de grupo nacional, étnico, racial ou religioso a condições de existência capazes de ocasionar sua destruição física total ou parcial.;ERRADO
. O Art. 3º, comum às quatro Convenções de Genebra de 1949, também se aplica a conflitos armados sem caráter internacional que ocorram no território de um Estado-parte.;CERTO
. O Brasil ratificou o Protocolo Facultativo ao PIDESC, que prevê a possibilidade de apresentação de denúncias individuais ao Comitê de Direitos Econômicos, Sociais e Culturais.;ERRADO
. O direito de participar do progresso científico e de seus benefícios é expressamente consagrado na Declaração Universal dos Direitos Humanos.;CERTO
. Os direitos humanos de primeira geração estão associados a um contexto de maior intervenção do Estado para reduzir desigualdades sociais.;ERRADO
. A primeira fase de internacionalização da proteção dos direitos humanos foi marcada pelo direito humanitário, pela luta contra a escravidão e pela regulamentação internacional dos direitos dos trabalhadores assalariados.;CERTO
. O conjunto de normas que estabelece os direitos e deveres dos beligerantes na condução das operações militares e limita os meios empregados para causar danos ao inimigo corresponde ao Direito de Haia.;CERTO
. Ao longo da história, a humanidade formulou e consolidou princípios e valores relacionados aos direitos humanos, incluindo liberdade, justiça, igualdade e dignidade.;CERTO
. O direito à participação popular é um direito de primeira geração, enquanto o direito à saúde é um direito de segunda geração.;CERTO
. A Corte Interamericana de Direitos Humanos tem competência para determinar, quando reconhece uma violação, que seja assegurado ao prejudicado o gozo do direito ou liberdade violados e, quando cabível, que sejam reparadas as consequências da violação e paga indenização justa à parte lesada.;CERTO
. A historicidade dos direitos humanos significa concebê-los como direitos naturais decorrentes da própria natureza das coisas e emanados de autoridade superior em determinado momento histórico.;ERRADO
. Segundo a Declaração Universal dos Direitos Humanos, o objetivo primordial dos direitos e liberdades nela proclamados é proteger a dignidade humana e promover o desenvolvimento da personalidade de cada indivíduo.;CERTO
. Os tratados internacionais sobre direitos humanos não se subordinam à autoridade normativa da Constituição Federal, pois possuem natureza supraconstitucional.;ERRADO
. A imprescritibilidade do dano ambiental está relacionada à importância do meio ambiente como direito humano fundamental de terceira geração.;CERTO
. O direito à participação popular é um direito de primeira geração, enquanto o direito à saúde é um direito de segunda geração.;CERTO
. Ao longo da história, a humanidade formulou e consolidou princípios e valores relacionados aos direitos humanos, incluindo liberdade, justiça, igualdade e dignidade.;CERTO
. O direito de participar do progresso científico e de seus benefícios é expressamente consagrado na Declaração Universal dos Direitos Humanos.;CERTO
. Os direitos humanos de primeira geração estão inseridos em um contexto de maior intervenção do Estado, com o objetivo de atenuar as diferenças sociais.;ERRADO
. A primeira fase de internacionalização da proteção dos direitos humanos foi marcada pelo direito humanitário, pela luta contra a escravidão e pela regulação dos direitos dos trabalhadores assalariados.;CERTO
. De acordo com a legislação brasileira, o cidadão estrangeiro que ingressar irregularmente no Brasil poderá ter sua condição de refugiado reconhecida se demonstrar que foi obrigado a deixar seu país de nacionalidade em razão de grave e generalizada violação de direitos humanos.;CERTO
. O Brasil, como Estado-membro da Organização dos Estados Americanos, tem o dever de respeitar e garantir os direitos dos trabalhadores migrantes indocumentados, independentemente de sua nacionalidade, em observância aos princípios da igualdade e da não discriminação.;CERTO
. Os Estados signatários da Convenção Americana sobre Direitos Humanos têm o dever não apenas de obedecer às disposições da Convenção, mas também de adotar medidas internas, legislativas e de outras espécies, necessárias à sua plena observância.;CERTO
. A proteção aos direitos humanos prevista na Convenção Americana sobre Direitos Humanos possui natureza complementar à proteção oferecida pelas normas internas dos Estados.;CERTO
. O juiz que for nacional de algum dos Estados-partes em uma controvérsia submetida à Corte Interamericana de Direitos Humanos deverá conservar seu direito de conhecer o respectivo processo.;ERRADO
. Em situação de grave crise humanitária, um Estado-parte da Convenção Americana pode interpretar suas normas de modo a suprimir o gozo e o exercício dos direitos e liberdades reconhecidos pelo Pacto de São José da Costa Rica.;ERRADO
. Segundo o Pacto de São José da Costa Rica, não se admite o restabelecimento da pena de morte nos Estados que a tenham abolido anteriormente.;CERTO
. Os Estados-membros da OEA podem consultar a Corte Interamericana de Direitos Humanos sobre a interpretação de outros tratados relativos à proteção dos direitos humanos nos Estados americanos.;CERTO
. Qualquer entidade não governamental pode formalizar diretamente perante a Corte Interamericana denúncia sobre violação da Convenção Americana, desde que seja legalmente reconhecida por todos os Estados-membros da OEA.;ERRADO
. A Declaração Universal dos Direitos Humanos possui natureza de tratado internacional e sua força jurídica obrigatória perante os países integrantes da ONU é incontroversa.;ERRADO
. Os direitos de terceira geração resultam da globalização dos direitos humanos e correspondem aos direitos de participação democrática, pluralismo, bioética e limites à manipulação genética.;ERRADO
. A primeira afirmação histórica dos direitos humanos ocorreu concomitantemente à ascensão das ideias socialistas no século XIX.;ERRADO
. O surgimento do Direito Internacional dos Direitos Humanos está relacionado, entre outros fatores, à reorganização da sociedade internacional no pós-Segunda Guerra Mundial, tendo como marco histórico a criação da Organização das Nações Unidas.;CERTO
. Em qualquer hipótese, a possibilidade de denúncia de um tratado internacional de direitos humanos é limitada pelo princípio da vedação ao retrocesso.;ERRADO
. O Brasil pode aderir a tratados internacionais de direitos humanos já existentes, mesmo que não tenha participado de sua fase de negociação.;CERTO
. As obrigações assumidas pelo Brasil em tratados internacionais sobre direitos humanos aprofundam a interpretação e o alcance dos direitos e garantias fundamentais relacionados à vida e à segurança.;CERTO
. Todos os tratados internacionais sobre direitos humanos assinados pelo Brasil possuem estatura supralegal, estando acima das leis nacionais e abaixo da Constituição Federal.;ERRADO
. O reconhecimento da igualdade essencial de todo ser humano na Declaração Universal dos Direitos Humanos representa uma negação da ideia de superioridade de uma etnia ou raça sobre as demais, como a que fundamentou as atrocidades cometidas na Segunda Guerra Mundial.;CERTO
. A liberdade de expressão é um direito fundamental absoluto, não podendo sofrer qualquer limitação.;ERRADO
. Na classificação tradicional dos direitos fundamentais em gerações ou dimensões, a liberdade de expressão é considerada um direito de primeira geração.;CERTO
. Segundo a Declaração Universal dos Direitos Humanos, a liberdade de expressão não protege o indivíduo contra ser inquietado por suas opiniões e não garante o direito de procurar, receber e difundir informações e ideias sem consideração de fronteiras.;ERRADO
. O Pacto de São José da Costa Rica veda a execução da pena de morte enquanto estiver pendente a decisão da autoridade competente sobre pedido relacionado à condenação.;CERTO
. Segundo a Declaração Universal dos Direitos Humanos, todo ser humano tem direito de procurar e gozar asilo em outros países, independentemente das circunstâncias que motivem a perseguição.;ERRADO
. A Comissão Interamericana de Direitos Humanos possui competência para realizar visitas in loco e pode solicitar opiniões consultivas à Corte Interamericana de Direitos Humanos.;CERTO
. A Declaração Universal dos Direitos Humanos prevê a gratuidade da instrução, pelo menos nos graus elementares e fundamentais.;CERTO
. A denúncia de um tratado internacional de direitos humanos não é admitida pelo ordenamento jurídico brasileiro.;ERRADO
. Para que um tratado internacional de direitos humanos internalizado no Brasil alcance status de norma constitucional, basta submetê-lo ao procedimento de votação no Congresso Nacional semelhante ao exigido para aprovação de leis complementares.;ERRADO
. A primeira afirmação histórica dos direitos humanos coincide com a internacionalização desses direitos, materializada pela Declaração Universal dos Direitos Humanos, também denominada Declaração de Paris, no contexto da criação da ONU.;ERRADO
. O atributo da indivisibilidade dos direitos humanos significa que todos eles gozam exatamente da mesma proteção jurídica.;ERRADO
. A eficácia horizontal dos direitos humanos, sob a perspectiva da função de defesa, refere-se à proteção existente nas relações entre Estados soberanos.;ERRADO
. A terceira geração dos direitos humanos compreende direitos de titularidade coletiva, como a paz e o meio ambiente equilibrado, consagrando o princípio da solidariedade.;CERTO
O enfrentamento às mudanças climáticas e o reconhecimento da Convenção-Quadro das Nações Unidas sobre Mudança do Clima (UNFCCC) como fórum internacional intergovernamental primário para negociar a resposta global à mudança do clima é um dos ODS da Agenda 2030 da ONU.;ERRADO
O direito ao meio ambiente equilibrado está previsto na ordem internacional desde a Declaração Universal dos Direitos Humanos.;ERRADO
O direito ao meio ambiente é um direito fundamental de terceira geração ou dimensão.;CERTO
O direito à liberdade religiosa é um direito humano, mas ainda não é considerado um direito fundamental.;ERRADO
A DUDH rechaça todas as formas de escravidão, porém é silente quanto ao tráfico de pessoas escravizadas, o que se justifica pelo momento histórico de sua edição.;ERRADO
As chamadas gerações ou dimensões dos direitos fundamentais sucedem-se, ao longo do tempo, de modo substitutivo.;ERRADO
São características dos direitos fundamentais a historicidade, a imprescritibilidade e a relatividade.;CERTO
A DUDH assegura a todo ser humano o direito a uma nacionalidade e veda a sua supressão arbitrária.;CERTO
Os objetivos e metas de desenvolvimento sustentável previstos na Agenda 2030 da ONU são integrados e indivisíveis, de natureza global e levam em consideração as distintas realidades, capacidades e níveis de desenvolvimento nacionais.;CERTO
Entre as características dos direitos fundamentais citam-se o seu caráter absoluto, bem como a expansividade e a universalidade.;ERRADO
A Declaração Universal dos Direitos do Homem e do Cidadão contempla direitos de primeira e de terceira geração, mas não trata de direitos de segunda geração.;ERRADO
As revoluções liberais inglesa, americana e francesa, e suas respectivas declarações de direitos constituem importantes marcos históricos de afirmação dos direitos humanos.;CERTO
Os Estados-partes da Convenção Relativa ao Estatuto dos Refugiados devem conferir aos refugiados que residam regularmente em seu território tratamento tão favorável quanto possível, e não menos favorável do que é dado aos estrangeiros em geral, no que diz respeito ao exercício de profissões liberais por aqueles refugiados que assim o desejarem e que possuam diploma devidamente reconhecido pelo Estado-parte.;CERTO
O STF consolidou o entendimento de que os tratados e as convenções referentes a direitos humanos e subscritos pelo Brasil sem seguir o rito constitucionalmente determinado são considerados normas supralegais, de maneira a assegurar a supremacia da Constituição e, ao mesmo tempo, reconhecer a importância dos direitos humanos no ordenamento jurídico.;CERTO
Os Estados-partes da Convenção sobre a Eliminação de Todas as Formas de Discriminação contra a Mulher comprometem-se a garantir que nem o casamento com um estrangeiro nem a mudança de nacionalidade do marido durante o casamento modifiquem automaticamente a nacionalidade da esposa, convertam-na em apátrida ou a obriguem a adotar a nacionalidade do cônjuge.;CERTO
O duplo grau de jurisdição é um direito reconhecido pela Convenção Americana de Direitos Humanos, a qual foi incorporada ao direito brasileiro.;CERTO
Devido ao princípio da subsidiariedade, para que uma pessoa possa apresentar diretamente à Comissão Interamericana de Direitos Humanos petição com denúncia ou queixa acerca de violação da Convenção Americana de Direitos Humanos por Estado-membro da OEA, é preciso que tenha havido o esgotamento de todos os recursos na jurisdição interna, não bastando a simples mora do Estado-parte no julgamento de tais recursos, ainda que injustificada.;ERRADO
Os Estados-partes da Convenção contra a Tortura devem incluir os atos de tortura como crimes extraditáveis em todos os tratados de extradição que vierem a concluir entre si.;CERTO
A Convenção Relativa ao Estatuto dos Refugiados veda aos Estados contratantes, em qualquer circunstância, a expulsão de refugiados.;ERRADO
Os Estados-partes da Convenção sobre a Eliminação de Todas as Formas de Discriminação contra a Mulher devem conceder às mulheres prioridades no que diz respeito a direitos e responsabilidades referentes a tutela, curatela, guarda e adoção dos filhos, ou institutos análogos.;ERRADO
De acordo com a Convenção Relativa ao Estatuto dos Refugiados, os Estados contratantes não devem impor aos refugiados despesas fiscais, a exemplo de taxas e impostos.;ERRADO
A adesão à Convenção Relativa ao Estatuto dos Refugiados impõe ao Estado contratante a obrigação de conceder aos refugiados o mesmo tratamento concedido aos nacionais no que se refere ao ensino primário.;CERTO
Os Estados-partes da Convenção sobre a Eliminação de Todas as Formas de Discriminação Racial devem assegurar a qualquer pessoa que estiver sob sua jurisdição o direito de pleitear, perante os tribunais nacionais, reparação justa e adequada por qualquer dano de que tenha sido vítima em decorrência de tal discriminação.;CERTO
Os Estados-partes das convenções referentes à tortura e ao desaparecimento forçado são impedidos de promover a expulsão, devolução ou extradição de pessoa a Estado onde haja risco de ela ser vítima de desaparecimento forçado ou submetida a tortura.;CERTO
O genocídio não pode ser considerado crime político para efeitos de extradição.;CERTO
A concessão de asilo político constitui princípio que rege as relações internacionais da República Federativa do Brasil.;CERTO
Como princípio constitucional que rege as relações internacionais brasileiras, não será concedida a extradição de estrangeiros por crime político ou de opinião.;CERTO
Ao interpretar a Convenção Americana sobre Direitos Humanos, a Corte IDH reconhece a possibilidade de serem adotados critérios para distinção de tratamento entre determinados grupos de indivíduos. As distinções constituem diferenças compatíveis com a Convenção Americana por serem razoáveis e objetivas, enquanto as discriminações constituem diferenças arbitrárias que prejudicam os direitos humanos.;CERTO
As Regras de Mandela e as Regras de Bangkok são conjuntos de regras da Organização das Nações Unidas, sem caráter obrigatório, que fornecem padrões e princípios para o tratamento de pessoas privadas de liberdade.;CERTO
Os textos sobre a emigração brasileira para Portugal apontam para a coexistência de múltiplos fatores — políticos, econômicos e subjetivos — na decisão migratória, problematizando tanto os modelos clássicos quanto as visões que romantizam o “estilo de vida”.;CERTO
