De que organização internacional o Brasil não era membro pleno em 1997? A) OMC B) OCDE C) OIT D) OEA E) OMS;CERTO
A Crise de 1929 geraria gradual mudança na forma de se conceber o liberalismo desenfreado do período anterior.;CERTO
Em 1944, representantes de 44 países, entre os quais o Brasil, reuniram-se em Bretton Woods com o objetivo de criar mecanismos que livrassem o mundo de crises globais, como a Grande Depressão dos anos 1930.;CERTO
O sistema de Bretton Woods funcionou sem maiores atropelos nos anos 1950, mas, na década de 1960, passou a ser fortemente pressionado, sobretudo pelos déficits externos dos EUA, processo acelerado pelas despesas com a Guerra do Vietnã.;CERTO
Em 1973, os países árabes quintuplicaram o preço do barril de petróleo, em razão dos efeitos da desvalorização do dólar decidida em 1971 e do apoio norte-americano a Israel.;ERRADO
As duas últimas décadas do século XX assistiram à plena abertura dos mercados, o que exigiu o fim de instâncias reguladoras do comércio, como o GATT.;ERRADO
As práticas intervencionistas adotadas durante a Grande Depressão foram implementadas pela maioria dos países, mas os EUA constituíram exceção, pois o New Deal não alterou os princípios liberais da economia norte-americana.;ERRADO
Bretton Woods, Dumbarton Oaks, Ialta, Potsdam e São Francisco foram importantes reuniões da etapa final da Segunda Guerra Mundial, nas quais foram definidos aspectos fundamentais da ordem econômica e política do pós-guerra.;CERTO
Após o fim da Segunda Guerra Mundial, a Conferência de Bretton Woods criou o Banco Internacional de Reconstrução e Desenvolvimento (Banco Mundial) e o Fundo Monetário Internacional (FMI).;CERTO
Os principais objetivos do FMI eram impedir a conversibilidade das moedas e restringir as facilidades de câmbio, instrumentos necessários ao equilíbrio das finanças mundiais.;ERRADO
O fracasso do sistema financeiro criado em Bretton Woods decorreu de seu conservadorismo e pouca criatividade, responsáveis pelo fechamento crescente da economia mundial após 1945.;ERRADO
O Estado de bem-estar social seguiu um modelo universal, sendo a versão alemã a de maior êxito e visibilidade internacional.;ERRADO
Entre os elementos cruciais ao desenvolvimento do Estado de bem-estar estavam a responsabilidade social da produção capitalista, a proteção dos mais fracos e o acesso dos trabalhadores à educação pública, moradia e saúde.;CERTO
O Estado de bem-estar sofreu corrosão do consenso que sustentava sua viabilidade política em países como a Inglaterra após a Segunda Guerra Mundial, em razão das críticas liberais.;CERTO
Na ideia de Estado de bem-estar, a ordem econômica encontra-se subordinada à forma política do Estado, estabelecendo-se hierarquia entre economia e política.;CERTO
A criação do Fórum para Estabilidade Financeira no G7, a Convenção da Basileia II e a criação do Comitê sobre Sistema Financeiro Global no BIS foram iniciativas de fortalecimento do sistema financeiro internacional.;CERTO
O Banco de Compensações Internacionais orientou os bancos centrais a adotarem controles de entrada de capitais para evitar a volatilidade e os impactos negativos dos fluxos de capitais de curto prazo.;ERRADO
O Comitê da Basileia introduziu parâmetros para avaliação e gerenciamento de riscos de mercado e riscos operacionais, buscando fortalecer a estabilidade financeira internacional.;CERTO
Rígidos controles cambiais para conter oscilações do dólar e do euro fazem parte das prescrições do FMI e do Comitê da Basileia para enfrentar crises financeiras.;ERRADO
O FMI possui processo decisório concentrado nos países que detêm maior número de quotas, gerando desequilíbrio entre a representação desses países e a dos países em desenvolvimento.;CERTO
A crise econômica internacional de 2008 foi também considerada uma crise de paradigmas, especialmente da ideia de que os mercados poderiam autorregular-se e recuperar o equilíbrio automaticamente, sem intervenção estatal.;CERTO
As instituições de Bretton Woods não conseguiram propor soluções concretas na Cúpula do G20 realizada em Londres em 2009.;ERRADO
Durante a crise de 2008, o Brasil defendeu créditos para o desenvolvimento, maior regulação financeira, políticas anticíclicas e combate aos paraísos fiscais.;CERTO
Apesar de discordar da resistência dos países ricos em reformar o FMI e o Banco Mundial, o Brasil comprou títulos emitidos pelo FMI em 2009.;CERTO
O Sistema de Bretton Woods, baseado na paridade do dólar com o ouro, perdurou até a Primeira Guerra do Golfo, no início dos anos 1990.;ERRADO
Em resposta ao Plano Marshall, a URSS criou o COMECON em 1949, inicialmente voltado à Europa Oriental e posteriormente estendido a países como Mongólia, Cuba e Vietnã.;CERTO
A doutrina keynesiana, ao defender o papel regulador do Estado, a sustentação da demanda e o aumento da produção, renda e emprego, forneceu sustentação ao Estado de bem-estar social.;CERTO
O Plano Marshall foi bem recebido pela URSS porque se destinava ao conjunto da Europa e não apenas a alguns países.;ERRADO
O FMI e o BIRD emanaram da Carta de Havana, enquanto o GATT foi criado pelo Acordo de Bretton Woods de 1944, tendo o Brasil como um dos 23 signatários originais.;ERRADO
A tese da CEPAL em favor da industrialização da América Latina foi seguida, com maior ou menor êxito, pelos países da região.;CERTO
A Grande Depressão contribuiu para o fracasso da ordem econômica clássica e agravou conflitos entre as nações, enquanto a recuperação econômica de países europeus, como a Alemanha nazista, esteve ligada à corrida armamentista.;CERTO
A Crise de 1929 passou ao largo dos países com pouca ou nenhuma industrialização, como grande parte da Ásia e da América Latina.;ERRADO
Em 1933, Roosevelt e Hitler chegaram ao poder e adotaram respostas contundentes à crise, com o New Deal ampliando a presença do Estado na economia dos EUA, embora preservando a democracia.;CERTO
O New Deal concentrou sua atuação nos setores financeiro e industrial e não envolveu a agricultura nem a organização do trabalho.;ERRADO
Os setores econômicos administrados por grupos familiares conservadores foram preservados dos efeitos da Crise de 1929 porque esses grupos não investiam seu capital no mercado de valores.;ERRADO
Após a Primeira Guerra Mundial, as economias dos principais países europeus tornaram-se dependentes do comportamento do dólar norte-americano, afetando suas balanças de pagamentos e o poder de compra interno.;CERTO
Para combater a Crise de 1929, os Estados optaram, de modo geral, pela intervenção econômica, regulando a produção, criando empregos e fortalecendo a regulamentação do sistema financeiro.;CERTO
O Crash de Wall Street de 1929 envolveu uma queda vertiginosa do valor das ações negociadas na Bolsa de Nova York, medida por índices como o Dow Jones.;CERTO
A liberalização do comércio e dos investimentos internacionais preconizada em Bretton Woods inviabilizou a expansão do setor público, fazendo com que o Estado de bem-estar ficasse restrito aos pequenos países nórdicos.;ERRADO
Traçar planos para o FMI, o Banco Mundial e a ordem financeira e monetária do pós-guerra foi um dos principais objetivos da Conferência de Bretton Woods de 1944.;CERTO
Harry Dexter White e John Maynard Keynes destacaram-se em Bretton Woods na formulação de propostas para as relações monetárias internacionais e os investimentos do pós-Segunda Guerra Mundial.;CERTO
A Europa, devastada pela Segunda Guerra Mundial e com sua posição no comércio global profundamente alterada, não possuía condições de realizar sozinha o dispendioso processo de recuperação e reconstrução.;CERTO
O New Deal reduziu as funções do Estado, diminuindo gastos públicos e impostos para estimular a poupança privada e a recuperação econômica.;ERRADO
O New Deal criou subsídios à indústria com a finalidade principal de reduzir a pressão inflacionária e garantir a continuidade do emprego nas linhas de produção.;ERRADO
O Civilian Conservation Corps foi criado para combater o desemprego, empregando trabalhadores em recuperação de parques e obras de infraestrutura.;CERTO
No início do governo Roosevelt, foram priorizados instrumentos destinados a combater a deflação e aliviar a situação da população, especialmente dos mais pobres.;CERTO
O crawling peg caracterizou a fase das minidesvalorizações cambiais no Brasil, com reajustes sistemáticos da taxa de câmbio em intervalos determinados.;CERTO
No crawling band, estabelece-se uma faixa de flutuação cambial cujos piso e teto não podem ser alterados durante todo o período de vigência do sistema.;ERRADO
Ao adotar uma moeda comum com outros países, um Estado abre mão de sua política cambial própria, passando a administração monetária e cambial a ser exercida conjuntamente, como na União Monetária Europeia.;CERTO
O currency board é um regime cambial rígido, utilizado em planos de estabilização como o argentino, caracterizado por forte vinculação da moeda local a uma moeda de referência e restrições à política monetária.;CERTO
O Clube de Paris é uma instituição subordinada ao FMI e o Brasil dele se desfiliou após quitar sua dívida pública externa.;ERRADO
Em Bretton Woods, Keynes propôs um regime de taxas de câmbio flutuantes como mecanismo fundamental para apoiar o crescimento do comércio internacional no pós-guerra.;ERRADO
Em 2009, o G20 comprometeu-se com reformas na governança do FMI e do Banco Mundial, incluindo aumento da participação dos mercados emergentes e países em desenvolvimento nas quotas e no poder de voto.;CERTO
Nas discussões do G20 sobre a crise financeira de 2008, não houve preocupação com a reforma das agências de classificação de risco.;ERRADO
O Brasil é membro pleno da Organização para a Cooperação e o Desenvolvimento Econômico (OCDE)?;ERRADO
A Crise de 1929 gerou uma gradual mudança na forma de conceber o liberalismo desenfreado que predominava no período anterior.;CERTO
Em 1944, representantes de 44 países, entre os quais o Brasil, reuniram-se em Bretton Woods com o objetivo de criar mecanismos que evitassem novas crises globais, como a Grande Depressão.;CERTO
O sistema de Bretton Woods funcionou sem maiores problemas nos anos 1950, mas, na década de 1960, passou a ser fortemente pressionado pelo déficit em conta corrente dos EUA, agravado pelas despesas com a Guerra do Vietnã.;CERTO
A Guerra do Yom Kippur, em 1973, contribuiu para o fim da Era de Ouro, e os países árabes quintuplicaram o preço do petróleo em resposta à desvalorização do dólar e ao apoio norte-americano a Israel.;ERRADO
Nas duas últimas décadas do século XX, ocorreu plena abertura dos mercados e o GATT foi extinto porque deixou de ser necessário diante da mundialização da economia.;ERRADO
Os EUA constituíram uma exceção às práticas intervencionistas adotadas durante a Grande Depressão, pois o New Deal não alterou os princípios liberais da economia norte-americana.;ERRADO
Bretton Woods, Dumbarton Oaks, Ialta, Potsdam e São Francisco foram importantes reuniões da etapa final da Segunda Guerra Mundial, relacionadas à organização da ordem econômica e política do pós-guerra.;CERTO
A Conferência de Bretton Woods criou o Banco Internacional de Reconstrução e Desenvolvimento (BIRD) e o Fundo Monetário Internacional (FMI).;CERTO
O principal objetivo do FMI era impedir a conversibilidade das moedas e restringir as facilidades de câmbio para equilibrar as finanças mundiais.;ERRADO
O sistema financeiro criado em Bretton Woods fracassou por seu conservadorismo e pouca criatividade, provocando sucessivos sobressaltos e crescente fechamento da economia mundial após 1945.;ERRADO
O Estado de bem-estar social seguiu um modelo universal, sendo a versão alemã a de maior êxito e visibilidade internacional.;ERRADO
Entre os elementos fundamentais do desenvolvimento do Estado de bem-estar estavam a responsabilidade social da produção capitalista, a proteção dos mais vulneráveis e o acesso dos trabalhadores à educação, moradia e saúde.;CERTO
As críticas liberais ao Estado de bem-estar como produtor de sociedades acomodadas contribuíram para a corrosão do consenso que sustentava esse modelo em países como a Inglaterra.;CERTO
Na concepção de Estado de bem-estar, a ordem econômica passa a estar subordinada à forma política do Estado, em contraste com a concepção clássica de Adam Smith.;CERTO
A criação do Fórum para Estabilidade Financeira no G7, a Convenção da Basileia II e o Comitê sobre Sistema Financeiro Global do BIS foram iniciativas voltadas ao fortalecimento do sistema financeiro internacional.;CERTO
O Banco de Compensações Internacionais orientou os bancos centrais a controlar a entrada de capitais de curto prazo para reduzir a volatilidade financeira.;ERRADO
O Comitê da Basileia introduziu parâmetros para avaliação e gerenciamento dos riscos de mercado e operacionais, visando fortalecer a estabilidade financeira.;CERTO
O FMI e o Comitê da Basileia recomendam rígidos controles cambiais como principal instrumento para conter oscilações do dólar e do euro durante crises financeiras.;ERRADO
O FMI possui processo decisório concentrado nos países com maior número de quotas, o que gera desequilíbrio na representação entre países desenvolvidos e países em desenvolvimento.;CERTO
A crise financeira internacional de 2008 foi também uma crise de paradigmas, pois questionou a ideia de que os mercados poderiam se autorregular sem intervenção estatal.;CERTO
Na Cúpula do G20 de Londres, em 2009, as instituições de Bretton Woods não conseguiram apresentar soluções concretas para a crise econômica internacional.;ERRADO
Durante a crise de 2008, o Brasil defendeu créditos para o desenvolvimento, maior regulação financeira, políticas anticíclicas e combate aos paraísos fiscais.;CERTO
Apesar das críticas às dificuldades de reforma do FMI e do Banco Mundial, o Brasil comprou títulos emitidos pelo FMI em 2009.;CERTO
O Sistema de Bretton Woods, baseado na paridade do dólar com o ouro, permaneceu em vigor até a Primeira Guerra do Golfo, no início dos anos 1990.;ERRADO
Em resposta ao Plano Marshall, a URSS criou o COMECON em 1949, inicialmente voltado à Europa Oriental e posteriormente estendido a países como Mongólia, Cuba e Vietnã.;CERTO
A doutrina keynesiana, ao defender a atuação reguladora do Estado, o estímulo à demanda e o aumento da produção, renda e emprego, forneceu sustentação ao Estado de bem-estar social.;CERTO
A URSS recebeu favoravelmente o Plano Marshall porque ele se destinava ao conjunto da Europa e não apenas a determinados países.;ERRADO
O FMI e o BIRD foram criados pela Carta de Havana, enquanto o GATT foi criado pelo Acordo de Bretton Woods de 1944.;ERRADO
A proposta da CEPAL de industrialização da América Latina foi adotada, com maior ou menor êxito, pelos países da região.;CERTO
A Grande Depressão contribuiu para o acirramento dos conflitos internacionais, e a recuperação econômica de países como a Alemanha nazista esteve ligada, em grande medida, à corrida armamentista.;CERTO
A Crise de 1929 atingiu principalmente os países industrializados e passou ao largo de países pouco industrializados da Ásia e da América Latina.;ERRADO
O New Deal ampliou a presença do Estado na economia norte-americana, preservando a democracia e rompendo com práticas ultraliberais anteriores.;CERTO
O New Deal concentrou-se nos setores financeiro e industrial e não envolveu medidas de recuperação da agricultura ou de organização do trabalho.;ERRADO
Os setores econômicos controlados por grupos familiares conservadores foram preservados dos efeitos da Crise de 1929 porque esses grupos não investiam no mercado de valores.;ERRADO
Após a Primeira Guerra Mundial, as economias europeias tornaram-se dependentes do comportamento do dólar norte-americano, afetando suas balanças de pagamentos, poder de compra e salários.;CERTO
Para enfrentar a Crise de 1929, os Estados ampliaram a intervenção econômica, regulando a produção, criando empregos e promovendo reformas no sistema financeiro.;CERTO
O Crash de Wall Street de 1929 esteve associado à queda vertiginosa do valor das ações negociadas na Bolsa de Nova York, acompanhada pelo índice Dow Jones.;CERTO
A liberalização do comércio e dos investimentos internacionais promovida por Bretton Woods inviabilizou a expansão do setor público e restringiu os sistemas de bem-estar social aos pequenos países nórdicos.;ERRADO
Um dos principais objetivos de Bretton Woods, em 1944, foi estabelecer o FMI, o Banco Mundial e a ordem financeira e monetária do pós-guerra.;CERTO
Harry Dexter White e John Maynard Keynes tiveram papel destacado na formulação das propostas para a organização monetária e financeira internacional do pós-Segunda Guerra Mundial.;CERTO
A devastação econômica e humana da Segunda Guerra Mundial deixou a Europa sem condições de realizar sozinha o esforço necessário para sua recuperação e reconstrução.;CERTO
O New Deal reduziu as funções do Estado, os gastos públicos e os impostos para estimular a poupança privada e recuperar os investimentos.;ERRADO
O New Deal criou subsídios à indústria com o objetivo principal de reduzir a pressão inflacionária e garantir empregos nas linhas de produção.;ERRADO
O Civilian Conservation Corps foi criado para combater o desemprego, empregando trabalhadores em parques, conservação ambiental e obras de infraestrutura.;CERTO
No início do governo Roosevelt, foram priorizadas medidas destinadas a combater a deflação e aliviar a situação econômica da população, especialmente dos mais pobres.;CERTO
O crawling peg caracterizou a política brasileira de minidesvalorizações cambiais, com reajustes sistemáticos da taxa de câmbio.;CERTO
No crawling band, a faixa de flutuação cambial é definida com piso e teto que não podem ser alterados durante toda a vigência do sistema.;ERRADO
Ao adotar uma moeda comum com outros países, um Estado abre mão de sua política cambial própria, passando a administração monetária e cambial a ser exercida conjuntamente.;CERTO
O currency board caracteriza-se por uma forte vinculação da política monetária à disponibilidade de reservas e foi utilizado em planos de estabilização como o argentino.;CERTO
O Clube de Paris é uma instituição subordinada ao FMI responsável pela renegociação de dívidas entre Estados, e o Brasil deixou de ser membro após quitar toda sua dívida externa.;ERRADO
Na Conferência de Bretton Woods, Keynes defendeu um regime de taxas de câmbio flutuantes como elemento central para a recuperação econômica do pós-guerra.;ERRADO
Em 2009, o G20 comprometeu-se com reformas na governança do FMI e do Banco Mundial, incluindo aumento da participação dos mercados emergentes e países em desenvolvimento.;CERTO
Nas discussões do G20 sobre a crise de 2008, não houve preocupação com a reforma das agências de classificação de risco.;ERRADO
Bretton Woods, em 1944, teve como objetivo estabelecer a conversão das moedas europeias para o euro, facilitando o comércio e os investimentos no pós-guerra.;ERRADO
Na América do Sul, a aplicação do Consenso de Washington foi posteriormente seguida por políticas de Argentina e Brasil que modificaram padrões das reformas liberais anteriormente adotadas.;CERTO
O colapso da URSS e da Europa Oriental teve consequências econômicas e políticas mais dramáticas que as da Europa Ocidental, enquanto as economias capitalistas trataram a crise de forma urgente e maciça.;CERTO
O keynesianismo emergiu com a crise liberal após 1929, ganhou força com o New Deal e o welfare state, foi importante na reconstrução europeia pós-1945 e perdeu força diante das proposições de Milton Friedman e do neoliberalismo.;CERTO
O domínio do dólar nos últimos 75 anos pode ser considerado uma anomalia histórica, pois, antes do padrão-ouro, prata, ouro e sistemas bimetálicos coexistiam, enquanto no período entre guerras libra e dólar contribuíam para a liquidez global.;CERTO
A implementação de Basileia III levou o Brasil a reduzir os requerimentos de liquidez e de alavancagem dos grandes bancos para ampliar a oferta de recursos.;ERRADO
A regulação prudencial estabelece requisitos para instituições financeiras, com foco no gerenciamento de riscos e em níveis mínimos de capital para fazer frente aos riscos das atividades financeiras.;CERTO
A adoção de juros negativos sobre reservas bancárias foi utilizada como instrumento de política monetária não convencional durante a crise financeira internacional de 2008.;ERRADO
O Quantitative Easing consiste em operações de mercado aberto destinadas a aumentar as taxas de juros para alinhar expectativas e evitar inflação no longo prazo.;ERRADO
A partir de meados da década de 1970, especialmente após 1973, iniciou-se uma crise econômica mundial de longo prazo, cujo clímax ocorreu no início da década de 1980.;CERTO
O FMI tem como principal atribuição promover diretamente o desenvolvimento econômico de longo prazo dos países em desenvolvimento por meio do setor privado.;ERRADO
O mercado de euromoedas surgiu e se expandiu, entre outros fatores, em razão dos custos de transação relativamente baixos.;CERTO
Os Direitos Especiais de Saque são distribuídos aos países-membros do FMI proporcionalmente às suas respectivas quotas no Fundo.;CERTO
O padrão-ouro apresentava forte viés deflacionário e caracterizava-se pela necessidade de manter a conversibilidade das moedas em ouro.;CERTO
A Corporação Financeira Internacional tem como finalidade estimular o desenvolvimento econômico por meio de ações junto ao setor privado.;CERTO
Os Direitos Especiais de Saque foram criados para suplementar as reservas oficiais dos países-membros e são alocados proporcionalmente às suas quotas no FMI.;CERTO
A proposta inglesa de criação de uma União Internacional de Compensação foi considerada, mas as circunstâncias políticas favoreceram a proposta norte-americana de criação de três organizações internacionais.;CERTO
Entre os fatores que favoreceram a adoção de regimes de câmbio flutuante estiveram o desenvolvimento da engenharia financeira, das tecnologias de informação e a percepção de que a manutenção de câmbios fixos se tornara mais custosa diante da especulação financeira.;CERTO
Os recursos do Banco Interamericano de Desenvolvimento também podem ser utilizados para financiar projetos do setor privado.;CERTO
FMI e Banco Mundial possuem poderes para regular diretamente as contas internas dos Estados que recorrem aos seus recursos.;ERRADO
A livre mobilidade de capitais fazia parte do Sistema de Bretton Woods que prevaleceu no pós-guerra.;ERRADO
Durante a crise asiática de 1998, a Malásia adotou controles de capitais como uma das medidas heterodoxas de enfrentamento da crise.;CERTO
O neoliberalismo defendido por organismos como o FMI incluía privatizações, liberalização comercial, respeito à propriedade intelectual e redução dos déficits públicos, mas não controle de capitais.;CERTO
No Consenso de Washington, o aumento do investimento público em infraestrutura e na indústria não se encontrava entre as medidas prescritas.;CERTO
É incorreto afirmar que o Brasil iniciou seu processo de industrialização no final do século XIX como uma das economias retardatárias.;ERRADO
Na crise financeira asiática de 1998, o ataque especulativo iniciou-se contra a moeda tailandesa; a Malásia adotou controle de capitais; a Coreia do Sul recorreu ao FMI; e a China praticamente não sofreu os efeitos da crise.";CERTO
Entre as características do Sistema de Bretton Woods estavam o padrão dólar-ouro e a criação do BIRD e do FMI.;CERTO
Rússia e México eram grandes exportadores de petróleo que não pertenciam à OPEP.;CERTO
A adoção de barreiras ao fluxo de capitais de curto prazo fazia parte da nova visão econômica associada à ascensão do neoliberalismo após a crise de Bretton Woods.;ERRADO
No padrão-ouro, déficits comerciais provocavam redução do estoque de ouro, diminuindo a oferta monetária e os preços e restaurando a competitividade dos produtos domésticos.;CERTO
A volatilidade das taxas de câmbio foi uma das principais características do padrão-ouro e uma das razões de sua obsolescência.;ERRADO
Logo após a Primeira Guerra Mundial, o excesso de ouro em circulação provocou fortes oscilações nas principais moedas e levou os países a abandonar o padrão-ouro.;ERRADO
Entre as duas guerras mundiais, vários países, inclusive a Inglaterra, retornaram ao padrão-ouro, mas dificuldades externas posteriormente os levaram a abandonar esse sistema.;CERTO
A crise agrícola dos anos 1920 reduziu drasticamente os preços agrícolas, mas os produtos dos países em desenvolvimento foram protegidos devido à baixa elasticidade-preço da demanda.;ERRADO
A União Europeia de Pagamentos constituiu um sistema multilateral de pagamentos que permitia conciliar as áreas monetárias dominadas pelo dólar e pela libra esterlina.;CERTO
A resistência dos países industrializados em modificar a paridade de suas moedas reduzia a flexibilidade do sistema de Bretton Woods para lidar com desequilíbrios externos.;CERTO
Em busca de competitividade, empresas tendem a se dirigir para locais que ofereçam mão de obra qualificada e barata e infraestrutura adequada.;CERTO
A globalização econômica caracteriza-se pela integração dos mercados e pela distribuição equitativa da riqueza entre todas as regiões do mundo.;ERRADO
As organizações financeiras internacionais exigiram do Brasil, México e Argentina reformas do Estado destinadas a ampliar a autonomia estatal e centralizar a tomada de decisões.;ERRADO
O padrão-ouro baseava-se na fixação do valor das moedas em relação ao ouro, na livre mobilidade internacional e na conversibilidade das moedas em ouro, tendo como mecanismo teórico o ajuste automático dos balanços de pagamentos.;CERTO
Durante o padrão-ouro, os movimentos internacionais de capital desempenhavam papel fundamental no ajuste dos desequilíbrios dos balanços de pagamentos.;CERTO
Todos os principais países em desenvolvimento seguiram as orientações do Consenso de Washington, realizando amplas reformas econômicas, liberalização comercial e financeira e redução do peso do Estado.;ERRADO
Os países em desenvolvimento que mais cresceram nas últimas décadas integraram-se à economia mundial principalmente por meio da abertura de suas contas de capital e da via financeira.;ERRADO
Rússia e China aderiram ao Consenso de Washington e realizaram amplas reformas liberalizantes nos anos 1990 e nas décadas seguintes.;ERRADO
Diferentemente do padrão-ouro clássico, Bretton Woods representou um compromisso entre o multilateralismo internacional e a possibilidade de intervenção doméstica dos Estados.;CERTO
Uma das principais diferenças entre os planos White e Keynes foi que White defendia a criação de uma moeda supranacional.;ERRADO
A posição do dólar como moeda-chave do sistema de Bretton Woods criava contradições na ordem monetária internacional e gerava privilégios para os Estados Unidos.;CERTO
A cláusula da moeda escassa do FMI, que permitia restrições às importações provenientes de países com grandes superávits, foi invocada inúmeras vezes pelos países-membros.;ERRADO
A política de desvalorização do dólar adotada pelo governo Nixon no início dos anos 1970 ficou conhecida como política de “negligência benigna”.;ERRADO
Desde o fim de Bretton Woods, o sistema monetário internacional passou a ser caracterizado por taxas de câmbio e preços de ativos financeiros que flutuam em mercados cada vez mais integrados.;CERTO
As crises financeiras das décadas de 1980 e 1990 que atingiam simultaneamente segmentos do mercado financeiro e o sistema bancário ficaram conhecidas como crises gêmeas.;CERTO
Durante a crise mexicana de 1994, as taxas reais de juros domésticas superiores às dos EUA provocaram fuga de capitais e desvalorização do peso por serem incompatíveis com a paridade dos juros reais.;ERRADO
O objetivo primordial do Sistema Europeu de Bancos Centrais, segundo o Tratado de Maastricht, é a manutenção da estabilidade de preços na União Europeia.;CERTO
Em 2009, eram objetivos estratégicos da política externa brasileira o ingresso na OCDE e o aprofundamento da participação brasileira no G8.;ERRADO
Após a crise de 2008, o Brasil passou a defender uma nova arquitetura institucional financeira global, privilegiando o G20 por considerá-lo mais representativo da economia mundial e dos países emergentes.;CERTO
As críticas brasileiras ao FMI e ao Banco Mundial contribuíram para a defesa de mecanismos alternativos de governança econômica global, como o BRIC.;CERTO
A Conferência de Bretton Woods, realizada em 1944, criou o Banco Mundial e o Fundo Monetário Internacional, destinados, respectivamente, ao financiamento de projetos de desenvolvimento e à concessão de empréstimos a países com dificuldades financeiras.;CERTO
No padrão-ouro, a quantidade de ouro disponível em um país constituía a base de sua oferta monetária, com a moeda diretamente vinculada ao ouro e conversível nesse metal.;CERTO
O padrão-ouro restabelecido no período entreguerras diferia significativamente do padrão-ouro clássico devido ao nacionalismo monetário e às dificuldades de coordenação entre Londres e Nova Iorque.;CERTO
O restabelecimento do padrão-ouro no período entreguerras sustentou-se na integração dos mercados internacionais de capitais e contribuiu diretamente para a expansão da oferta monetária e dos investimentos durante todo o período.;ERRADO
Após a Segunda Guerra Mundial, as moedas podiam ter seu valor definido em relação ao ouro ou ao dólar norte-americano, dentro de uma pequena margem de oscilação, contribuindo para a estabilidade cambial e a expansão do comércio até o início dos anos 1970.;CERTO
O Banco Internacional de Compensações (BIS) é um exemplo de instituição de multilateralismo econômico voltada à normatização do comércio internacional.;ERRADO
Segundo John G. Ruggie, o liberalismo inserido do pós-guerra caracteriza-se pela combinação do multilateralismo internacional com o intervencionismo doméstico.;CERTO
O sistema monetário e comercial estabelecido por Bretton Woods apresentava, entre suas características, o Dilema de Triffin.;CERTO
A crise financeira internacional de 2008 teve origem no mercado imobiliário dos EUA, impulsionada pela expansão do crédito e pelo crescimento do segmento subprime, que posteriormente provocou uma crise de liquidez.;CERTO
Entre as regras do Consenso de Washington estavam a eliminação de restrições ao capital externo, a disciplina fiscal e a privatização de empresas estatais.;CERTO
O G20 financeiro foi criado em 1999 em resposta às crises financeiras dos anos 1990 e adquiriu maior importância após a crise de 2008.;CERTO
A principal função do FMI é promover a estabilidade do sistema financeiro internacional, incluindo a estabilidade do sistema monetário e cambial internacional.;CERTO
Desde os anos 2000, o crescimento do PIB dos países em desenvolvimento foi, em geral, superior ao dos países desenvolvidos, aumentando a influência das economias emergentes no cenário internacional.;CERTO
II — A interdependência econômica entre os países diminuiu na década de 2000 devido à maior autonomia do crescimento dos países em desenvolvimento em relação aos países desenvolvidos.;ERRADO
A Conferência de Bretton Woods, realizada em 1944, resultou na criação do Banco Mundial e do Fundo Monetário Internacional, destinados, respectivamente, ao financiamento de projetos de desenvolvimento e à concessão de empréstimos a países em crises financeiras.;CERTO
Sob o padrão-ouro, a quantidade de ouro de que dispunha um país constituía a base de sua oferta monetária, pois o valor da moeda estava atrelado a determinada quantidade de ouro, favorecendo a conversibilidade e a correção dos desequilíbrios do balanço de pagamentos.;CERTO
O padrão-ouro restabelecido no período entreguerras diferia significativamente do padrão-ouro clássico devido ao nacionalismo monetário e às dificuldades de coordenação entre Londres e Nova Iorque.;CERTO
O restabelecimento do padrão-ouro no período entre guerras sustentou-se na integração dos mercados internacionais de capitais e contribuiu diretamente para a expansão da oferta monetária e dos investimentos durante todo o período.;ERRADO
Após a Segunda Guerra Mundial, as moedas poderiam ter seu valor definido em relação ao ouro ou ao dólar norte-americano, dentro de pequena margem de oscilação, garantindo estabilidade cambial e facilitando a expansão do comércio até o início dos anos 1970.;CERTO
O Banco de Compensações Internacionais (BIS), sediado em Basileia, é um exemplo de instituição de multilateralismo econômico voltada à normatização do comércio internacional.;ERRADO
Segundo John G. Ruggie, o liberalismo inserido do pós-guerra caracterizou-se pela combinação do multilateralismo internacional com o intervencionismo doméstico.;CERTO
O sistema monetário e comercial estabelecido por Bretton Woods apresentava, entre suas características, o Dilema de Triffin.;CERTO
A crise financeira internacional de 2008 teve origem no mercado imobiliário dos Estados Unidos, especialmente na expansão do crédito e no segmento subprime, e posteriormente atingiu outros setores da economia.;CERTO
Entre as regras associadas ao Consenso de Washington estavam a eliminação de restrições ao capital externo, a disciplina fiscal e a privatização de empresas estatais.;CERTO
O G20 financeiro foi criado em 1999 em resposta às sucessivas crises financeiras das economias emergentes durante a década de 1990.;CERTO
A principal função do FMI é promover a estabilidade do sistema financeiro internacional, especialmente do sistema monetário e cambial internacional, condição importante para o crescimento econômico.;CERTO
Desde os anos 2000, as economias em desenvolvimento apresentaram taxas de crescimento superiores às dos países desenvolvidos, aumentando sua influência no cenário internacional.;CERTO
A crise de 1929 ocorreu em contexto de superprodução industrial nos Estados Unidos, enquanto a crise de 2008 esteve associada à especulação financeira e à expansão excessiva do crédito bancário.;CERTO
O Dilema de Triffin corresponde à crise do sistema de Bretton Woods, culminando na suspensão da conversibilidade do dólar em ouro em 1971.;CERTO
O BIS oferece serviços financeiros a bancos centrais, instituições monetárias oficiais e instituições financeiras internacionais, auxiliando na gestão de reservas e ativos financeiros internacionais.;CERTO
Entre os objetivos prioritários do BID estão a redução da pobreza e das desigualdades sociais, o enfrentamento da mudança climática, o desenvolvimento de energias renováveis e a sustentabilidade ambiental.;CERTO
O Clube de Paris é uma entidade informal integrada pelos principais credores oficiais e destinada a encontrar soluções para dificuldades de pagamento dos países devedores.;CERTO
O G20 tornou-se o principal foro de diálogo e coordenação econômica internacional, em razão de sua maior representatividade e da crescente importância das economias emergentes.;CERTO
Após a crise de 2008, o Brasil impulsionou reformas no FMI, defendendo a ampliação das quotas e a redistribuição do poder acionário da instituição.;CERTO
Uma das propostas de Keynes em Bretton Woods envolvia a criação de um fundo ou banco destinado à reconstrução e ao desenvolvimento dos países afetados pela guerra.;CERTO
Entre as novas funções do Estado-nação, especialmente a partir dos anos 1990, esteve o fortalecimento das instituições financeiras nacionais e a manutenção de elevada poupança para reduzir a dependência externa.;CERTO
A agenda do G20, após a crise financeira mundial, passou a priorizar o estímulo ao crescimento econômico e ao emprego e o aumento da resistência da economia global a novos choques.;CERTO
A OCDE coopera com o G20 em ampla agenda de governança econômica, incluindo desenvolvimento, reformas financeiras, comércio, investimentos e questões fiscais.;CERTO
Com a consolidação do G20, o G8 teve sua agenda econômica esvaziada e passou, a partir de 2009, a concentrar-se exclusivamente em questões geopolíticas.;ERRADO
A recuperação das economias dos Estados Unidos e da União Europeia em 2013 criou um contexto desfavorável aos BRICS devido aos desvios de comércio e investimento provocados por essa recuperação.;ERRADO
As decisões monetárias dos Estados Unidos produziram, antes e depois de 2013, efeitos opostos sobre o comportamento cambial das economias emergentes.;CERTO
A redução dos estímulos monetários dos Estados Unidos a partir de maio de 2013 contribuiu para a reversão dos fluxos internacionais de capitais anteriormente direcionados às grandes economias emergentes.;CERTO
As baixas taxas de juros nos Estados Unidos e o fraco desempenho das economias europeias e japonesa contribuíram para aumentar a liquidez disponível nas economias emergentes.;CERTO
A desaceleração da economia chinesa reduz a demanda por commodities e pode provocar queda de seus preços internacionais, afetando especialmente países dependentes das exportações de commodities minerais.;CERTO
A crise da zona do euro resultou exclusivamente do elevado endividamento público de Grécia, Irlanda, Espanha e Portugal, sem relação com problemas do setor privado ou dificuldades de refinanciamento.;ERRADO
A crise financeira internacional de 2008 provocou imediatamente forte recrudescimento do protecionismo tarifário, responsável pela drástica redução do comércio internacional nos anos seguintes.;ERRADO
O sistema de Bretton Woods estabeleceu regras, instituições e procedimentos para regular a economia internacional, incluindo a criação do BIRD e do FMI.;CERTO
A abordagem cepalino-estruturalista defendia o crescimento “para dentro”, com industrialização e aumento da produtividade, em razão das desvantagens estruturais da periferia primário-exportadora em relação ao centro.;CERTO
As deliberações da OCDE não possuem, em regra, força de lei diretamente vinculante nos Estados-membros.;CERTO
O Acordo de Basileia II introduziu requisitos de capital para cobertura do risco operacional, além dos riscos de crédito e de mercado.;CERTO
Uma das razões para o colapso do sistema de Bretton Woods foi a condução da política monetária norte-americana segundo objetivos domésticos, incompatíveis com a manutenção da conversibilidade do dólar em ouro.;CERTO
No Pilar I de Basileia II, os bancos devem considerar os riscos de crédito, de mercado e operacional para o cálculo do requerimento de capital.;CERTO
No sistema de Bretton Woods, alterações da paridade cambial deveriam ser submetidas ao FMI e estavam relacionadas a desequilíbrios fundamentais do balanço de pagamentos.;CERTO
Segundo as informações apresentadas pela OCDE sobre a pandemia, apenas o item II está correto: em 2021, as principais economias apresentavam perspectivas de recuperação distintas, com Estados Unidos, China e Índia apresentando perspectivas melhores que as de diversos países europeus.;CERTO
O FMI tem entre suas atribuições promover a estabilidade cambial e monetária internacional.;CERTO
As criptomoedas não conseguem, atualmente, exercer plenamente todas as funções tradicionalmente atribuídas à moeda.;CERTO
As instituições que negociam ou custodiam criptomoedas não são, pelo simples fato de atuarem com criptoativos, reguladas ou supervisionadas pelo Banco Central do Brasil como instituições financeiras tradicionais.;CERTO
As criptomoedas não estão sujeitas às mesmas normas e regulamentos aplicáveis às moedas eletrônicas.;CERTO
As criptomoedas exercem plenamente a função de meio de troca.;ERRADO
As criptomoedas exercem plenamente a função de unidade de conta própria das moedas tradicionais.;ERRADO
As criptomoedas são superiores aos ativos tradicionais nas funções de reserva de valor e prêmio de liquidez.;ERRADO
As deliberações da OCDE não possuem força de lei diretamente vinculante nos Estados-membros.;CERTO
O Acordo de Basileia II implementou exigências de capital para que os bancos façam frente ao risco operacional.;CERTO
Ao integrar-se à OCDE, o Brasil estreita relações com países desenvolvidos e busca adequar políticas públicas e instituições nacionais às diretrizes da organização em áreas como investimento, educação e sustentabilidade.;CERTO
Após o colapso de Bretton Woods, a nova ordem econômica internacional foi favorecida pela modernização das comunicações, pelas novas técnicas de gestão financeira, pela expansão dos negócios de bancos americanos e europeus e pelos fluxos financeiros provenientes dos países exportadores de petróleo.;CERTO
Com a implementação do Acordo de Basileia III, os bancos passaram a alocar capital para a cobertura de operações e títulos sujeitos à variação das taxas de juros.;CERTO
A rentabilidade dos depósitos offshore está relacionada, entre outros fatores, às diferenças de regulamentação bancária entre operações domésticas e operações internacionais.;CERTO
Uma desvalorização real do real em relação ao dólar torna relativamente mais baratos os produtos brasileiros exportados para os Estados Unidos.;CERTO
Uma redução pronunciada da taxa de juros dos Estados Unidos em relação à taxa brasileira tende a favorecer a valorização do real diante do dólar, mantidos os demais fatores constantes.;CERTO
As políticas de Quantitative Easing adotadas pelo Federal Reserve e pelo Banco Central Europeu são políticas monetárias não convencionais que, na prática, promovem expansão da oferta monetária, inclusive por meio da expansão primária de moeda.;CERTO
No regime cambial de “flutuação suja” (dirty floating), a taxa de câmbio é determinada pela interação entre oferta e demanda de moeda estrangeira, com intervenções esporádicas do Banco Central no mercado cambial.;CERTO
A sobrevalorização real prolongada do Real em relação ao dólar exerce efeito negativo sobre as exportações brasileiras, pois torna os produtos nacionais relativamente mais caros no exterior.;CERTO
A tecnologia blockchain é considerada revolucionária por possibilitar o armazenamento e compartilhamento distribuído e criptografado de dados, reduzindo a necessidade de intermediação de terceiros.;CERTO
A crise financeira de 2008 esteve relacionada ao mercado de hipotecas, à expansão do crédito barato, ao segmento subprime, à desregulamentação financeira e à posterior quebra do Lehman Brothers.;CERTO
Na presidência brasileira do G20, o combate às desigualdades, à fome e à pobreza esteve entre as prioridades, a União Africana foi incorporada como membro permanente e o Brasil defendeu o fortalecimento do multilateralismo.;CERTO
O Acordo de Basileia III foi uma resposta à crise financeira global de 2007-2008 e buscou fortalecer a resiliência do sistema bancário e reduzir o risco de novas crises.;CERTO
O FMI fornece assistência financeira e orientação de políticas econômicas a países que enfrentam desequilíbrios financeiros e macroeconômicos.;CERTO
As três atividades centrais do FMI são supervisão econômica, empréstimos e desenvolvimento das capacidades.;CERTO
A Estratégia de Parceria com o País do Banco Mundial para o Brasil, referente aos exercícios de 2018 a 2023, foi estruturada em dois grandes pilares: sustentabilidade fiscal e melhoria na prestação de serviços; e desenvolvimento inclusivo e sustentável.";CERTO
As commodities são vulneráveis à fragmentação dos mercados porque sua produção pode ser concentrada, seu consumo pode ser de difícil substituição e elas possuem papel crítico para determinadas tecnologias.;CERTO
O sistema de Bretton Woods era baseado em câmbio flutuante, e foi em razão desse regime que foram criados o BIRD e o FMI.;ERRADO
De acordo com o Consenso de Washington, restrições governamentais ao investimento direto estrangeiro são consideradas capazes de impulsionar o crescimento econômico e a estabilidade financeira.;ERRADO
A crise de 2008 afetou a economia mundial, mas a expansão do mercado consumidor nos países emergentes contribuiu para manter elevada a demanda por bens agropecuários.;CERTO
