A assinatura dos acordos da Rodada Uruguai, que permitiu a entrada em funcionamento da OMC em 1º de janeiro de 1995, ocorreu em Marraqueche.;CERTO
Na Conferência Ministerial de Seattle, em 1999, o Brasil defendeu a redução dos subsídios à produção e à exportação agrícola e maior disciplina contra o uso abusivo de instrumentos de defesa comercial, como medidas antidumping.;CERTO
Do ponto de vista dos países em desenvolvimento, uma das principais falhas da Rodada Uruguai foi a insuficiência da liberalização do comércio de produtos agrícolas.;CERTO
A cláusula da nação mais favorecida (NMF) consagra o princípio da igualdade de tratamento entre os Estados no comércio internacional.;CERTO
O Grupo de Cairns foi constituído em 1986 por países competitivos na agricultura, com o objetivo de promover a liberalização do comércio agrícola internacional.;CERTO
A OMC, sucessora do GATT, possui entre suas funções administrar as regras do comércio internacional, favorecer sua observância e administrar o sistema de solução de controvérsias entre seus membros.;CERTO
A Conferência Ministerial de Cancún, em 2003, cumpriu integralmente sua extensa agenda e foi plenamente proveitosa, especialmente por levar às últimas consequências o debate sobre os subsídios agrícolas.;ERRADO
As negociações agrícolas da Rodada Doha enfrentaram dificuldades porque a União Europeia, o Japão e a Coreia, entre outros, mantinham forte proteção agrícola e resistiam às demandas de liberalização de países competitivos, como Brasil, Argentina e Nova Zelândia.;CERTO
A atuação brasileira na OMC caracteriza-se por retraimento no combate às práticas protecionistas dos países e blocos economicamente mais fortes, embora o Brasil se oponha duramente às medidas unilaterais.;ERRADO
A OMC é uma agência vinculada à ONU e, para ingressar na Organização, um Estado deve necessariamente ser membro da ONU e ser aceito por todos os membros da OMC.;ERRADO
Nas negociações de acesso a mercados da Rodada Doha, o Brasil busca eliminar ou reduzir restrições tarifárias e não tarifárias às suas exportações, dando prioridade à redução de fatores que restringem e distorcem o comércio agrícola.;CERTO
Como possui grande participação do setor terciário no PIB, o Brasil busca ampliar suas exportações de serviços e, por isso, defende ampla liberalização dessa modalidade de comércio.;ERRADO
Por possuir um parque industrial amplo e diversificado, o Brasil posiciona-se contrariamente ao aprofundamento de compromissos de redução tarifária para produtos manufaturados.;ERRADO
O Brasil defende maior transparência na aplicação de medidas contra práticas desleais de comércio, especialmente medidas antidumping e antissubsídios que afetam suas exportações.;CERTO
O sistema de solução de controvérsias da OMC corresponde a uma forma arbitral de composição de conflitos e não admite pedido recursal.;ERRADO
As decisões dos relatórios dos panels da OMC somente produzem efeitos mediante manifestação favorável de todos os membros da Organização, em razão da regra geral do consenso.;ERRADO
As conclusões dos relatórios finais dos panels da OMC constituem decisões estritamente jurídicas e independem de qualquer convalidação ou adoção pelo órgão político competente da Organização.;ERRADO
Cuba e República Popular da China, como membros da OMC, submetem-se ao sistema de solução de controvérsias da Organização.;CERTO
Entre os principais desafios para a conclusão da Rodada Doha estão a definição de modalidades de liberalização e redução de subsídios agrícolas e o acordo sobre acesso a mercados para produtos não agrícolas.;CERTO
A crise financeira internacional de 2008 contribuiu para o estancamento do comércio internacional e criou condições para o recrudescimento do protecionismo em escala global.;CERTO
Os acordos da OMC abrangem principalmente o comércio de bens, o comércio de serviços e aspectos dos direitos de propriedade intelectual relacionados ao comércio, sujeitando os membros às obrigações assumidas no sistema multilateral.;CERTO
A diversificação dos agentes, pautas e modalidades de comércio e a complexidade das políticas comerciais justificam a existência de compromissos e disciplinas multilaterais para orientar governos e agentes comerciais.;CERTO
As regras de investigação de dumping e subsídios destinam-se a combater práticas desleais de comércio, enquanto as salvaguardas são medidas temporárias destinadas a proteger a indústria doméstica contra surtos de importações.;CERTO
O Congresso dos Estados Unidos aprovou o estabelecimento da Organização Internacional do Comércio (OIC), que posteriormente evoluiu para a atual OMC.;ERRADO
O multilateralismo fracassou no plano econômico devido à não observância de decisões do Órgão de Solução de Controvérsias da OMC, à paralisação da Rodada de Doha e à crise financeira global que se instalou ao final do século XX.;ERRADO
A cláusula da nação mais favorecida, avanço introduzido na transição do GATT para a OMC, constitui um dos princípios diretores do sistema multilateral de comércio.;ERRADO
A salvaguarda, e não uma medida antidumping, é aplicada contra as importações originárias de todos os países envolvidos na transação.;CERTO
Não existem regras multilaterais aplicáveis a investimentos.;ERRADO
Acordos comerciais regionais são incompatíveis com as normas multilaterais, a menos que a liberalização prevista abranja a totalidade do universo tarifário.;ERRADO
O Brasil favorece um multilateralismo econômico baseado na maioria dos votos dos países em desenvolvimento, como teria ocorrido nos contenciosos da gasolina contra a UE e do algodão contra o NAFTA.;ERRADO
A Rodada de Doha foi a primeira rodada de negociações multilaterais da OMC e tem como objetivo assegurar tratamento especial e diferenciado aos BRICS, com destaque latino-americano para serviços e propriedade intelectual.;ERRADO
A UNCTAD, estabelecida em 1964, é órgão das Nações Unidas e atua, entre outras funções, no sentido de disciplinar práticas empresariais consideradas restritivas.;CERTO
O GATT passou a vigorar depois da Segunda Guerra Mundial diante do fracasso da criação da OIC e não se constituiu como organismo formal até a criação da OMC.;CERTO
A Rodada Uruguai produziu o primeiro acordo multilateral sobre produtos agrícolas e, quanto ao acesso aos mercados, as tarifas foram convertidas em cotas.;ERRADO
A Rodada de Desenvolvimento de Doha, lançada em 2001, buscou a liberalização comercial e o crescimento econômico, com especial atenção às necessidades dos países em desenvolvimento.;CERTO
No século XIX, o padrão-ouro internacional manteve as taxas de câmbio em uma faixa determinada pelos custos de transporte, impedindo movimentos persistentes das taxas de câmbio.;CERTO
O Memorando de Entendimento Brasil-EUA sobre o algodão de 2014 limitou a 18 meses o prazo máximo dos empréstimos do GSM-102, estipulou compensação anual de US$ 300 milhões e permitiu recursos ao Instituto Brasileiro do Algodão para projetos de cooperação com a África Subsaariana, Haiti e países do MERCOSUL.;CERTO
A disputa entre Brasil e EUA sobre o algodão na OMC durou dois anos e seis meses, desde o pedido de consultas em setembro de 2002 até a circulação, em março de 2005, do relatório sobre o recurso norte-americano.;ERRADO
O Memorando de Entendimento de 2014 foi o segundo instrumento firmado pelos governos brasileiro e norte-americano sobre o algodão, tendo o primeiro sido firmado em 2010, com previsão de indenização de US$ 147 milhões para fundo posteriormente destinado ao Instituto Brasileiro do Algodão.;CERTO
O Memorando de 2014 foi celebrado alguns meses após nova legislação agrícola norte-americana que deixou de prever subsídios ao setor de algodão.;ERRADO
A cláusula facultativa de jurisdição obrigatória aplica-se somente à jurisdição da Corte Internacional de Justiça, não tendo aplicação no sistema de solução de controvérsias da OMC.;CERTO
O Brasil tem defendido o acesso aos mercados mediante a imposição e majoração de tarifas.;ERRADO
O Brasil e vários países em desenvolvimento deram ênfase às negociações relativas aos produtos agrícolas, dada a concentração desses produtos em suas pautas de exportação.;CERTO
Nas Rodadas do antigo GATT, os avanços foram mais significativos em produtos manufaturados, enquanto a liberalização agrícola apresentou resultados modestos e não eliminou, de modo geral, as barreiras às importações.;CERTO
Entre as principais distorções do comércio agrícola destacam-se os subsídios às importações e o aumento da taxação da produção interna.;ERRADO
Tanto as sessões constitutivas do GATT de 1947 quanto a Conferência de Comércio e Emprego das Nações Unidas de 1947-1948 contaram com a participação de representantes do Brasil.;CERTO
O estancamento da Rodada de Doha fortaleceu negociações bilaterais e regionais, mas o Brasil permaneceu dissociado dessa tendência.;ERRADO
Os membros da OMC podem adotar níveis de proteção de propriedade intelectual superiores aos exigidos pelo TRIPS, desde que essa proteção não contrarie suas disposições.;CERTO
Segundo o Acordo sobre Subsídios e Medidas Compensatórias da OMC, são proibidos os subsídios vinculados ao desempenho exportador e ao uso preferencial de produtos nacionais em detrimento de produtos estrangeiros.;CERTO
No contencioso Brasil-Pneus, o Órgão de Apelação reconheceu a necessidade da proibição brasileira de pneus reformados para proteger a saúde pública e o meio ambiente, mas determinou que o Brasil deveria assegurar a cessação das importações de pneus usados e reformados de todas as origens, inclusive do MERCOSUL.;CERTO
O Entendimento de Solução de Controvérsias determina que a suspensão de concessões ocorra necessariamente no mesmo setor da violação, proibindo a retaliação cruzada.;ERRADO
Os membros da OMC só podem solucionar suas controvérsias comerciais por meio da adjudicação de disputas por painéis e pelo Órgão de Apelação.;ERRADO
O multilateralismo é uma característica do sistema de solução de controvérsias da OMC e está presente, por exemplo, no monitoramento da implementação das decisões do Órgão de Solução de Controvérsias.;CERTO
O sistema de solução de controvérsias da OMC é único e integrado e se aplica aos acordos da organização, embora alguns acordos contenham regras e procedimentos especiais ou adicionais.;CERTO
Atores não governamentais não participam da solução de controvérsias na OMC, pois não podem ser partes nas disputas.;CERTO
O Brasil tem-se mostrado reticente à reforma e à atualização das regras da OMC, opõe-se a iniciativas plurilaterais e defende a retomada integral do mandato negociador da Rodada Doha, com a agricultura no centro das negociações.;ERRADO
O Brasil defendia regras mais rígidas para limitar subsídios agrícolas de apoio interno e a proibição dos subsídios à exportação. A proibição dos subsídios à exportação agrícola foi alcançada na Conferência Ministerial de Nairóbi, em 2015.;CERTO
. O Brasil, por ter comércio exterior de impacto relativamente pequeno em sua economia, não considera prioritárias as disputas comerciais no Mecanismo de Solução de Controvérsias da OMC, que pouco contribuiu para resolver disputas de grande impacto financeiro para o setor privado brasileiro.;ERRADO
. O Brasil foi um dos principais patrocinadores da Declaração sobre o Acordo TRIPS e a Saúde Pública, adotada em 2001, que estabeleceu maior flexibilidade para que países em desenvolvimento tivessem acesso a medicamentos.;CERTO
. Na Conferência Ministerial de Cingapura de 1996, o Brasil apoiou a proposta canadense de discutir investimentos no âmbito da OMC, tendo sido criado um grupo de trabalho específico sobre o tema.;ERRADO
. Na reunião miniministerial de Genebra de julho de 2008, a coalizão G-20, liderada pelo Brasil, apresentou proposta de acesso a mercados que incluía especificamente a abertura dos mercados da Índia e da China.;ERRADO
. Em 2009, o Brasil defendeu a retomada do Grupo de Trabalho sobre Comércio, Dívida e Finanças (GTCDF), criado em 2001, para discutir a relação entre câmbio e comércio internacional.;CERTO
. Na Conferência Ministerial de Bali, em 2013, o Brasil foi favorável à inclusão da facilitação de comércio no pacote de resultados antecipados da Rodada Doha.;CERTO
. As negociações da Iniciativa da Declaração Conjunta sobre Comércio Eletrônico permitem ao Brasil vincular concessões em comércio eletrônico a compromissos dos EUA e da União Europeia sobre subsídios às exportações agrícolas.;ERRADO
. O Acordo TRIPS impede o licenciamento compulsório de patentes farmacêuticas.;ERRADO
. Tanto o Tribunal Permanente de Revisão do Mercosul quanto o Órgão de Apelação da OMC possuem competência para apreciar opiniões consultivas encaminhadas pelos Estados-membros.;ERRADO
. O Protocolo de Olivos permite que uma decisão de um órgão de solução de controvérsias do Mercosul seja objeto de recurso ao Órgão de Apelação da OMC.;ERRADO
. Segundo a jurisprudência da OMC, a exceção de segurança prevista no art. XXI do GATT não é autodeterminável, de modo que sua invocação não impede os órgãos de solução de controvérsias de verificar se as condições do dispositivo foram atendidas.;CERTO
. As patentes incentivam empresas a investir em pesquisa e desenvolvimento, e o Acordo TRIPS estabelece padrões mínimos para as legislações nacionais de patentes dos membros da OMC.;CERTO
. Desde a pandemia de covid-19, políticas de descarbonização, digitalização e segurança das cadeias produtivas têm intensificado a competição tecnológica por meio de subsídios, barreiras comerciais, incentivos à P&D, compras públicas, créditos fiscais e exigências de conteúdo local.;CERTO
. A Lei de Reciprocidade Econômica autoriza o Brasil a suspender concessões comerciais, de investimentos e obrigações relativas à propriedade intelectual em resposta a ações unilaterais de países ou blocos que prejudiquem a competitividade brasileira.;CERTO
. A OMC é uma organização internacional com personalidade jurídica própria de direito internacional e não é vinculada ao sistema das Nações Unidas; qualquer membro pode retirar-se mediante comunicação ao diretor-geral, produzindo a retirada efeitos após seis meses.";CERTO
. Entre as normas correntes de interpretação do direito internacional público mencionadas no sistema de solução de controvérsias da OMC encontra-se a Convenção de Viena sobre o Direito dos Tratados de 1969.;CERTO
. Salvaguardas são medidas de defesa comercial destinadas a fornecer proteção temporária à indústria doméstica diante de prejuízo grave ou ameaça de prejuízo grave decorrente do aumento das importações.;CERTO
. O Sistema de Solução de Controvérsias da OMC é considerado elemento central para proporcionar segurança e previsibilidade ao sistema multilateral de comércio, contribuindo para assegurar os direitos e obrigações estabelecidos nos acordos da organização.;CERTO
. O Acordo sobre Medidas Sanitárias e Fitossanitárias criou um Comitê de Medidas Sanitárias e Fitossanitárias, que funciona como fórum de debates e desempenha funções necessárias à implementação do acordo.;CERTO
. Entre as exigências relacionadas ao Sistema Geral de Preferências estão a origem do produto no país beneficiário e a apresentação, ao país outorgante, de documentação que comprove sua origem conforme as respectivas regras de origem.;CERTO
. As declarações dos dirigentes do FMI e do Banco Mundial em 2002 recuperavam o discurso econômico predominante nas décadas de 1980 e 1990 e se opunham ao novo viés interpretativo sobre a realidade econômica mundial.;ERRADO
. Ao defender a redução dos subsídios dos países ricos, o diretor-gerente do FMI referia-se, entre outros casos, aos subsídios e medidas de proteção concedidos pelos Estados Unidos e pela União Europeia aos seus setores agrícolas.;CERTO
. Ao relacionar os atentados de 11 de setembro à necessidade de combater a pobreza, o presidente do Banco Mundial considerava que a pobreza pode gerar consequências como desespero, alienação e violência, potencialmente prejudiciais à segurança global.;CERTO
. O Japão distinguia-se dos Estados Unidos e da União Europeia por adotar uma política essencialmente liberal, rejeitando medidas de proteção e quaisquer restrições ao livre comércio.;ERRADO
. Durante o governo Fernando Henrique Cardoso, o Brasil conseguiu fazer prevalecer seus interesses na abertura do mercado norte-americano, especialmente para produtos como suco de laranja, calçados e aço.;ERRADO
. A OMC caracteriza-se por ser uma instância reguladora do comércio mundial, elaborando normas a serem seguidas pelos países integrantes e julgando litígios entre eles; o Brasil foi protagonista de algumas dessas ações, inclusive em divergências com os EUA.";CERTO
. No fim dos anos 1990, Brasil e Canadá travaram disputa na OMC em torno do mercado aeronáutico, acusando-se mutuamente de conceder subsídios ilegais à EMBRAER e à Bombardier; a decisão da OMC foi integralmente favorável ao Canadá.";ERRADO
. Uma das críticas aos EUA no comércio internacional refere-se à manutenção da legislação antidumping de 1916, que permitia medidas unilaterais contra importações consideradas prejudiciais à indústria norte-americana.;CERTO
. Como represália ao protecionismo norte-americano, Japão e União Europeia solicitaram à OMC autorização para adotar legislação antidumping semelhante à dos EUA.;ERRADO
. Dumping consiste na prática de exportar determinado produto por preço inferior ao praticado no mercado do país exportador, sendo considerado uma prática potencialmente desleal de comércio.;CERTO
. O Sistema Geral de Preferências (SGP) consiste em concessões tarifárias, outorgadas de forma não recíproca, para exportações originárias e procedentes de países em desenvolvimento, segundo condições estabelecidas pelos países outorgantes.;CERTO
. Nas rodadas de negociações multilaterais da OMC, as decisões são tomadas pelo princípio do consenso.;CERTO
. A Rodada Doha, lançada em 2001 e denominada Rodada do Desenvolvimento, buscou promover condições para a participação dos países em desenvolvimento no crescimento do comércio internacional em níveis compatíveis com suas necessidades de desenvolvimento econômico.;CERTO
. Entre as formas contemporâneas de protecionismo destacam-se o uso abusivo de medidas antidumping e a concessão de subsídios à produção e à exportação.;CERTO
. A UNCTAD atua na identificação de instrumentos de política comercial em apoio ao desenvolvimento, presta assistência técnica para a participação dos países em negociações comerciais e auxilia na superação de obstáculos à inserção no comércio internacional.;CERTO
. O sistema multilateral de comércio contemporâneo é conformado pela OMC, tendo como um de seus pilares o GATT de 1994.;CERTO
. A regulamentação internacional do comércio implica a perda da soberania dos Estados em suas relações externas.;ERRADO
. Segundo o Acordo sobre Subsídios e Medidas Compensatórias da OMC, é permitido o subsídio destinado a determinada região dentro do Estado com o objetivo de eliminar ou reduzir desigualdades regionais, desde que atendidas as condições previstas nas regras da OMC.;CERTO
. Entre as novas matérias incorporadas ao sistema multilateral de comércio com a criação da OMC estão o comércio de serviços e a propriedade intelectual.;CERTO
. Entre as inovações do mecanismo de solução de controvérsias da OMC em relação ao GATT estão a regra do consenso negativo em várias etapas do procedimento e a possibilidade de apelação.;CERTO
. Apesar de não ter obtido qualquer vitória em suas demandas perante a OMC, a diplomacia brasileira continua reiterando sua confiança nesse organismo multilateral.;ERRADO
. Como a OMC regula as trocas comerciais internacionais, nenhum país-membro pode desrespeitar as regras fixadas pela organização.;CERTO
. O G20 da OMC surgiu em processo liderado pelo Brasil e pela Índia, em razão do impasse nas negociações comerciais e da reação dos países em desenvolvimento aos subsídios agrícolas concedidos pelos países desenvolvidos.;CERTO
. O Acordo TRIPS, estabelecido no âmbito da OMC, resultou da necessidade de incorporar regras internacionais de proteção da propriedade intelectual relacionada ao comércio.;CERTO
. O tema da educação foi discutido no âmbito da OMC, especialmente porque a prestação de determinados serviços educacionais pode estar abrangida pelas regras do comércio de serviços.;CERTO
. A expansão do mercado mundial e a intensificação do comércio internacional reduziram a importância das patentes como tema de disputas entre países, transformando-as principalmente em objeto de debates acadêmicos.;ERRADO
. Pelas normas da OMC, as patentes e as leis de propriedade intelectual afetam máquinas e equipamentos, mas não são consideradas nas áreas de softwares e medicamentos.;ERRADO
. Na nova ordem econômica internacional, é correto afirmar que as potências econômicas e comerciais são responsáveis pela correção da maior parte das distorções existentes no sistema multilateral de comércio.;ERRADO
. O TRIPS é o Acordo sobre os Aspectos dos Direitos de Propriedade Intelectual Relacionados com o Comércio, incluído no Anexo 1C do Acordo Constitutivo da OMC.;CERTO
. Medidas antidumping podem ser aplicadas quando um produto é exportado por preço inferior ao seu valor normal; salvaguardas podem ser aplicadas diante de aumento das importações que cause ou ameace causar prejuízo grave; e medidas compensatórias podem ser aplicadas em razão dos efeitos de importações subsidiadas sobre a indústria doméstica.";CERTO
. O Órgão de Apelação da OMC é um órgão permanente composto por nove juízes, que atuam de forma autônoma e independente em relação aos Estados-membros.;ERRADO
. O TRIPS é um acordo internacional, integrante do sistema da OMC, que trata dos direitos de propriedade intelectual relacionados ao comércio.;CERTO
O comércio internacional refere-se exclusivamente à operacionalização de negócios mercantis entre o Brasil e o resto do mundo, enquanto as relações internacionais cuidam dos diferentes aspectos que envolvem agentes internacionais, excluindo-se empresas transnacionais e organizações não governamentais.;ERRADO
O GATT atuou no sistema de Bretton Woods unicamente como marco regulatório para questões de comércio externo, sem interferir nas negociações comerciais entre os países-membros.;ERRADO
Os novos temas relacionados às negociações multilaterais surgidos no processo da Rodada Uruguai incluíram a facilitação do comércio e a transparência nas compras governamentais, mas não abrangeram a regulação da concorrência nem os direitos de propriedade intelectual.;ERRADO
Em presença de restrições de divisas, a vinculação da permissão de importar ao desempenho exportador das empresas não interfere nas normas da OMC relativas aos impactos do comércio externo sobre os investimentos.;ERRADO
O Acordo sobre Barreiras Técnicas ao Comércio (TBT) prevê tratamento diferenciado aos países em desenvolvimento, levando em conta suas necessidades de desenvolvimento, financeiras e comerciais.;CERTO
A Primeira Guerra Mundial provocou remanejamentos nas posições de certas nações como potências econômicas e comerciais.;CERTO
Nas primeiras décadas do século XX, houve não só domínio crescente, mas também presença universal de companhias europeias no comércio internacional.;ERRADO
Os EUA, já grande potência industrial em 1914, tornaram-se, ao final da Primeira Guerra Mundial, potência comercial e financeira, dispondo de grandes estoques de ouro.;CERTO
A Grã-Bretanha, beneficiada pela Primeira Guerra Mundial, manteve seu mercado de capitais fechado e evitou estratégia comercial que alterasse seus robustos saldos comerciais.;ERRADO
Apesar do colapso econômico e dos problemas comerciais e financeiros, a Europa continuou, no imediato pós-guerra, como centro de poder político.;CERTO
As razões pelas quais não se criou uma organização internacional de comércio no pós-Segunda Guerra Mundial são relevantes para compreender as relações comerciais das décadas seguintes.;CERTO
Os acordos de Bretton Woods, firmados posteriormente ao GATT, prejudicaram o financiamento e a previsibilidade dos instrumentos de cooperação financeira necessários à expansão do comércio internacional.;ERRADO
As alianças políticas desenvolvidas durante a Segunda Guerra Mundial garantiram a uniformização dos interesses nas discussões sobre a constituição de um regime comercial para o mundo do pós-guerra.;ERRADO
Apesar de suas deficiências e resistências políticas, a Carta da Organização Internacional do Comércio (OIC), ou Carta de Havana, foi um documento de política comercial inédito.;CERTO
A falta de consenso sobre matérias como a abrangência do poder da nova organização contribuiu decisivamente para o fracasso da OIC.;CERTO
O GATT, criado em 1947, foi uma forma contratual possível diante do ambiente de sua criação e, ao mesmo tempo, um arranjo temporário que serviria de parâmetro para as décadas seguintes.;CERTO
Ao ser lançada em 1986, a Rodada Uruguai tinha entre seus objetivos encerrar o ciclo histórico do GATT e criar a OMC.;CERTO
Realizada em ambiente político distinto do domínio ideológico da Guerra Fria, a Rodada Uruguai ultrapassou as questões tradicionais do GATT e avançou para discussões sobre políticas governamentais em sentido mais amplo.;CERTO
Constavam da agenda da Rodada Uruguai questões como acesso a mercados, política industrial e fiscal, proteção de patentes, meio ambiente e equalização das condições sociais.;ERRADO
A passagem do GATT para a OMC, em 1995, representou uma modificação institucional com baixa relação com as grandes transformações ocorridas na ordem internacional.;ERRADO
As transformações nos regimes econômicos internacionais, tanto comerciais quanto monetários e financeiros, vêm aumentando e acarretando inovações nas negociações, como as iniciadas a partir da Conferência de Cancun de 2003.;CERTO
Nas relações comerciais atuais, globalização e integração regional são contraditórias entre si, pois os mercados se abrem no primeiro processo e se fecham no segundo.;ERRADO
A noção de assimetria política entre os Estados nacionais é compatível com a globalização, uma vez que a distribuição da riqueza global não é uniforme.;CERTO
A internacionalização de companhias públicas e privadas de países emergentes, como o Brasil, pode contribuir para a redução das vulnerabilidades históricas dessas economias.;CERTO
A OMC é uma inovação sem precedentes na história das organizações econômicas internacionais, pois nunca houve tentativas anteriores de esforços semelhantes.;ERRADO
A atuação do FMI e da OMC eliminou as concentrações e os desequilíbrios das atividades econômicas provocados pelo avanço da globalização.;ERRADO
As uniões econômicas regionais necessariamente impedem o comércio com outros blocos e países, concentrando o aumento da riqueza exclusivamente nos países pertencentes ao próprio bloco.;ERRADO
O fracasso da Rodada Doha e o fim da OMC marcaram o início de uma nova fase de construção de fóruns multilaterais de negociação comercial, tendo os BRICs como membros centrais.;ERRADO
O Acordo sobre Barreiras Técnicas ao Comércio obriga as partes a observar, também em relação aos regulamentos técnicos, os princípios da nação mais favorecida e do tratamento nacional aplicáveis ao comércio de bens.;CERTO
O Acordo sobre Barreiras Técnicas ao Comércio procura evitar que regulamentos e normas técnicas internos constituam restrições desnecessárias ao comércio internacional.;CERTO
O padrão-ouro, baseado no lastro das moedas em metais preciosos e em câmbio fixo, proporcionou estabilidade monetária e cambial e facilitou pagamentos e movimentos internacionais de capital, contribuindo decisivamente para a expansão do comércio entre a segunda metade do século XIX e a Primeira Guerra Mundial.;CERTO
No período do entreguerras, houve retomada do crescimento do comércio internacional em razão da reintrodução do padrão-ouro, da recuperação econômica europeia e do êxito no combate ao protecionismo tarifário.;ERRADO
O bilateralismo afirmou-se, nos anos 1930, como principal vetor do comércio internacional, utilizando tarifas, restrições quantitativas, comércio de Estado, controle e desvalorização cambial e acordos de clearing.;CERTO
Após a Segunda Guerra Mundial, até 1971, houve reintrodução do padrão-ouro em forma modificada: apenas o dólar mantinha conversibilidade em ouro, enquanto as demais moedas eram cotadas em relação ao dólar.;CERTO
A Conferência de Bretton Woods definiu os pilares institucionais da ordem monetária e financeira internacional do pós-Segunda Guerra Mundial: o FMI e o Banco Internacional de Reconstrução e Desenvolvimento.;CERTO
A partir de 1947, o comércio internacional passou a ser orientado pelos princípios do GATT, cujo objetivo era instaurar um amplo regime de comércio administrado, permitindo a expansão sustentada do comércio e a redução gradual dos desequilíbrios comerciais por meio de negociações multilaterais.;CERTO
A crise econômica dos anos 1970, inicialmente marcada pelo abandono do padrão ouro-dólar pelos EUA e pela crise do petróleo, reforçou a demanda dos países em desenvolvimento pelo revigoramento do diálogo Norte-Sul.;CERTO
O conceito de Terceiro Mundo surgiu no contexto da Guerra Fria, inicialmente com conotação política, associando-se à descolonização e ao não alinhamento, e posteriormente adquiriu conotação predominantemente econômica relacionada ao subdesenvolvimento.;CERTO
A visão estruturalista, fortalecida a partir dos anos 1950, sustentava a tendência de deterioração dos termos de troca dos países periféricos, prognóstico que foi confirmado pelas décadas seguintes pela persistência da pequena participação desses países nas exportações mundiais de manufaturas.;ERRADO
O FMI foi criado para assegurar estabilidade cambial e auxiliar os países-membros na correção de desequilíbrios de pagamentos e na progressiva liberalização dos fluxos internacionais de investimento.;ERRADO
O surgimento do GATT e a não ratificação, pelos EUA, da Carta de Havana foram determinantes para o fracasso dos esforços de criação da Organização Internacional do Comércio.;CERTO
A criação da OMC, ao final da Rodada Uruguai, respondeu à necessidade de conferir maior institucionalidade ao sistema multilateral de comércio para administrar o complexo conjunto de acordos resultantes da rodada.;CERTO
A globalização econômica associa-se à internacionalização da produção e à formação de cadeias produtivas globais, mas também comporta forças de fragmentação, como a proliferação de acordos comerciais bilaterais e de iniciativas de integração regional.;CERTO
A formação de blocos regionais como NAFTA, União Europeia e MERCOSUL foi fenômeno típico do final dos anos 1980 e início dos anos 1990, refletindo mudanças na produção, nos investimentos e no comércio mundial, além da preocupação com eventual fragmentação do sistema multilateral.;CERTO
A agenda das negociações comerciais contemporâneas inclui acesso a mercados, agricultura, barreiras não tarifárias, normas sanitárias e fitossanitárias, subsídios, medidas compensatórias, salvaguardas, antidumping, medidas relacionadas a investimentos e solução de controvérsias.;CERTO
Na década de 1990, o Brasil priorizou a dimensão política das cúpulas hemisféricas e manteve-se à margem das negociações comerciais realizadas no sistema interamericano.;ERRADO
Nas negociações da OMC, o Brasil atua como demandante em relação ao acesso a mercados para produtos agrícolas e não agrícolas e adota posições mais defensivas em relação a novos temas como serviços, investimentos e propriedade intelectual.;CERTO
O principal impasse na Rodada Doha e nas negociações MERCOSUL–União Europeia envolve a demanda dos países em desenvolvimento pela redução dos subsídios agrícolas dos países desenvolvidos e as pressões destes pela abertura de mercados não agrícolas e de serviços e por concessões em investimentos.;CERTO
Com o esgotamento do ciclo liberal da década anterior, as políticas comerciais passaram a fortalecer os mercados nacionais, resultando em recrudescimento do protecionismo tarifário e não tarifário, particularmente nas economias em desenvolvimento.;ERRADO
O avanço da globalização foi acompanhado por impulso liberalizante nas políticas comerciais de países desenvolvidos e em desenvolvimento, contribuindo para maior abertura comercial no plano multilateral e nos blocos regionais.;CERTO
O comércio internacional refere-se exclusivamente à operacionalização de negócios mercantis entre o Brasil e o resto do mundo, enquanto as relações internacionais abrangem diferentes aspectos envolvendo agentes internacionais, excluindo empresas transnacionais e organizações não governamentais.;ERRADO
A impossibilidade de criação de uma Organização Internacional do Comércio de caráter universal abriu espaço para o GATT, que atuou no sistema de Bretton Woods apenas como marco regulatório, sem interferir nas negociações comerciais entre os países-membros.;ERRADO
Os novos temas das negociações multilaterais surgidos na Rodada Uruguai incluem facilitação do comércio e transparência nas compras governamentais, mas não abrangem regulação da concorrência nem direitos de propriedade intelectual.;ERRADO
A vinculação da permissão de importar ao desempenho exportador das empresas, adotada por países em desenvolvimento em situação de restrição de divisas, não interfere nas normas da OMC relativas aos impactos do comércio externo sobre os investimentos.;ERRADO
O Acordo sobre Barreiras Técnicas ao Comércio prevê tratamento diferenciado para países em desenvolvimento, considerando suas necessidades de desenvolvimento, financeiras e comerciais.;CERTO
A Primeira Guerra Mundial provocou remanejamentos nas posições de certas nações como potências econômicas e comerciais.;CERTO
Nas primeiras décadas do século XX, houve domínio crescente e presença universal de companhias europeias no comércio internacional.;ERRADO
Os EUA, já grande potência industrial em 1914, tornaram-se, ao final da Primeira Guerra Mundial, potência comercial e financeira, dispondo de grandes estoques de ouro.;CERTO
A Grã-Bretanha, beneficiada pela Primeira Guerra Mundial, manteve seu mercado de capitais fechado e evitou estratégias comerciais que alterassem seus robustos saldos comerciais.;ERRADO
Apesar do colapso econômico e dos problemas comerciais e financeiros, a Europa continuou, durante o imediato pós-guerra, como centro do poder político.;CERTO
As razões pelas quais não se criou uma Organização Internacional do Comércio no pós-Segunda Guerra Mundial são relevantes para compreender as relações comerciais das décadas seguintes.;CERTO
Os acordos de Bretton Woods, firmados posteriormente ao GATT, prejudicaram o financiamento e a previsibilidade dos instrumentos de cooperação financeira necessários à expansão do comércio internacional.;ERRADO
As alianças políticas desenvolvidas durante a Segunda Guerra Mundial garantiram a uniformização dos interesses nas discussões sobre a constituição de um regime comercial para o pós-guerra.;ERRADO
Apesar de suas deficiências e resistências políticas, a Carta da Organização Internacional do Comércio, ou Carta de Havana, foi um documento de política comercial inédito.;CERTO
Além da crítica às posições norte-americanas, a falta de consenso sobre questões como a abrangência dos poderes da nova organização contribuiu decisivamente para o fracasso da OIC.;CERTO
O GATT, criado em 1947, foi uma solução contratual possível diante do ambiente de sua criação e um arranjo temporário que serviria de referência para as décadas seguintes.;CERTO
Ao ser lançada em 1986, a Rodada Uruguai teve como objetivos principais encerrar o ciclo histórico do GATT e criar a OMC.;CERTO
A Rodada Uruguai, realizada fora do contexto ideológico da Guerra Fria, ultrapassou as questões tradicionais do GATT e passou a discutir políticas governamentais de maneira mais ampla.;CERTO
A agenda da Rodada Uruguai incluiu acesso a mercados, política industrial e fiscal, proteção de patentes e discussões sobre meio ambiente e condições sociais.;CERTO
A passagem do GATT para a OMC, em 1995, teve pouca relação com as grandes transformações verificadas na ordem internacional.;ERRADO
As transformações nos regimes econômicos internacionais, no comércio e na ordem monetária e financeira, vêm produzindo mudanças nas negociações, como as desenvolvidas após a Conferência de Cancun de 2003.;CERTO
A globalização e a integração regional são contraditórias, pois os mercados se abrem na globalização e se fecham nos processos de integração regional.;ERRADO
A noção de assimetria política entre os Estados é compatível com a globalização, pois a distribuição da riqueza global não é uniforme.;CERTO
A internacionalização de companhias públicas e privadas de países emergentes, como o Brasil, pode contribuir para a redução das vulnerabilidades históricas dessas economias.;CERTO
A OMC é uma inovação sem precedentes na história das organizações econômicas internacionais, pois não houve tentativas institucionais semelhantes anteriormente.;ERRADO
A atuação do FMI e da OMC eliminou as concentrações e os desequilíbrios das atividades econômicas provocados pelo avanço da globalização.;ERRADO
As uniões econômicas regionais reúnem países próximos ou não e mantêm políticas de resistência à globalização, impedindo o comércio com outros blocos e países para concentrar a riqueza dentro do próprio bloco.;ERRADO
O fracasso da Rodada de Doha e o fim da OMC marcaram o início de uma nova fase de fóruns multilaterais comerciais, com participação central dos BRICs.;ERRADO
O Acordo sobre Barreiras Técnicas ao Comércio determina que seus membros observem, também para regulamentos técnicos, os princípios da nação mais favorecida e do tratamento nacional.;CERTO
O Acordo sobre Barreiras Técnicas ao Comércio busca evitar que regulamentos e normas técnicas nacionais constituam restrições desnecessárias ao comércio internacional.;CERTO
O padrão-ouro, baseado no lastro em metais preciosos e em câmbios fixos, proporcionou estabilidade monetária e cambial e facilitou pagamentos e movimentos internacionais de capital, contribuindo para a expansão comercial do século XIX até a Primeira Guerra Mundial.;CERTO
No período entreguerras, houve retomada do crescimento do comércio internacional graças à reintrodução do padrão-ouro, ao crescimento econômico europeu e ao êxito no combate ao protecionismo tarifário.;ERRADO
O bilateralismo afirmou-se nos anos 1930 como importante vetor do comércio internacional, utilizando tarifas, restrições quantitativas, comércio de Estado, controles cambiais, desvalorizações e acordos de clearing.;CERTO
Após a Segunda Guerra Mundial, até 1971, houve reintrodução do padrão-ouro modificado, no qual apenas o dólar era conversível em ouro e as demais moedas tinham paridade em relação a ele.;CERTO
A Conferência de Bretton Woods estabeleceu os pilares institucionais da ordem monetária e financeira do pós-guerra: o FMI e o Banco Internacional de Reconstrução e Desenvolvimento.;CERTO
A partir de 1947, o comércio internacional passou a ser orientado pelos princípios do GATT, cujo objetivo era estabelecer um regime administrado de comércio, expandir as trocas e reduzir gradualmente desequilíbrios mediante negociações multilaterais.;CERTO
A crise dos anos 1970, marcada pelo abandono da conversibilidade do dólar em ouro pelos EUA e pela crise do petróleo, reforçou a demanda dos países em desenvolvimento por mudanças no diálogo Norte-Sul e no sistema comercial e monetário internacional.;CERTO
O conceito de Terceiro Mundo surgiu no contexto da Guerra Fria, inicialmente com conotação política, associando-se à descolonização e ao não alinhamento, e posteriormente adquiriu forte dimensão econômica ligada ao subdesenvolvimento.;CERTO
A visão estruturalista defendia a tendência de deterioração dos termos de troca dos países periféricos, em razão da tendência de queda dos preços dos produtos primários diante dos manufaturados, e esse prognóstico foi integralmente confirmado pelas décadas seguintes.;ERRADO
O FMI foi criado para assegurar estabilidade cambial, auxiliar na correção de desequilíbrios do balanço de pagamentos e favorecer a expansão sustentada do comércio internacional.;CERTO
O surgimento do GATT e a não ratificação da Carta de Havana pelos EUA foram determinantes para o fracasso da criação da OIC.;CERTO
A criação da OMC, ao final da Rodada Uruguai, buscou conferir maior institucionalidade ao sistema multilateral de comércio e administrar o complexo conjunto de acordos resultantes da rodada.;CERTO
A globalização econômica associa-se à internacionalização da produção e às cadeias produtivas globais, mas também apresenta forças de fragmentação, como a proliferação de acordos bilaterais e de integração regional.;CERTO
A formação de blocos regionais como NAFTA, União Europeia e MERCOSUL, no final dos anos 1980 e início dos 1990, refletiu mudanças na produção, investimentos e comércio mundial, além da preocupação com eventual fragmentação do sistema multilateral.;CERTO
A agenda comercial contemporânea inclui acesso a mercados, agricultura, barreiras não tarifárias, normas sanitárias e fitossanitárias, subsídios, medidas compensatórias, salvaguardas, antidumping, TRIMS e solução de controvérsias.;CERTO
Na década de 1990, o Brasil priorizou a dimensão política das cúpulas hemisféricas e manteve-se à margem das negociações comerciais realizadas no âmbito interamericano.;ERRADO
Nas negociações da OMC, o Brasil atua como demandante em acesso a mercados agrícolas e não agrícolas e mantém posições mais defensivas em relação a serviços, investimentos e propriedade intelectual.;CERTO
O principal impasse da Rodada de Doha e das negociações MERCOSUL–UE envolve a redução dos subsídios agrícolas dos países desenvolvidos e, em contrapartida, a pressão destes por maior abertura em produtos não agrícolas, serviços e investimentos.;CERTO
Com o esgotamento do ciclo liberal dos anos 1990, as políticas comerciais passaram a fortalecer os mercados nacionais, com recrudescimento do protecionismo tarifário e não tarifário, especialmente nos países em desenvolvimento.;ERRADO
O avanço da globalização produziu impulso liberalizante nas políticas comerciais de países desenvolvidos e em desenvolvimento, favorecendo maior abertura comercial no plano multilateral e nos blocos regionais.;CERTO
Assim como as sentenças de tribunais internacionais, as decisões do Órgão de Apelação da OMC são obrigatórias independentemente de sua adoção por outros órgãos da OMC.;ERRADO
É vedado às empresas, grandes ou pequenas, fazer parte como membros da OMC.;CERTO
O Órgão de Apelação é composto por sete pessoas que não devem possuir vínculo com nenhum governo.;CERTO
O Órgão de Apelação proibiu a presença de amicus curiae nos casos submetidos à sua apreciação.;ERRADO
A acessão ao Acordo Constitutivo da OMC depende da aceitação por, no mínimo, três quintos de seus membros.;ERRADO
Os governos concedem incentivos fiscais e financeiros à produção e à comercialização de bens destinados à exportação, visando aumentar sua competitividade internacional.;CERTO
Embora o GATT proíba, como regra geral, restrições quantitativas, cotas de importação podem ser utilizadas legitimamente em determinadas situações excepcionais e temporárias previstas nas regras do sistema.;CERTO
Desde o início dos anos 1990, houve proliferação de acordos preferenciais regionais, permitindo aos países condições diferenciadas de acesso a mercados em relação aos compromissos multilaterais.;CERTO
A OMC permite ações retaliatórias dos membros em resposta a barreiras comerciais consideradas injustas, desde que previamente autorizadas pela própria organização.;CERTO
Os acordos do GATT aplicam-se ao comércio de mercadorias, serviços e direitos de propriedade intelectual e são subscritos por todos os países.;ERRADO
O Órgão de Solução de Controvérsias da OMC pode estabelecer painéis, adotar relatórios, acompanhar sua implementação e autorizar retaliações quando necessário.;CERTO
Incentivos fiscais condicionados ao uso de um percentual mínimo de componentes domésticos constituem exemplo de medida abrangida pelo Acordo TRIMS.;CERTO
O Acordo sobre Medidas Sanitárias e Fitossanitárias contempla medidas destinadas a proteger a vida e a saúde humana, animal e vegetal contra determinados riscos.;CERTO
Regras de origem podem funcionar como instrumento implícito de proteção, afetando as condições de utilização de insumos importados e o funcionamento de áreas de livre comércio.;CERTO
Muitos países em desenvolvimento não utilizam plenamente o potencial do SGP devido à complexidade e às frequentes alterações de suas regras, especialmente as regras de origem.;CERTO
A atuação brasileira na Rodada de Doha pautou-se fundamentalmente pela conciliação entre interesses de países emergentes e desenvolvidos, com o objetivo de concluir exitosamente as negociações.;ERRADO
O Brasil recorre crescentemente a acordos regionais e arranjos preferenciais para se proteger de eventual desmoronamento do sistema multilateral decorrente do fracasso da Rodada de Doha.;ERRADO
O Brasil valoriza as instâncias da OMC, especialmente o sistema de solução de controvérsias, como instrumento para defender a normativa multilateral diante de práticas comerciais consideradas desleais.;CERTO
O Brasil reconhece o impasse das negociações e utiliza pragmaticamente os mecanismos disponíveis para reagir às práticas comerciais de outros países.;CERTO
A Rodada Uruguai foi mais ambiciosa que as anteriores porque ampliou a agenda de negociações para temas como agricultura, propriedade intelectual e serviços.;CERTO
As primeiras negociações multilaterais sobre regulamentos e normas técnicas que resultaram no Acordo sobre Barreiras Técnicas ao Comércio ocorreram durante a Rodada Uruguai.;ERRADO
O Acordo sobre Barreiras Técnicas ao Comércio estabelece padrões uniformes internacionais obrigatórios de qualidade e segurança para facilitar a circulação de bens.;ERRADO
As partes do Acordo sobre Barreiras Técnicas ao Comércio devem assegurar que regulamentos e normas técnicas não discriminem produtos nacionais em relação a produtos importados similares.;CERTO
O acompanhamento da implementação do Acordo sobre Barreiras Técnicas ao Comércio compete à Organização Internacional de Padronização.;ERRADO
Atualmente, os movimentos internacionais de recursos financeiros decorrem predominantemente das trocas comerciais entre países.;ERRADO
A evolução do comércio internacional após a Segunda Guerra Mundial esteve associada à expansão dos investimentos estrangeiros diretos, à recuperação das economias europeias e japonesa e ao processo de descolonização.;CERTO
As divisões políticas e econômicas da Guerra Fria não impediram a expansão e diversificação das trocas internacionais, embora tenham condicionado sua distribuição.;CERTO
Considerações comerciais estiveram historicamente presentes na origem de conflitos internacionais, inclusive na primeira metade do século XX, quando inexistiam mecanismos multilaterais eficazes para solucionar tais controvérsias.;CERTO
O aumento do protecionismo não tarifário a partir dos anos 1970 foi, em parte, uma resposta à redução progressiva das tarifas de importação promovida no âmbito do GATT.;CERTO
Entre as principais formas de protecionismo não tarifário estão subsídios, medidas antidumping, salvaguardas, normas técnicas e medidas sanitárias e fitossanitárias.;CERTO
A preocupação em impedir que normas técnicas nacionais criassem obstáculos desnecessários ao comércio esteve na origem do Acordo sobre Barreiras Técnicas ao Comércio.;CERTO
Por estar vinculada à produção e possuir marcos institucionais próprios, a normalização técnica não é objeto de consideração nos acordos comerciais.;ERRADO
A Organização Internacional do Comércio foi concebida no contexto de Bretton Woods, mas sua Carta não foi ratificada pelos EUA; a OIC não foi criada e o GATT assumiu provisoriamente parte de suas funções, sem constituir uma organização internacional.";CERTO
Embora não fosse uma organização internacional formal, o GATT estabeleceu regras fundamentais para o comércio e promoveu sua liberalização mediante sucessivas rodadas multilaterais.;CERTO
A criação da OMC ocorreu em razão da obsolescência das normas e instrumentos do GATT diante da nova realidade do comércio internacional.;CERTO
A OMC foi criada para administrar os acordos da Rodada Uruguai, servir de foro para negociações e solução de controvérsias e acompanhar as políticas comerciais dos membros.;CERTO
Entre os anos 1950 e o final dos anos 1970, houve significativa redução das barreiras tarifárias e forte crescimento dos fluxos comerciais até a crise do petróleo.;CERTO
As dificuldades econômicas decorrentes da instabilidade cambial e do aumento dos preços do petróleo provocaram desaceleração do comércio internacional e recrudescimento do protecionismo.;CERTO
Os países em desenvolvimento buscavam diversificar suas exportações, obter maior acesso aos mercados desenvolvidos e assegurar tratamento diferenciado na aplicação das regras do GATT.;CERTO
A UNCTAD tornou-se instrumento privilegiado do diálogo Norte-Sul por ser o único fórum em que países em desenvolvimento negociavam com países desenvolvidos temas comerciais que não faziam parte da agenda e das disciplinas do GATT.;CERTO
O choque do petróleo provocou aumento dos preços das commodities exportadas pelos países em desenvolvimento, melhorando seus termos de intercâmbio e equilibrando suas relações comerciais com os países desenvolvidos.;ERRADO
Os acordos da Rodada Uruguai passaram a ser revisados após a criação da OMC para ajustá-los aos objetivos da organização, o que justificou o lançamento da Rodada de Doha.;ERRADO
Os acordos da Rodada Uruguai foram integralmente incorporados à OMC nos termos em que foram concluídos.;CERTO
Somente os acordos plurilaterais ainda seriam incorporados às normas da OMC, pois permaneciam em negociação na Rodada de Doha.;ERRADO
No âmbito da OMC, o Brasil atua para conter reduções tarifárias ao mesmo tempo em que apoia disciplinas em novos temas comerciais, buscando evitar formas protecionistas.;ERRADO
A presença brasileira nos órgãos multilaterais econômicos caracteriza-se pelo esforço de afirmar interesses nacionais sem preocupação com a construção de regras mais abrangentes para o sistema internacional.;ERRADO
Na Rodada Uruguai foram firmados, entre outros, o Acordo sobre Medidas Sanitárias e Fitossanitárias, o Acordo sobre Barreiras Técnicas ao Comércio e o Acordo sobre Medidas de Investimento Relacionadas ao Comércio (TRIMS).;CERTO
Nas negociações da Rodada de Doha, iniciadas em 2001, o tema mais importante e controverso foi o dos subsídios agrícolas.;CERTO
. As medidas cobertas pelo Acordo sobre Barreiras Técnicas ao Comércio (TBT) referem-se à regulamentação técnica, à normalização e à avaliação da conformidade.;CERTO
. O Comitê sobre Barreiras Técnicas ao Comércio (CBT) foi instituído pelo Acordo sobre Barreiras Técnicas ao Comércio como órgão supervisor e de consulta acerca do funcionamento e da aplicação desse acordo.;CERTO
. Segundo o princípio da não discriminação do Acordo sobre Barreiras Técnicas ao Comércio, os produtos importados do território de qualquer membro não devem receber tratamento menos favorável que aquele concedido aos produtos similares de origem nacional e aos produtos similares originários de qualquer outro país.;CERTO
. O exame do funcionamento do Acordo sobre Barreiras Técnicas ao Comércio, para eventual ajuste visando preservar o equilíbrio entre direitos e obrigações, é realizado por meio de revisões trienais a cargo do Comitê sobre Barreiras Técnicas ao Comércio.;CERTO
. Em 2011, o Órgão de Solução de Controvérsias da OMC estabeleceu uma ação de reenvio prejudicial para que a Corte Internacional de Justiça decidisse sobre a competência do órgão para julgar questões de direitos humanos relacionadas ao comércio internacional.;ERRADO
. Caso um conflito internacional tenha sido submetido a outro foro internacional para julgamento, cabe ao Órgão de Solução de Controvérsias da OMC excluir sua competência, quando necessário.;ERRADO
. Embora somente os membros da OMC tenham capacidade postulatória perante o Órgão de Solução de Controvérsias, qualquer ator privado pode participar do contencioso como amicus curiae.;ERRADO
. O G20, grupo informal de países em desenvolvimento formado durante a preparação para a Conferência de Cancun, representa parcela substancial do comércio agrícola mundial.;CERTO
. Cabe ao Ministério das Relações Exteriores estabelecer normas e regulamentos para a proteção do mercado consumidor brasileiro, especialmente no controle e vigilância da importação de produtos farmacêuticos ou agropecuários.;ERRADO
. A diplomacia brasileira promove negociações bilaterais e multilaterais para ampliar o acesso a conhecimentos e novas tecnologias e incorporar inovações à economia e aos setores industrial e de serviços brasileiros.;CERTO
. A participação do Brasil em foros como a UNCTAD e o apoio ao Sistema Geral de Preferências constituem iniciativas voltadas à promoção de maior equidade no desenvolvimento global.;CERTO
. A participação brasileira na Rodada Doha da OMC busca promover e ampliar o acesso de bens e serviços brasileiros ao mercado mundial.;CERTO
. As organizações internacionais originam-se da vontade dos Estados que as constituem, os quais estabelecem seus mandatos e limites nas cartas constitutivas, visando disciplinar aspectos da vida internacional que exigem ações concertadas.;CERTO
. O propósito fundamental da OMC é contribuir para que as correntes de comércio circulem com fluidez, liberdade, equidade e previsibilidade, administrando acordos comerciais, promovendo negociações, resolvendo diferenças comerciais e examinando as políticas comerciais dos Estados-membros.;CERTO
. A OMC possui capacidade regulatória para constranger os Estados e demais atores internacionais a seguirem determinados padrões comportamentais, enquanto o PNUMA não possui a mesma capacidade regulatória, dificultando a construção de um regime ambiental internacional.;CERTO
. No processo decisório da OMC, o consenso constitui a regra básica, e, quando não alcançado, podem ser aplicadas as regras de votação previstas nos acordos, incluindo maioria de três quartos ou de dois terços em situações específicas.;CERTO
. Apesar da ampliação do conjunto de regras resultante da Rodada Uruguai, o sistema multilateral de comércio sob a OMC continua regido basicamente pelos mesmos princípios fundamentais enunciados no GATT de 1947.;CERTO
. A medida de defesa comercial que não representa reação a práticas desleais de comércio corresponde às salvaguardas comerciais.;CERTO
. O Sistema Geral de Preferências (SGP) é unilateral e não recíproco, de caráter temporário, cabendo ao país outorgante definir os produtos elegíveis, as margens de preferência e as regras aplicáveis à concessão.;CERTO
. O Brasil considera que a Rodada Doha deve incluir a correção das distorções do comércio agrícola por meio da eliminação de subsídios a importações, da ampliação do apoio interno à produção e da manutenção do atual nível de acesso a mercados.;ERRADO
. O Brasil defende, nos fóruns internacionais, um modelo econômico baseado na produção agrícola em grandes volumes e em mecanismos de mercado que permitam aos indivíduos sair da pobreza sem apoio governamental.;ERRADO
. O Acordo de Bali da OMC gera um resultado paradoxal: ao mesmo tempo em que estimula iniciativas regionais, prenuncia a falência de blocos econômicos como MERCOSUL, NAFTA e União Europeia.;ERRADO
. O comércio internacional é peça-chave da economia globalizada, de modo que obstáculos à sua plena realização geralmente produzem efeitos negativos, especialmente nos aspectos econômicos e sociais.;CERTO
. A inexistência de um órgão multilateral responsável por estabelecer e executar normas consensualmente aceitas para regular o comércio global é a principal causa das desavenças que impedem o pleno desenvolvimento dos mercados mundiais.;ERRADO
. O Acordo de Bali de 2013 conferiu credibilidade à OMC e foi amplamente entendido como uma expressiva vitória do então diretor-geral da organização, o brasileiro Roberto Azevêdo.;CERTO
. Um dos aspectos da globalização recente é o aumento do investimento estrangeiro de portfólio, que corresponde a fluxos financeiros como investimentos em títulos e ações.;CERTO
. O processo decisório preferencial no âmbito da Organização Mundial do Comércio ocorre por consenso.;CERTO
. O acordo comercial plurilateral originalmente abrangido pelo entendimento sobre solução de controvérsias da OMC é o Acordo Internacional sobre Licitações Internacionais.;CERTO
. A adoção da regra do consenso invertido no Sistema de Solução de Controvérsias da OMC baseia-se na necessidade de que os Estados-membros aprovem as decisões por unanimidade.;ERRADO
. A Organização Mundial do Comércio surgiu após a queda do Muro de Berlim.;CERTO
. O Sistema de Solução de Controvérsias da OMC admite a participação de blocos econômicos, como a União Europeia, e permite que organizações não governamentais se manifestem acerca de suas áreas de atuação.;ERRADO
. A China participa da OMC com status de membro observador, estando impedida de atuar como autora ou ré no Sistema de Solução de Controvérsias.;ERRADO
. Apesar das dificuldades enfrentadas nas negociações multilaterais, a OMC contribuiu efetivamente para inibir impulsos protecionistas no período imediatamente posterior à crise econômica de 2008.;CERTO
. O estancamento da Rodada Doha teve como consequência direta a perda de relevância do Órgão de Solução de Controvérsias da OMC.;ERRADO
. A nomeação de um brasileiro para a direção-geral da OMC decorreu da crescente influência dos países em desenvolvimento e expressou mudança na correlação de forças dentro da organização.;CERTO
. O PROEX possui as modalidades financiamento e equalização, e sua utilização pela EMBRAER na modalidade equalização motivou contencioso na OMC entre Brasil e Canadá envolvendo subsídios incompatíveis com o Acordo sobre Subsídios e Medidas Compensatórias.;CERTO
. Considera-se dumping a introdução de produto no mercado doméstico brasileiro a preço de exportação superior ao seu valor normal.;ERRADO
. Embora a OMC tenha sido criada apenas ao final da Rodada Uruguai, a regulação comercial internacional já era exercida pelas normas do GATT desde 1947, e o Brasil foi membro originário desse acordo.;CERTO
. Subsídios à exportação são diretamente relacionados ao desempenho exportador e podem assumir formas como isenção de impostos e créditos à exportação em condições mais vantajosas que as de mercado.;CERTO
. A OMC permite os subsídios às exportações porque eles são mais vantajosos que a utilização de cotas ou tarifas.;ERRADO
. Os subsídios às exportações distorcem os preços internacionais ao aumentar a oferta dos produtos subsidiados no mercado internacional.;CERTO
. Diferentemente do GATT de 1947, a OMC possui personalidade jurídica e pode celebrar acordos internacionais.;CERTO
. A inexistência de um Órgão de Apelação no mecanismo de solução de controvérsias da OMC assegura maior celeridade ao procedimento.;ERRADO
. Todas as decisões da OMC são sempre tomadas por unanimidade.;ERRADO
. A cláusula da nação mais favorecida foi abolida com a criação da OMC.;ERRADO
. O sistema de solução de controvérsias da OMC é mais diplomático do que jurisdicional, enfatizando negociação, mediação e conciliação.;ERRADO
. A reunião ministerial de Bali conseguiu alcançar um Acordo de Facilitação de Comércio.;CERTO
. Brasil e Índia assumiram papel central nas negociações da OMC a partir de 2003, com a formação do G20 agrícola e participação ativa no Órgão de Solução de Controvérsias.;CERTO
. A China, a Índia e o Brasil passaram a exercer reconhecida capacidade de influenciar os rumos do processo decisório da Rodada Doha.;CERTO
. Houve ajustes no processo de eleição do Diretor-Geral da OMC, do Diretor-Gerente do FMI e do Presidente do Banco Mundial em razão da nova distribuição do equilíbrio de poder internacional.;ERRADO
. Diante das dificuldades na Rodada Doha, os EUA buscaram acordos paralelos às negociações da OMC, como a Parceria Transpacífica e o Acordo de Parceria Transatlântica de Comércio e Investimento.;CERTO
. A principal razão para o Brasil manter sua estratégia de priorizar as negociações multilaterais na OMC é o forte interesse comercial brasileiro no setor agroalimentar, tornando a negociação multilateral particularmente adequada para enfrentar os obstáculos impostos pelos EUA e pela União Europeia.;CERTO
. A organização que sucedeu o GATT e regula as transações mercantis em escala global, além de funcionar como mecanismo de solução de controvérsias entre seus membros, é a OMC.;CERTO
. O programa Inovar-Auto, ao elevar a alíquota do IPI sobre veículos importados, não está sujeito às limitações do GATT porque a tributação interna não constitui barreira tarifária.;ERRADO
. A OMC, criada como resultado da Rodada Uruguai, possui entre suas funções o acompanhamento das políticas comerciais de seus membros, utilizando mecanismos previstos no sistema multilateral de comércio.;CERTO
. Segundo o GATT, não há amparo para práticas protecionistas inseridas em políticas de substituição de importações, baseadas na industrialização e na tese da deterioração dos termos de troca dos produtos primários.;CERTO
. É função da OMC administrar e aplicar os acordos comerciais multilaterais.;CERTO
Acerca do processo de tomada de decisão na OMC, o consenso é a regra básica e, quando não alcançado, os procedimentos requerem maioria de dois terços ou de três quartos?;CERTO
Uma das ferramentas que permite às nações desenvolvidas a redução de tarifas aduaneiras aos produtos oriundos de países em desenvolvimento é o Sistema Geral de Preferências (SGP)?;CERTO
Na análise de dumping, considera-se a diferença entre o preço do bem praticado na exportação e o praticado no mercado doméstico?;CERTO
Segundo o GATT, considera-se dumping a oferta de um produto no comércio exterior em valor inferior ao preço normal praticado na origem?;CERTO
A Rodada do Uruguai teve papel fundamental na constituição da Organização Mundial do Comércio (OMC)?;CERTO
Medidas antidumping somente podem ser adotadas se a autoridade governamental competente demonstrar nexo causal?;CERTO
O princípio do poluidor-pagador, contido na Agenda 21, determinou a responsabilidade pelos danos ambientais e estabeleceu formas gerais de cálculo dos custos ambientais?;ERRADO
As negociações multilaterais sobre comércio e meio ambiente frequentemente revelam um padrão Norte-Sul, havendo risco de normas ambientais estritas se transformarem em barreiras não tarifárias ou proteção disfarçada ao comércio?;CERTO
As regras da OMC permitem normas domésticas de proteção ambiental, e o OSC e o CTE atuam como tribunal internacional para estabelecer jurisprudência sobre a compatibilização entre proteção ambiental e comércio?;ERRADO
Os conceitos de “responsabilidades comuns, mas diferenciadas” e de “dumping ambiental” foram consagrados nos documentos da ONU em torno da Agenda 21?;ERRADO
A principal modalidade de negociação para inclusão de temas ambientais na agenda comercial tem sido por meio de acordos preferenciais bilaterais e regionais, com EUA e União Europeia como principais promotores?;CERTO
Segundo o GATT, considera-se dumping a oferta de um produto no comércio exterior em valor inferior ao preço normal praticado na origem?;CERTO
A constituição da OMC foi uma decorrência da Rodada Uruguai de Negociações Multilaterais do GATT, tendo seu ato de constituição sido internalizado pelo governo brasileiro?;CERTO
A lex mercatoria consiste em normas internacionais criadas por práticas e costumes, desvinculadas do direito dos Estados, mas reconhecidas pelos atores do comércio internacional?;CERTO
Entre as funções da OMC destacam-se a promoção da estabilidade cambial e o auxílio ao estabelecimento de um sistema multilateral de pagamentos?;ERRADO
Pelo princípio da nação mais favorecida, qualquer vantagem, favor, imunidade ou privilégio concedido a um país deve ser imediata e incondicionalmente estendido aos produtos similares dos demais membros?;CERTO
Os empréstimos do braço financeiro do Banco Mundial destinam-se a qualquer país-membro, independentemente de seu estágio de desenvolvimento?;ERRADO
O Sistema Geral de Preferências permite que países desenvolvidos concedam tratamento tarifário preferencial a produtos oriundos de países em desenvolvimento e de países de menor desenvolvimento relativo?;CERTO
É permitida a adoção de medidas de salvaguarda para proteger a indústria nacional?;CERTO
A prática de dumping ocorre quando um produto é introduzido no mercado de outro país a preço inferior ao seu valor normal?;CERTO
A prática de dumping ocorre quando a exportação de um produto ocorre a preço inferior ao praticado no seu mercado doméstico?;CERTO
Mesmo havendo identificação de subsídio e de prática anticoncorrencial, não há obrigatoriedade de sua eliminação?;CERTO
Sempre que constatado o dumping, a indústria nacional possui direito de compensação a ser exercido no exercício fiscal da constatação?;ERRADO
O marxismo se desenvolveu em reação ao liberalismo econômico, pois os conflitos políticos nascem da luta entre classes sociais em relação à distribuição da riqueza?;CERTO
No nacionalismo econômico, privilegia-se o Estado, e o mercado deve estar sujeito aos interesses estatais, inclusive por meio de medidas de proteção da produção interna?;CERTO
No liberalismo, o mercado deve funcionar livre de interferência política, embora a ordem internacional liberal preconize regras no comércio internacional?;CERTO
As trocas internacionais resultam das assimetrias entre países em matéria de preços relativos, os quais refletem os custos relativos de produção. Esse princípio corresponde às vantagens comparativas?;CERTO
As deliberações dos grupos especiais são confidenciais e as opiniões individuais de seus integrantes consignadas no relatório são anônimas?;CERTO
O Sistema de Solução de Controvérsias pode aumentar ou diminuir os direitos e obrigações definidos nos acordos da OMC para promover o reequilíbrio entre os membros?;ERRADO
As solicitações de conciliação e a utilização dos procedimentos de solução de controvérsias são consideradas ações contenciosas, devendo todos os membros participar do processo de boa-fé?;ERRADO
A solução de controvérsias inicia-se por consultas, que são públicas e não prejudicam os direitos de qualquer membro em procedimentos posteriores?;ERRADO
Bons ofícios, conciliação e mediação são procedimentos obrigatórios aos membros submetidos ao Sistema de Solução de Controvérsias da OMC?;ERRADO
No sistema de solução de controvérsias da OMC, vigora a regra do consenso negativo, segundo a qual decisões dos painéis e do Órgão de Apelação serão vinculantes salvo se todos os membros forem contrários?;CERTO
O Direito Econômico Internacional é regido, entre outras características, pela interdependência entre seus atores?;CERTO
O bloqueio dos Estados Unidos ao Órgão de Apelação da OMC revelou a fragilidade do sistema de resolução de controvérsias da organização?;CERTO
O bloqueio do Órgão de Apelação pelos Estados Unidos teve como objetivo pressionar pela adoção de critérios políticos e consensuais de indicação de seus membros, em substituição a sorteios aleatórios?;ERRADO
O elevado número de disputas que alcançavam a fase de apelação era incompatível com a concepção original do sistema, que privilegiava soluções mutuamente acordadas entre as partes?;CERTO
Nos últimos trinta anos, a globalização foi impulsionada por avanços tecnológicos, como novas modalidades de transmissão de dados e maior capacidade de processamento, que aceleraram os fluxos comerciais e facilitaram a movimentação internacional de capitais?;CERTO
Os contenciosos da OMC desenvolvem-se em três fases principais: consultas, painel e apelação?;CERTO
O caráter predatório do dumping caracteriza-se, basicamente, pela eliminação da concorrência no país importador, seguida do domínio do mercado e posterior elevação dos preços dos produtos?;CERTO
Cotas de importação, câmbios diferenciados por operação, tarifas protecionistas, tratamentos preferenciais discriminatórios e tributação mais onerosa dos produtos importados são barreiras ao comércio internacional vedadas pelo GATT, por afrontarem seu objetivo de liberalização das trocas?;CERTO
A redução de procedimentos pouco eficientes no comércio exterior, a coordenação entre órgãos governamentais, o gerenciamento de riscos e o uso de tecnologias e padrões internacionais são objetivos do Acordo sobre Facilitação do Comércio?;CERTO
As barreiras técnicas ao comércio compreendem regulamentos técnicos, normas e procedimentos de avaliação da conformidade que, quando variam entre países, podem elevar os custos do comércio e reduzir os ganhos potenciais das transações entre importadores e exportadores?;CERTO
A prática de venda de produtos no comércio exterior a preço inferior ao praticado no mercado interno é denominada dumping?;CERTO
O GATT foi criado dentro da OMC logo após o fim da Segunda Guerra Mundial?;ERRADO
O Brasil, embora convidado a integrar o GATT desde sua fundação, relutou em aderir ao acordo por adotar, à época, uma política protecionista?;ERRADO
A cláusula da nação mais favorecida aplica-se ao Acordo TRIPS no âmbito da OMC?;CERTO
A fraca recuperação do comércio mundial nos últimos anos decorre, entre outros fatores, da incerteza sobre o crescimento econômico mundial, do crescente protecionismo, das tensões geopolíticas e de distúrbios no transporte marítimo?;CERTO
A decisão unilateral dos países de elevar tarifas sobre importações para proteger seus mercados pode desencadear uma guerra comercial?;CERTO
A imposição de tarifas recíprocas tende a reduzir o comércio entre os países envolvidos, prejudicando consumidores e produtores?;CERTO
