Itaipu é um empreendimento binacional entre Brasil e Paraguai. Segundo o Tratado de Itaipu, 50% da energia produzida são de propriedade brasileira e 50%, paraguaia, e os dois países têm direito de compra sobre o excedente não utilizado pela outra parte.;CERTO
Em 1898, ao final da Guerra Hispano-Americana, a Espanha perdeu Cuba, Filipinas e Porto Rico.;CERTO
Entre os principais resultados da Guerra do Pacífico (1879-1883) esteve a mediterraneidade da Bolívia.;CERTO
O processo de paz entre Equador e Peru, concluído em Brasília em 1998, contou com Argentina, Brasil, Chile e Estados Unidos como países garantes do Protocolo do Rio de Janeiro de 1942.;CERTO
A análise de José Luís Fiori permite concluir que o modelo de inserção internacional adotado por vários países latino-americanos nas últimas décadas do século XX aumentou sua vulnerabilidade externa, em razão da desregulamentação econômica e da abertura das fronteiras sem mecanismos adequados de proteção.;CERTO
A globalização econômica contemporânea tende, em geral, a aumentar as exportações latino-americanas de produtos primários e de baixo conteúdo tecnológico.;CERTO
A economia latino-americana baseada na exportação de produtos primários protegeu a região das recessões mundiais e da volatilidade dos preços durante o século XX, pois esses produtos possuíam mercados assegurados.;ERRADO
O Brasil pode ser excluído do grupo de países considerados periferia global de recursos, pois sua pauta de exportações o caracteriza como país industrializado.;ERRADO
A modernização do setor primário brasileiro, realizada intensamente em todo o território, tem contribuído para reduzir as desigualdades geográficas e eliminar os enclaves regionais.;ERRADO
A exploração intensiva dos recursos naturais pode comprometer a sustentabilidade ecológica e econômica, tendo o desflorestamento no Brasil como um dos exemplos.;CERTO
O Grupo de Amigos para a Venezuela, criado no início dos anos 2000 por iniciativa brasileira, tinha como objetivo auxiliar o secretário-geral da OEA na mediação entre governo e oposição venezuelanos para buscar uma solução para a crise política.;CERTO
Entre as décadas de 1960 e 1980, o Uruguai permaneceu como exceção democrática no Cone Sul, mantendo sua condição de “Suíça da América Latina”.;ERRADO
Salvador Allende foi líder de um movimento armado semelhante ao dos guerrilheiros da Sierra Maestra e, posteriormente, tornou-se o primeiro presidente socialista da América do Sul.;ERRADO
Os sucessivos golpes militares na Argentina, a partir do final dos anos 1950, conseguiram minar definitivamente a força política historicamente exercida pelo peronismo no país.;ERRADO
O fim do ciclo autoritário na América Latina coincidiu com novo surto de prosperidade econômica e redução direta dos níveis de desigualdade social na região.;ERRADO
A onda de regimes nacionalistas e reformistas latino-americanos, iniciada com a Revolução Mexicana e retomada por Cárdenas, ressurgiu na década de 1950, especialmente na Guatemala e na Bolívia.;CERTO
A Revolução Cubana, vitoriosa em 1959 e comandada por Fidel Castro, assumiu caráter socialista de inspiração marxista em 1961 e aprofundou a coletivização das terras, a nacionalização de empresas e a concentração do poder político.;CERTO
O Chile protagonizou a experiência inédita na América Latina de adoção do socialismo pela via eleitoral, com a vitória de Salvador Allende; em 1973, um golpe de Estado pôs fim ao seu governo e instaurou a ditadura de Augusto Pinochet.";CERTO
Os sandinistas chegaram ao poder na Nicarágua por meio de eleições em 1979 e com apoio ostensivo de Washington, encerrando a ditadura de Somoza.;ERRADO
As perspectivas para o incremento das relações do Brasil com os países centro-americanos apoiam-se no aumento do comércio, nos investimentos brasileiros, na cooperação técnica, científica e educacional e na cooperação para a estruturação de mercados de biocombustíveis.;CERTO
A denominação Estado Plurinacional da Bolívia reconhece o pluralismo étnico do país e sua valorização por meio de políticas públicas, como educação e saúde, constituindo uma prioridade do governo de Evo Morales.;CERTO
O MERCOSUL é uma instância regional de escopo estratégico-militar, responsável por discutir questões como a instalação de bases norte-americanas na Colômbia.;ERRADO
A eleição de Sebastián Piñera, em 2010, provocou o rompimento das relações diplomáticas entre Chile e Venezuela.;ERRADO
Não houve consenso sul-americano quanto à adoção de uma norma comum para televisão digital: Argentina e Uruguai adotaram a norma europeia, enquanto Brasil e Paraguai adotaram o modelo nipo-brasileiro.;CERTO
Chile e Peru divergiram quanto à delimitação de seus limites marítimos no Pacífico, tendo o Peru reivindicado uma área oceânica que não era reconhecida pelo Chile.;CERTO
As negociações de acordos de livre-comércio com os EUA por Chile, Colômbia, Peru e Uruguai constituíram obstáculo à integração sul-americana, e as negociações uruguaias foram interrompidas após o Brasil se comprometer a ampliar programas no MERCOSUL em benefício dos sócios menores.;ERRADO
O Brasil é tradicionalmente favorável à reivindicação argentina de soberania sobre as Ilhas Malvinas no contencioso entre Argentina e Reino Unido.;CERTO
Nos últimos anos, a Colômbia passou a priorizar a América do Sul em sua política externa, aumentando a relevância das relações regionais por meio da adesão à UNASUL e de acordos de complementação econômica que, no caso do Brasil, praticamente zerariam as tarifas de importação de produtos brasileiros até 2018.;ERRADO
Durante a década de 1990, a Argentina reforçou sua relação preferencial com os EUA e aprofundou a integração econômica com o Brasil no MERCOSUL, conseguindo enfrentar as turbulências do final da década e iniciar o século XXI com estabilidade política interna e integração regional.;ERRADO
Durante o período Chávez, a política externa venezuelana sofreu mudanças profundas, destacando-se a afirmação da identidade sul-americana e a adoção de valores terceiro-mundistas.;CERTO
A percepção argentina do Brasil como rival foi gradualmente substituída pela ideia de país amigo, no qual as elites argentinas poderiam confiar em momentos críticos, como a Guerra das Malvinas e o processo de redemocratização, favorecendo a cooperação bilateral em segurança e defesa.;ERRADO
A Revolução Cubana, iniciada em 1956 sob a liderança de Fidel Castro, tinha caráter comunista desde o início e contou com o apoio logístico e político do Partido Socialista Popular para consolidar-se na Sierra Maestra.;ERRADO
Durante o governo Obama, os EUA se indispuseram com o secretário-geral da OEA porque ele se recusou a convocar sessão do Conselho Permanente para tratar da alteração da ordem constitucional na Venezuela e do referendo revogatório defendido pela oposição venezuelana.;CERTO
Em 1968, militares reformistas chegaram ao poder por golpes de Estado no Peru e no Panamá e, em 1969, o militarismo reformista também chegou ao poder na Bolívia.;CERTO
Salvador Allende chegou ao poder no Chile em 1970 por eleições democráticas, representando a Unidade Popular, coalizão que reunia socialistas, comunistas, social-democratas e dissidentes democrata-cristãos.;CERTO
A aproximação brasileira com os países da América Central teve como bases iniciais projetos de cooperação técnica, iniciativas de expansão comercial e promoção de investimentos.;CERTO
O esforço diplomático brasileiro iniciado em 2009 para impulsionar as relações com o Caribe não produziu resultados comerciais expressivos, tendo as exportações e importações brasileiras sofrido forte declínio nos cinco anos seguintes.;ERRADO
A atuação brasileira no sistema interamericano após a Guerra Fria foi heterogênea, incluindo apoio ao fortalecimento da democracia, reticência diante da agenda de segurança hemisférica e críticas ao Sistema Interamericano de Direitos Humanos.;CERTO
O Brasil desenvolve atividades regulares nos quatro pilares da OEA: democracia, direitos humanos, segurança e desenvolvimento integral.;CERTO
Após a Guerra Fria, a ONU promoveu conferências sobre temas globais como meio ambiente, gênero e direitos humanos, buscando contribuir para uma governança global baseada em instituições e normas capazes de reduzir conflitos.;CERTO
Cooperação triangular é uma modalidade de cooperação técnica entre países em desenvolvimento que necessariamente envolve um governo coordenador, uma organização internacional responsável pela assistência técnica e um agente privado ou do terceiro setor responsável pelo financiamento ou execução.;ERRADO
O Comitê Interamericano contra o Terrorismo integra a estrutura da OEA e atua, entre outras áreas, no fortalecimento da capacidade dos países para combater terrorismo, ameaças cibernéticas, ameaças marítimas e proliferação de armas de destruição em massa.;CERTO
Em 1991, os Estados-membros da OEA aprovaram unanimemente o Compromisso de Santiago com a Democracia e a Renovação do Sistema Interamericano, estabelecendo a cláusula democrática, posteriormente reforçada pela Carta Democrática Interamericana de 2001.;CERTO
O Brasil ratificou a Convenção Interamericana contra a Corrupção em 2002, e a convenção abrange atos de corrupção envolvendo direta ou indiretamente funcionários públicos ou pessoas que exerçam funções públicas.;CERTO
Após os atentados de 11 de setembro de 2001, o Brasil invocou o TIAR e propôs a resolução “Ameaça Terrorista nas Américas”, considerando os ataques aos EUA como um ataque contra os países americanos.;CERTO
Na III Conferência Ministerial Hemisférica de Luta contra o Terrorismo, realizada na Colômbia em 2020, os participantes afirmaram que o Hezbollah e suas organizações afiliadas constituíam ameaça à segurança coletiva nas Américas.;CERTO
A suspensão da Venezuela do MERCOSUL, em 2017, baseou-se no Protocolo de Ushuaia, que estabelece a plena vigência das instituições democráticas como condição essencial para o processo de integração.;CERTO
Desde 2018, o Conselho de Direitos Humanos da ONU discute a situação venezuelana, mas o Brasil não liderou negociações de resoluções sobre o tema porque defende, por princípio, que o órgão não trate de situações de direitos humanos em países específicos.;ERRADO
O Grupo de Lima, criado em 2017, constitui importante iniciativa regional de concertação diplomática sobre a Venezuela e apoia a restauração da democracia por meio de processo político pacífico e inclusivo.;CERTO
A tentativa de acionamento do TIAR para tratar da situação venezuelana foi infrutífera, pois a reunião do Órgão de Consulta realizada em Nova York em 2019 não conseguiu obter a maioria necessária para aprovar ações concretas.;ERRADO
A OEA constitui a espinha dorsal do Sistema Interamericano e atua em temas como direitos humanos, democracia, combate à corrupção e segurança, sendo um fórum relevante para o Brasil, inclusive por envolver temas que geram divergências com os EUA.;CERTO
As relações Brasil-México são historicamente condicionadas por diferentes prioridades de política externa e inserção internacional e regional, além de dificuldades de complementaridade econômica e comercial.;CERTO
As relações do Brasil com os países do istmo centro-americano foram historicamente pouco densas, e ganharam impulso recentemente com a criação da CELAC.;ERRADO
A diplomacia brasileira historicamente defende a ZOPACAS, criada em 1986, e a proclamação da América Latina e do Caribe como Zona de Paz, feita pela CELAC em 2014, com base em princípios como cooperação, solução pacífica de controvérsias e não intervenção.;CERTO
As ações militares executadas no território da Venezuela em janeiro de 2026 contrariam princípios do direito internacional, incluindo a proibição do uso e da ameaça do uso da força, o respeito à soberania e a integridade territorial dos Estados.;CERTO
O Brasil se opõe ao embargo contra Cuba, à aplicação extraterritorial de leis nacionais discriminatórias e a sanções coercitivas unilaterais, considerando injusta a manutenção do bloqueio contra o país.;CERTO
Diante dos acontecimentos recentes na Venezuela, o Brasil recordou a proclamação da América Latina e do Caribe como Zona de Paz, baseada na não intervenção e na solução pacífica de controvérsias, e apelou à unidade regional diante de ações que ameacem a estabilidade regional.;CERTO
O princípio da solução pacífica dos conflitos é compatível com a ratificação, pelo Brasil, do Tratado Americano de Soluções Pacíficas, pelo qual o país reconheceu a jurisdição compulsória da Corte Internacional de Justiça.;ERRADO
A industrialização de alguns países latino-americanos após a Segunda Guerra Mundial baseou-se predominantemente no modelo de substituição de importações.;CERTO
Entre as semelhanças entre os processos de desenvolvimento dos NICS asiáticos e latino-americanos está a industrialização voltada para a substituição de importações.;CERTO
O texto sobre Orlando Letelier e os opositores políticos assassinados na América do Sul faz referência à Operação Condor, que eliminou dezenas de opositores das ditaduras militares sul-americanas.;CERTO
O entorno sul-americano vem crescendo como área de prioridade da presença diplomática do Brasil.;CERTO
O adensamento das relações econômicas do Brasil com a América Latina também é fator de geração de fricções e diferenças pontuais em áreas como energia e tarifas de comércio.;CERTO
No sistema interamericano, o Brasil atuou, nas últimas décadas, quase sempre em favor da busca de certa capacidade decisória própria do Brasil e de seu entorno sul e latino-americano em relação aos desígnios de Washington.;CERTO
As relações do Brasil com seus vizinhos sul-americanos, mesmo difíceis e marcadas por fricções, constituem desafio importante diante das questões de segurança, estabilização regional e promoção comercial, embora não haja um foro único para a discussão de todas essas questões.;CERTO
A Bolívia, apesar de isolada no contexto sul-americano, vem buscando desenvolver um sistema de alianças extracontinentais seguras com parceiros internacionais confiáveis e apreciados por todas as lideranças políticas da UNASUL.;ERRADO
A ausência de uma saída para o mar, elites esgarçadas e uma economia em franca retração são fatores que justificam o conjunto de dificuldades enfrentadas pela Bolívia desde 2003.;CERTO
A doutrina da não intervenção, na crise boliviana, traduziu-se no alheamento dos Estados sul-americanos diante das proposições voltadas ao diálogo e ao esforço de estabilidade do país.;ERRADO
A dicotomia entre as elites economicamente poderosas do oriente boliviano e o governo central andino pauperizado não reflete plenamente a realidade boliviana, marcada por baixos níveis de cidadania, migrações internas, baixa escolaridade e elevada pobreza em diferentes regiões.;CERTO
A crescente importância do Brasil e da Venezuela no cenário sul-americano, inclusive na mediação de crises regionais, decorre da modernização econômica, da tranquilidade política e da projeção internacional de que gozam os dois países, em igual proporção e com igual legitimidade internacional.;ERRADO
As relações comerciais do Brasil com os países vizinhos desenvolvem-se preponderantemente com base em acordos preferenciais bilaterais celebrados no âmbito da ALADI, permitindo ao Brasil maior liberdade de ação do que teria em acordos regionais.;ERRADO
A ênfase dada pelo Brasil às relações com os países da América do Sul decorre do interesse norte-americano em promover a ALCA, possuindo, portanto, conotação defensiva e anti-hegemônica.;ERRADO
O delineamento de uma política brasileira para a América do Sul ocorreu apenas a partir de 2003, com o governo Lula, período em que foram criadas as primeiras instituições genuinamente sul-americanas de integração.;ERRADO
A aproximação entre Brasil e Argentina que resultou na criação do MERCOSUL somente foi possível após a restauração da democracia nos dois países, pois durante os regimes militares prevaleceram a rivalidade e a disputa hegemônica.;ERRADO
A América do Sul representa um espaço privilegiado de oportunidades para a internacionalização de empresas brasileiras, corroborando a prioridade atribuída à região pela política externa brasileira.;CERTO
O mercado sul-americano foi historicamente muito importante para o Brasil, razão pela qual o país sempre manteve preocupação em garantir condições de acesso preferencial aos mercados de seus vizinhos, como demonstrariam o Pacto ABC, o Pacto Amazônico e a UNASUL.;ERRADO
Apesar de ser eminentemente político, a OEA ofereceu o marco institucional para as negociações comerciais destinadas à criação da ALCA.;ERRADO
O sistema interamericano modificou as restrições a Cuba na OEA, contando com forte apoio brasileiro.;CERTO
Criada em 1948, a OEA é o organismo político multilateral mais antigo em atividade no continente americano.;CERTO
As relações do Brasil com seus vizinhos são pautadas, desde os tempos do Visconde do Rio Branco, pela percepção da cordialidade oficial e pela busca da cooperação para projetos de desenvolvimento.;ERRADO
Uma das inserções multilaterais do Brasil é sua participação no Sistema Econômico Latino-Americano.;CERTO
O governo paraguaio deseja comprar cada vez mais energia de Itaipu, mas o Brasil tem recusado essa demanda por considerar que ela aumentaria os custos da indústria paulista.;ERRADO
Hugo Chávez foi eleito em 1998 em um contexto de desmoralização dos partidos políticos tradicionais e foi beneficiado pela elevação dos preços internacionais do petróleo, principal produto de exportação venezuelano. Seu governo implementou reformas econômicas, políticas e sociais contestadas por setores empresariais e políticos.;CERTO
Pela primeira vez na história da Bolívia, um indivíduo de origem indígena tornou-se presidente da República em 2006: Evo Morales, líder dos plantadores de coca, oriundo de uma das áreas mais pobres do país, que adotou política nacionalista e ampliou o controle estatal sobre as principais fontes de riqueza.;CERTO
No Chile, o processo de redemocratização levou, em 1989, à eleição de Patricio Aylwin, que assumiu o poder no lugar de Augusto Pinochet e propôs reformas democratizantes e o restabelecimento das liberdades civis.;CERTO
De acordo com o tratado de Itaipu, Brasil e Paraguai seriam sócios igualitários e contribuiriam igualmente para a construção da usina. Como o Paraguai não possuía recursos financeiros suficientes, o Brasil assumiu os custos da construção, mediante compromisso de amortização da dívida paraguaia em parcelas anuais até 2013.;ERRADO
O governo brasileiro mantém posição de neutralidade na disputa sobre os limites marítimos entre Peru e Chile, fundamentado nos princípios da não intervenção e da solução de litígios conforme o direito internacional.;CERTO
Na crise política peruana de 2000, decorrente da terceira reeleição de Alberto Fujimori, o Brasil decidiu não reconhecer o resultado eleitoral e defendeu, na OEA, a destituição do presidente peruano.;ERRADO
Na América Latina, grupos guerrilheiros e paramilitares representam desafios à soberania estatal, ao Estado de direito e ao controle territorial.;CERTO
O tráfico de drogas é uma ameaça praticamente a todos os países latino-americanos, e a América do Sul consome a maior parte da cocaína produzida mundialmente e produz a maior parte da maconha e do ópio destinados aos EUA.;ERRADO
O terrorismo é a principal preocupação dos países latino-americanos desde os anos 2000, e a Convenção Interamericana contra o Terrorismo definiu claramente o conceito de terrorismo.;ERRADO
No reinício das hostilidades entre Equador e Peru pela disputa do vale do Cenepa, o Brasil coordenou intervenção conjunta com Argentina, Chile e EUA, países garantes do Protocolo de 1942, contribuindo para a solução definitiva do conflito nos Acordos de Paz de Brasília.;CERTO
Durante sua visita à Bolívia, o Papa Francisco defendeu o papel desempenhado pela Igreja Católica em relação aos indígenas durante a Conquista da América.;ERRADO
Durante a visita de Dilma Rousseff a Washington, Barack Obama declarou que, para seu governo, o Brasil era uma potência global, e não apenas regional.;CERTO
O país que participou da Cúpula das Américas de 2015, após décadas afastado do sistema interamericano desde 1962, foi Cuba.;CERTO
As FARC foram originalmente um exército revolucionário comprometido com a implantação do socialismo na Colômbia e, posteriormente, envolveram-se crescentemente com o narcotráfico.;CERTO
Por maioria absoluta de votos, a população colombiana aprovou o acordo de paz entre o governo e as FARC no referendo de 2016.;ERRADO
O conflito armado entre as FARC e o governo colombiano prolongou-se por cerca de cinco décadas.;CERTO
A derrota do acordo de paz no referendo de 2016 indicava uma dificuldade intransponível para a celebração de um novo acordo entre o governo colombiano e as FARC.;ERRADO
O governo colombiano e as lideranças das FARC iniciaram negociações para um acordo de paz destinado a pôr fim ao conflito armado que durava décadas e havia produzido centenas de milhares de vítimas, milhões de deslocados internos e milhares de desaparecidos.;CERTO
A intensificação das migrações da Venezuela para o Brasil possui estreita relação com a crise econômica venezuelana, em um país que detém uma das maiores reservas de petróleo do mundo.;CERTO
A primeira medida de implementação do novo acordo de paz entre o governo colombiano e as FARC foi a transformação imediata das FARC em um partido político sustentado pelo governo e apto a disputar a eleição presidencial seguinte.;ERRADO
A perda da maioria no Legislativo pelas forças chavistas nas eleições de dezembro de 2015 aprofundou o impasse entre a oposição e o governo de Nicolás Maduro.;CERTO
Em resposta à Revolução Cubana e à Crise dos Mísseis, os EUA adotaram uma política de combate ao comunismo, apoiando grupos latino-americanos interessados em conter o avanço do socialismo na América.;CERTO
Os principais pilares de atuação da OEA são democracia, direitos humanos, segurança e desenvolvimento.;CERTO
A Convenção de Genebra de 1951 assegura proteção a pessoas perseguidas ou sob risco de perseguição por motivos de raça, religião, nacionalidade, pertencimento a determinado grupo social ou opinião política.;CERTO
De acordo com o tratado pertinente, a usina hidrelétrica de Itaipu seria compartilhada entre Brasil e Paraguai como sócios igualitários, e o Brasil assumiu todos os custos da construção, comprometendo-se o Paraguai a amortizar a dívida em parcelas anuais até 2013.;ERRADO
O governo brasileiro mantém posição de neutralidade na disputa sobre os limites marítimos entre Peru e Chile, fundamentado nos princípios da não intervenção e da solução de litígios conforme o direito internacional.;CERTO
Na crise política peruana de 2000, decorrente da terceira reeleição de Alberto Fujimori, o governo brasileiro decidiu não reconhecer o resultado do pleito e sustentou, na OEA, a destituição do presidente peruano.;ERRADO
Na América Latina, grupos guerrilheiros e paramilitares representam desafios à soberania estatal, enquanto o terrorismo constituiu a principal preocupação regional após o 11 de Setembro, tendo a CICTE definido claramente o conceito de terrorismo.;ERRADO
No reinício das hostilidades entre Equador e Peru pela disputa do vale do Cenepa, o Brasil coordenou intervenção conjunta com Argentina, Chile e EUA, países garantes do Protocolo de 1942, contribuindo para os Acordos de Paz de Brasília.;CERTO
Em visita à Bolívia, o Papa Francisco defendeu o papel desempenhado pela Igreja Católica em relação aos indígenas durante a chamada Conquista da América.;ERRADO
Na visita de Dilma Rousseff a Washington, Barack Obama declarou que, para seu governo, o Brasil era uma potência global, e não apenas regional.;CERTO
Em 2015, Cuba participou da VII Cúpula das Américas, realizada no Panamá, marcando sua presença após décadas afastada do sistema interamericano.;CERTO
Originalmente, as FARC eram um exército revolucionário comprometido com a implantação do socialismo na Colômbia e, posteriormente, envolveram-se crescentemente com o narcotráfico.;CERTO
Por maioria absoluta de votos, a população colombiana rejeitou o acordo de paz entre o governo e as FARC no referendo de 2016.;ERRADO
O conflito armado entre as FARC e o governo colombiano, em país que possui fronteira com o Brasil, prolongou-se por cerca de cinco décadas.;CERTO
A derrota do acordo de paz no referendo colombiano de 2016 indicava uma dificuldade intransponível para a celebração de novo acordo entre o governo e as FARC.;ERRADO
Em 2016, o governo colombiano e as FARC negociavam um acordo de paz para pôr fim a um conflito armado que já durava décadas.;CERTO
A intensificação das migrações da Venezuela para o território brasileiro tem estreita relação com a crise econômica daquele país, que possui uma das maiores reservas de petróleo do mundo.;CERTO
A primeira medida de implementação do novo acordo de paz colombiano de 2016 foi a concessão de anistia a guerrilheiros e militares que não haviam cometido crimes hediondos ou contra a humanidade.;CERTO
A perda da maioria chavista no Legislativo venezuelano nas eleições de dezembro de 2015 aprofundou o impasse entre a oposição e o governo de Nicolás Maduro.;CERTO
Em resposta à Revolução Cubana e à Guerra Fria, os Estados Unidos adotaram uma política de combate ao comunismo e apoiaram grupos latino-americanos interessados em conter o avanço do socialismo.;CERTO
A Organização dos Estados Americanos tem como principais pilares a democracia, os direitos humanos, a segurança e o desenvolvimento integral.;CERTO
A Convenção de Genebra de 1951 assegura proteção a pessoas perseguidas ou sob risco de perseguição por motivos de raça/etnia, religião, nacionalidade, pertencimento a grupo social ou opinião política.;CERTO
As Zonas de Paz na América do Sul demonstram a relevância das instituições, das normas e da interdependência na definição do quadro regional de segurança; instabilidade política, tráfico e contrabando desafiam essa zona; sua compreensão exige instrumentos adaptados às características próprias da região.";CERTO
A baixa aderência dos sistemas políticos latino-americanos aos objetivos de grupos minoritários fez com que não fossem observados avanços importantes na articulação de movimentos indigenistas, especialmente nos países andinos.;ERRADO
Nas duas últimas décadas, a América Latina viveu processo de afirmação de identidades culturais, mobilizando forças políticas e organizações da sociedade civil em favor de maior influência da cultura nas agendas políticas e na integração regional.;CERTO
No MERCOSUL, na CAN e na UNASUL, a integração cultural responde prioritariamente ao objetivo de criar condições favoráveis ao aumento dos fluxos de comércio e investimentos.;ERRADO
Na América Latina e no Caribe, emprego formal e renda sofreram forte contração em 2020; vacinação, retomada dos investimentos e preços de commodities poderiam favorecer a recuperação; Brasil e Argentina enfrentavam dificuldades domésticas, enquanto a recuperação mexicana dependia fortemente dos EUA.";CERTO
Os desafios de segurança na Amazônia estão associados às atividades ilícitas nas fronteiras Peru-Brasil e Colômbia-Brasil, e o fortalecimento dos crimes transnacionais e da mobilidade humana transfronteiriça contribui para problemas de soberania na região.;CERTO
Durante o século XIX, houve nos EUA movimentos favoráveis à anexação de Cuba, enquanto interesses norte-americanos na Nicarágua também estiveram relacionados à possibilidade de construção de um canal interoceânico.;CERTO
O governo brasileiro de Emílio Médici, orientado por uma ideologia anticomunista, apoiou com equipamentos bélicos o golpe de Estado na Bolívia que derrubou Juan José Torres González.;CERTO
A OEA foi criada depois da ONU como uma reação americana destinada a garantir a paz e a segurança no continente, promover a democracia representativa, solucionar problemas políticos e estimular o desenvolvimento econômico e regional.;CERTO
