A partir de 1978, o principal líder associado ao período de reformas econômicas e abertura ao exterior da República Popular da China foi Deng Xiaoping.;CERTO
A atual experiência chinesa de abertura teve início na década de 1980 e foi baseada essencialmente nas reformas da URSS de Gorbachev, com flexibilização política semelhante.;ERRADO
A entrada da China na OMC ocorreu mediante tratamento preferencial que permitiu ao país manter praticamente fechadas suas fronteiras aos produtos estrangeiros, tendo como objetivo principal escoar sua produção excedente.;ERRADO
A estratégia chinesa de inserção no mercado global pode ser comparada à experiência japonesa da Era Meiji, marcada pela modernização como instrumento de desenvolvimento e de não subalternidade diante do Ocidente.;CERTO
Após a vitória de Mao Zedong em 1949, os Estados Unidos reconheceram imediatamente a República Popular da China, que passou a ocupar o assento da China no Conselho de Segurança da ONU.;ERRADO
A Conferência de Bandung, realizada em 1955, catalisou as aspirações de jovens nações africanas e asiáticas em busca de maior autonomia em relação às duas superpotências.;CERTO
No pós-Segunda Guerra Mundial, Índia e China seguiram trajetórias distintas: a Índia adotou uma via reformista e democrática, enquanto a China seguiu uma via revolucionária de esquerda, culminando na República Popular em 1949.;CERTO
Mahatma Gandhi destacou-se no processo de independência da Índia por defender a não violência e a resistência pacífica, mas nunca exerceu o cargo de primeiro-ministro da Índia.;CERTO
O processo de independência da Indochina foi praticamente pacífico e culminou na independência do Vietnã, Laos e Camboja por ação do Conselho de Segurança da ONU.;ERRADO
A experiência chinesa de Deng Xiaoping foi estruturalmente semelhante à perestroika de Gorbachev, pois ambas combinaram abertura econômica com ampla liberalização política.;ERRADO
A política externa chinesa concentra-se na conquista de mercados externos porque seu mercado interno é reduzido, apoiando-se principalmente no incentivo às importações e na elevação dos salários.;ERRADO
Em 2004, a presença de mais de 400 empresários na comitiva presidencial brasileira à China demonstrou o interesse em estreitar os vínculos comerciais, sendo a China a maior importadora mundial de soja.;CERTO
As relações entre China e Taiwan tornaram-se muito menos tensas na atualidade, sobretudo em razão do pragmatismo econômico adotado por ambos os governos.;ERRADO
A partir da década de 1990, o Brasil intensificou suas relações econômicas com a Ásia, mas ainda não existia foro birregional específico entre América Latina e Ásia semelhante ao existente entre América do Sul e países árabes.;ERRADO
Brasil e Índia mantêm diálogo político e coordenação em foros multilaterais, atuam conjuntamente no G20 da OMC e integram o G-4, que defende a reforma do Conselho de Segurança da ONU.;CERTO
A cooperação entre Brasil e Índia em defesa e tecnologias nuclear e aeroespacial é impossibilitada pelo fato de a Índia não ser signatária do TNP e não ter aderido ao RCTM.;ERRADO
Brasil e Índia desenvolveram cooperação energética, incluindo o Programa de Trabalho sobre Biocombustíveis e acordos envolvendo empresas dos dois países nos setores de petróleo, gás e derivados.;CERTO
O crescimento do comércio Brasil–Índia estimulou a expansão do acordo comercial MERCOSUL–Índia.;CERTO
Brasil e China apresentam interesses convergentes em diversos temas da agenda global, o que favorece a coordenação de posições nos principais fóruns multilaterais, apesar das diferenças de dimensão entre os dois países.;CERTO
No início do século XX, a China foi dividida em protetorados sob domínio das potências ocidentais, ficando o imperador com autoridade apenas sobre Pequim e seus arredores.;ERRADO
A Reforma dos Cem Dias foi promovida pela imperatriz Cixi e sua deposição provocou a Revolução de 1911, que encerrou a dinastia Manchu.;ERRADO
O Japão preservou sua independência ao realizar uma ampla modernização durante a Era Meiji, incorporando métodos e elementos ocidentais.;CERTO
A vitória japonesa na Guerra Russo-Japonesa de 1904–1905 demonstrou o novo poderio militar do Japão.;CERTO
As guerras sino-indiana de 1962 e indo-paquistanesas de 1965 e 1971 evidenciaram principalmente a intensidade da Guerra Fria no subcontinente indiano, e não disputas territoriais.;ERRADO
Durante a Guerra Fria, as diferenças entre Brasil e Índia dificultaram a articulação política dos dois países em organizações como UNCTAD, G-77 e GATT.;ERRADO
O Brasil apoiou a admissão da República Popular da China na ONU como legítima ocupante do assento anteriormente reservado à China Nacionalista.;CERTO
O Brasil ampliou suas exportações para a China em razão, entre outros fatores, do aumento da demanda chinesa por alimentos, especialmente carnes e grãos.;CERTO
Brasil, Japão, Alemanha e Índia integram o G-4, criado em 2005 para defender a reforma do Conselho de Segurança da ONU, mas não votam necessariamente em bloco em todas as questões.;CERTO
Brasil e Japão integram o Fórum de Cooperação América Latina–Ásia do Leste (FOCALAL).;CERTO
Em 2013, Brasil e Japão assinaram um acordo de preferências comerciais que facilitou o acesso de produtos e serviços brasileiros ao mercado japonês.;ERRADO
Brasil e Japão mantêm amplo programa de cooperação técnica e científico-tecnológica, incluindo atividades de pesquisa oceanográfica no Atlântico Sul.;CERTO
A Revolução Chinesa de Mao Zedong seguiu praticamente sem alterações o modelo soviético e resultou em uma aliança permanente entre China e URSS até a chegada de Gorbachev.;ERRADO
Os bons resultados dos planos econômicos de Mao nos anos 1950 permitiram uma flexibilização política que se concretizou na Revolução Cultural, responsável por estabelecer padrões democráticos na China.;ERRADO
Brasil e China organizam sua parceria estratégica por meio da Comissão Sino-Brasileira de Alto Nível de Concertação e Cooperação (COSBAN), incluindo atenção ao agronegócio, energia, infraestrutura e setores de maior valor agregado.;CERTO
A política externa indiana abandonou a identidade terceiro-mundista e passou a priorizar exclusivamente a condição de polo geopolítico, confrontando simultaneamente Estados Unidos e China.;ERRADO
As relações Brasil–Japão remontam ao século XIX, quando chegaram ao Brasil as primeiras famílias de imigrantes japoneses, e posteriormente os dois governos ampliaram a cooperação em diversas áreas.;ERRADO
A política externa chinesa busca crescimento e estabilidade econômica para garantir soberania, unidade territorial e maior projeção internacional, utilizando instrumentos bilaterais e multilaterais como BRICS e BASIC.;CERTO
Em 1949, os comunistas chineses chegaram ao poder após uma longa luta que envolveu inicialmente forte atuação no campo e posteriormente avançou sobre as cidades.;CERTO
A vitória francesa em Dien Bien Phu, em 1954, preservou a Indochina e permitiu que a França comandasse a negociação que levou à independência gradual do Vietnã, Laos e Camboja.;ERRADO
Durante a Política Externa Independente, em 1961, o Brasil enviou à República Popular da China uma missão comercial chefiada pelo vice-presidente João Goulart.;CERTO
Fernando Collor de Mello foi o primeiro presidente brasileiro a realizar visita oficial à China e à Ásia continental.;ERRADO
O regime militar brasileiro somente normalizou as relações diplomáticas com Pequim após a redemocratização de 1985.;ERRADO
Em 1952, durante a Guerra da Coreia, o Brasil oficializou seu apoio à China Nacionalista e instalou uma embaixada em Taipé.;ERRADO
A China passou a buscar um modelo de crescimento menos intensivo em carbono e comprometeu-se com os Estados Unidos a eliminar gradualmente subsídios a atividades baseadas em combustíveis fósseis.;ERRADO
Em 2015, o Brasil superou a Venezuela como principal destino dos investimentos chineses na América Latina, com crescente participação de investimentos em infraestrutura.;CERTO
Em abril de 2016, a China anunciou um programa de exploração de uma nova rota marítima no Ártico para ampliar suas linhas comerciais no hemisfério norte.;CERTO
Apesar da expansão da oferta chinesa de bens e serviços de alto valor agregado, a produtividade do trabalho chinesa vinha apresentando estagnação desde meados da década anterior.;CERTO
A China abandonou sua tradicional posição sobre a reforma do Conselho de Segurança da ONU e passou a apoiar a criação de seis novos membros permanentes, principalmente países não industrializados.;ERRADO
O modelo chinês de “novas relações entre grandes potências” foi proposto aos Estados Unidos em 2013 e formalmente adotado por ambos os países em 2014.;ERRADO
A China absteve-se na votação da Resolução 68/262 da Assembleia Geral da ONU sobre a integridade territorial da Ucrânia, mantendo posição compatível com suas próprias sensibilidades territoriais.;CERTO
O aumento da influência chinesa no mundo foi acompanhado de maior rivalidade com o Japão nos campos político, militar e de defesa.;CERTO
A partir de 1978, a República Popular da China conheceu um período de reformas econômicas e abertura ao exterior. O principal líder associado a esse período foi Deng Xiaoping.;CERTO
A experiência de abertura da China, iniciada na década de 1980, foi essencialmente baseada nas reformas da URSS sob Gorbachev, combinando flexibilização política e econômica.;ERRADO
A entrada da China na OMC permitiu ao país manter praticamente fechadas suas fronteiras aos produtos estrangeiros, concentrando-se na exportação de sua produção para os mercados mundiais.;ERRADO
A estratégia chinesa de inserção no mercado global lembra a experiência japonesa da Era Meiji, que buscou modernizar o país como forma de evitar a subalternidade em relação ao Ocidente.;CERTO
A vitória de Mao Tsé-tung em 1949 levou os EUA a reconhecerem imediatamente a República Popular da China e a China a ocupar imediatamente o assento no Conselho de Segurança da ONU.;ERRADO
A Conferência de Bandung, em 1955, catalisou as aspirações das jovens nações africanas e asiáticas por maior autonomia diante das duas superpotências.;CERTO
No pós-Segunda Guerra, a Índia seguiu trajetória de reformismo liberal, enquanto a China adotou uma via revolucionária de esquerda, culminando na proclamação da República Popular em 1949.;CERTO
Mahatma Gandhi, defensor da não violência, assumiu o cargo de primeiro-ministro da Índia e posteriormente renunciou devido às dissensões políticas internas.;ERRADO
O processo de independência da Indochina foi praticamente pacífico e culminou na independência do Vietnã, Laos e Camboja por ação do Conselho de Segurança da ONU.;ERRADO
A experiência chinesa de Deng Xiaoping reproduziu estruturalmente a experiência de Gorbachev, combinando abertura econômica e liberalização política.;ERRADO
A política externa econômica chinesa busca mercados externos principalmente porque o mercado interno chinês possui dimensão reduzida, incentivando também as importações e a elevação dos salários.;ERRADO
A visita de Lula à China em 2004, acompanhada por mais de 400 empresários, demonstrou o interesse brasileiro em estreitar os laços comerciais; o Brasil era grande exportador de soja e a China, grande importadora do produto.";CERTO
As relações entre China e Taiwan estão atualmente muito menos tensas que durante a Guerra Fria, principalmente devido ao pragmatismo econômico de ambos os governos.;ERRADO
A partir dos anos 1990, o Brasil dinamizou suas relações econômicas com a Ásia, mas ainda não existia foro birregional específico entre América Latina e Ásia.;ERRADO
Brasil e Índia mantêm diálogo político e coordenação em organismos multilaterais, atuam conjuntamente no G20 da OMC e integram o G4, que defende a reforma do Conselho de Segurança da ONU.;CERTO
A cooperação Brasil-Índia em defesa e tecnologias nuclear e aeroespacial é impossibilitada pelo fato de a Índia não ser signatária do TNP e não integrar o RCTM.;ERRADO
Brasil e Índia desenvolveram cooperação energética, incluindo biocombustíveis e acordos envolvendo empresas dos dois países nos setores de petróleo, gás e derivados.;CERTO
O crescimento do comércio Brasil-Índia estimulou a expansão do Acordo MERCOSUL-Índia, que ampara o comércio bilateral.;CERTO
A condição de grandes potências emergentes e a convergência de interesses globais favorecem a coordenação de posições entre Brasil e China em fóruns multilaterais como ONU e OMC.;CERTO
A China foi dividida em protetorados ocidentais no início do século XX, ficando o imperador com autoridade apenas sobre Pequim e seus arredores.;ERRADO
A imperatriz Cixi promoveu a Reforma dos Cem Dias, foi deposta em razão dela e a Revolução de 1911 pôs fim à dinastia Manchu.;ERRADO
O Japão preservou sua independência ao promover ampla modernização e assimilar métodos e costumes ocidentais.;CERTO
O novo poderio militar japonês ficou demonstrado na guerra contra a Rússia, em 1904-1905.;CERTO
As guerras sino-indiana de 1962 e indo-paquistanesas de 1965 e 1971 evidenciaram principalmente a intensidade da Guerra Fria no subcontinente indiano.;ERRADO
A agenda de cooperação Brasil-Índia prioriza ciência e tecnologia, especialmente biotecnologia, tecnologia da informação e nanotecnologia.;ERRADO
O início das relações diplomáticas Brasil-China ocorreu na década de 1940, quando foi instalada a embaixada chinesa no Brasil.;ERRADO
O Brasil ampliou suas exportações para a China, diante da crescente demanda chinesa por alimentos, especialmente carnes e grãos.;CERTO
Brasil, Japão, Alemanha e Índia, integrantes do G4, passaram a votar em bloco nas resoluções do Conselho de Segurança da ONU.;ERRADO
Brasil e Japão integram o Fórum de Cooperação América Latina-Ásia do Leste (FOCALAL).;CERTO
Brasil e Japão assinaram, em 2013, acordo de preferências comerciais que facilitaria investimentos japoneses no Brasil e o acesso de produtos e serviços brasileiros ao Japão.;ERRADO
Brasil e Japão mantêm amplo programa de cooperação técnica e científico-tecnológica, incluindo iniciativas oceanográficas no Atlântico Sul.;CERTO
A Revolução Chinesa seguiu praticamente sem alterações o modelo soviético e resultou em uma aliança permanente entre China e URSS até a chegada de Gorbachev.;ERRADO
Os bons resultados dos planos econômicos de Mao permitiram uma abertura política durante a Revolução Cultural, que teria proporcionado padrões de democracia à China.;ERRADO
Brasil e China organizam sua parceria estratégica no âmbito da COSBAN, que trata de setores como agronegócio, energia, infraestrutura e atividades de maior valor agregado.;CERTO
A política externa indiana abandonou a identidade terceiro-mundista e passou a priorizar um perfil de polo geopolítico, confrontando simultaneamente EUA e China.;ERRADO
As relações Brasil-Japão remontam ao século XIX, quando chegaram ao Brasil as primeiras famílias de imigrantes japoneses.;ERRADO
A China busca crescimento e estabilidade econômica para garantir sua soberania, unidade territorial e afirmação como ator global, atuando bilateralmente e em mecanismos como BRICS e BASIC.;CERTO
Em 1949, os comunistas chineses tomaram o poder em Pequim após uma longa luta que envolveu guerrilhas rurais e posteriormente alcançou as cidades.;CERTO
A vitória francesa em Dien Bien Phu, em 1954, preservou a Indochina e permitiu à França comandar a negociação que conduziu à independência gradual do Vietnã, Laos e Camboja.;ERRADO
Durante a Política Externa Independente, em 1961, o Brasil enviou à China uma missão comercial chefiada pelo vice-presidente João Goulart.;CERTO
Fernando Collor foi o primeiro presidente brasileiro a realizar visita oficial à China e à Ásia continental.;ERRADO
O regime militar brasileiro, por sua rigidez ideológica, somente normalizou relações com Pequim após a redemocratização de 1985.;ERRADO
Em 1952, durante a Guerra da Coreia, o Brasil oficializou seu apoio à China Nacionalista e instalou uma embaixada em Taipé.;CERTO
A China e os EUA comprometeram-se a retirar gradualmente subsídios às atividades econômicas baseadas na queima de combustíveis fósseis.;ERRADO
Em 2015, o Brasil superou a Venezuela como principal destino dos investimentos chineses na América Latina, com crescente participação de investimentos em infraestrutura.;CERTO
Em abril de 2016, a China anunciou programa para explorar uma nova rota marítima no Ártico, ampliando suas linhas comerciais no hemisfério norte.;CERTO
Apesar da expansão chinesa em bens e serviços de alto valor agregado, o país enfrentava limites à competitividade global devido ao estancamento da produtividade do trabalho.;CERTO
A China passou a apoiar a reforma do Conselho de Segurança da ONU segundo uma fórmula que acrescentaria seis membros permanentes com direito a veto.;ERRADO
O modelo de “new model of great power relations”, proposto pela China aos EUA em 2013, foi adotado pelos dois países em 2014.;ERRADO
A China se absteve na votação da Resolução 68/262 da Assembleia Geral da ONU sobre a integridade territorial da Ucrânia.;CERTO
O aumento da influência chinesa foi acompanhado de maior rivalidade com o Japão nos campos político, militar e de defesa.;CERTO
As revoluções russa e chinesa tiveram em comum a mobilização de grandes massas do proletariado urbano, organizadas por partidos comunistas, para tomar o poder pela violência.;ERRADO
Após a vitória comunista, Mao implementou programa econômico que estatizou empresas industriais estrangeiras e empresas pertencentes a famílias ligadas ao Kuomintang.;CERTO
O Japão assinou com os EUA, em 1853, o Tratado de Amizade e Cooperação, dando início à Revolução Meiji.;ERRADO
O colonialismo no Extremo Oriente foi inicialmente um projeto coletivo de Reino Unido e França, ao qual posteriormente aderiu a Alemanha.;ERRADO
A conquista britânica da Índia foi inicialmente realizada por meio da Companhia das Índias Orientais, sob proteção do governo britânico.;CERTO
A China passou a valorizar mecanismos coletivos regionais de integração econômica, apoiando propostas como a FTAAP e a RCEP.;ERRADO
A política externa indiana inclui a articulação da infraestrutura da Nova Rota da Seda em cooperação bilateral com a China.;ERRADO
A parceria estratégica Brasil-China diversificou sua agenda, incorporando temas como meio ambiente, saúde pública e tecnologias sensíveis, além dos tradicionais interesses econômico-comerciais e aeroespaciais.;CERTO
A Revolução Meiji foi provocada por uma violenta revolta de grupos isolacionistas, que enfraqueceu o xogunato e fortaleceu o regime imperial.;ERRADO
O imperialismo britânico na Índia provocou levantes como a Revolta dos Sipaios, que posteriormente inspiraram Mahatma Gandhi em sua luta pela independência.;ERRADO
Propostas de modernização econômica sustentaram a mobilização popular de Gandhi, enquanto o nacionalismo tradicionalista de Bal Gangadhar Tilak foi minimizado pelas divisões religiosas entre hindus e muçulmanos.;ERRADO
O FOCALAL transformou-se em importantes arranjos regionais de liberalização comercial, como a Aliança do Pacífico e a parceria CELAC-ASEAN.;ERRADO
As relações entre Brasil e China foram oficialmente instituídas pelo Tratado de Amizade, Comércio e Navegação de 1881, seguido pela abertura de um consulado brasileiro em Xangai em 1883.;CERTO
Em 1992, durante a visita de Narasimha Rao ao Brasil, os dois países assinaram o primeiro acordo comercial, incluindo cooperação científica e tecnológica nos setores farmacêutico e espacial.;ERRADO
A balança comercial Brasil-Coreia do Norte tem sido deficitária, com importações brasileiras de produtos manufaturados como produtos de ferro ou aço, bombas, compressores e ventiladores.;CERTO
O Brasil alcançou importantes superávits comerciais com o Japão na década de 2010, apesar de suas exportações serem majoritariamente compostas por produtos básicos.;ERRADO
A guerra comercial entre China e EUA provocou repercussões no comércio agropecuário Brasil-China, com aumento substancial das exportações brasileiras de soja a partir de 2018.;CERTO
A participação das exportações agropecuárias brasileiras no total exportado para a China permaneceu entre 5% e 10% durante o século XXI, com crescimento da soja em detrimento de açúcar e café.;ERRADO
A China é importante no comércio mundial de alimentos, mas as trocas de produtos agropecuários com o Brasil ainda não apresentam valores significativos.;ERRADO
O escândalo da Carne Fraca não foi suficiente para abalar a importância das exportações brasileiras de carne para a China, cuja demanda aumentou também em razão da peste suína africana.;CERTO
A fronteira sino-indiana não apresenta predominância de elementos naturais que dificultem grandes movimentos militares; o poder demográfico e nuclear dos dois países evitou conflitos de grande escala.";ERRADO
A extensão territorial, os recursos naturais e o relevo predominantemente plano da Rússia contribuíram para a formulação, por Mackinder, da teoria da Área Pivô.;CERTO
Os EUA consolidaram seu território no século XIX e desenvolveram no século XX uma marinha de águas azuis apoiada em bases no Atlântico e no Pacífico, em consonância com as ideias de Mahan.;CERTO
As fronteiras modernas da China apresentam coerência geográfica defensiva e comercial, enquanto a Belt and Road busca contornar obstáculos marítimos, pois a China prioriza o poder territorial em detrimento do poder naval.;ERRADO
As Guerras do Ópio resultaram diretamente da competição entre potências coloniais europeias e os EUA pela obtenção de concessões de Pequim.;ERRADO
A vitória britânica na Primeira Guerra do Ópio foi facilitada pelo controle inglês sobre o porto de Hong Kong.;ERRADO
Somente após a derrota na Segunda Guerra do Ópio a China foi obrigada a permitir representações diplomáticas estrangeiras residentes em Pequim.;CERTO
Durante o intervalo entre as Guerras do Ópio, britânicos e franceses auxiliaram a dinastia Qing contra a rebelião Taiping, de inspiração cristã.;CERTO
O Partido do Congresso foi a principal força da independência indiana, defendendo uma nação multirreligiosa, enquanto a Liga Muçulmana promoveu a criação do Paquistão.;CERTO
O Grande Salto Adiante promoveu rápida industrialização e autossuficiência alimentar, e seu sucesso levou Mao a lançar posteriormente a Revolução Cultural.;ERRADO
Em 2014, durante a visita de Shinzo Abe ao Brasil, os dois países anunciaram uma Parceria Estratégica e Global com previsão de acordo de livre comércio MERCOSUL-Japão até 2030.;ERRADO
As políticas econômicas Abenomics tinham como objetivos reaquecer a economia japonesa, incentivar a inovação e promover as exportações.;CERTO
A Aliança Diamante de Segurança Democrática da Ásia, proposta por Abe, prevê segurança coletiva e a criação de uma força militar conjunta entre Japão, EUA, Austrália e Índia.;ERRADO
A política externa de Abe buscou ampliar as possibilidades de emprego das Forças de Autodefesa e criou o Conselho de Segurança Nacional.;CERTO
Brasil, China e outros países do Sul Global criaram, em 2024, o Grupo de Amigos da Paz, voltado à busca de solução diplomática e inclusiva para o conflito na Ucrânia, com base na Carta da ONU e nos princípios de Bandung.;CERTO
Embora não tenha aderido formalmente à Belt and Road Initiative, o Brasil identifica sinergias entre a iniciativa chinesa e estratégias brasileiras de desenvolvimento e integração logística e de infraestrutura.;CERTO
O Fórum CELAC-China é uma importante plataforma de cooperação Sul-Sul e tem como objetivo disseminar um modelo único de desenvolvimento econômico e social para a América Latina.;ERRADO
A rivalidade entre EUA e China tem impulsionado mecanismos como APEC e ASEAN a fortalecerem acordos comerciais e tecnológicos.;CERTO
A Iniciativa de Governança Global da China, lançada em 2025, baseia-se em igualdade soberana, Estado de direito internacional, multilateralismo, abordagem centrada nas pessoas e ações concretas.;CERTO
A Iniciativa da Civilização Global, apresentada pela China em 2023, tem como objetivo central acelerar a implementação da Agenda 2030 para o desenvolvimento sustentável.;ERRADO
A Organização para a Cooperação de Xangai busca fortalecer confiança, boa vizinhança e cooperação entre seus membros em áreas políticas, econômicas, científicas, culturais, energéticas, ambientais e de segurança.;CERTO
A lembrança de figuras ligadas à Segunda Guerra Mundial no Santuário Yasukuni contribui para a conciliação e convergência da política externa entre os países asiáticos.;ERRADO
O fato desencadeador da crise entre Índia e Paquistão no início dos anos 2000 foi o ataque terrorista ao Parlamento de Nova Délhi, tendo o governo indiano acusado o serviço secreto paquistanês de ter apoiado o ataque.;CERTO
Vivendo hoje sob regime democrático parlamentar, com o poder em mãos de civis, Índia e Paquistão estiveram submetidos, durante décadas, a regimes militares autoritários, o que ajuda a entender o sofisticado arsenal bélico de que dispõem.;ERRADO
A Índia, tradicional aliada dos EUA na Ásia, e o Paquistão, ferrenho inimigo do regime talibã, receberam atenção especial e considerável aporte financeiro norte-americano quando dos ataques da coalizão antiterror ao Afeganistão.;ERRADO
O desenvolvimento econômico da Índia fez-se de maneira desigual: em meio a uma gigantesca população, defronta-se com áreas muito pobres e com práticas econômicas rudimentares, enquanto ostenta notável desempenho em setores tecnológicos de ponta, como o da informática.;CERTO
Os êxitos da abertura econômica chinesa fizeram-se acompanhar por igual distensão no campo político, com o Partido Comunista aceitando partilhar o poder com outras correntes partidárias.;ERRADO
A Guerra da Coreia foi também parte do processo de descolonização asiático.;ERRADO
Uma das características do processo de descolonização da Índia foi a criação, pela fração islâmica da população, de um Estado separado, o Paquistão.;CERTO
O Afeganistão foi um dos países asiáticos que se manteve independente ao longo de todo o século XX.;CERTO
Um dos impactos da forte expansão experimentada na década de 2000 por países asiáticos densamente povoados, como Índia e China, somada à forte expansão americana, foi o aumento do preço de várias commodities.;CERTO
Na atualidade, a China é considerada uma das mais fortes e dinâmicas economias do mundo, com índices anuais de crescimento muito expressivos.;CERTO
A abertura econômica chinesa é acompanhada de idêntica liberalização no campo político, o que se percebe com o afastamento cada vez maior do Partido Comunista na condução do Estado.;ERRADO
O impacto do crescimento chinês sobre a economia mundial não é maior porque o país resiste a ingressar na Organização Mundial do Comércio (OMC) e a ampliar suas exportações.;ERRADO
Também asiática e quase tão populosa como a China, a Índia apresenta-se hoje como uma das mais pujantes economias emergentes do planeta.;CERTO
Embora assimétrico, o avanço da globalização trouxe como resultado positivo a eliminação dos fatores que impeliam a economia capitalista a passar por crises cíclicas, das quais a de 1929 foi o símbolo maior.;ERRADO
Desde os anos 80 do século XX, a China apresenta crescentes índices de crescimento econômico, fenômeno que modifica as condições de vida de parcelas significativas de sua gigantesca população e amplia a presença do país no mercado mundial.;CERTO
No atual estágio da economia mundial, os avanços tecnológicos e as facilidades de comunicação deles decorrentes propiciam a rápida circulação tanto das mercadorias quanto de capitais.;CERTO
A Índia, país emergente com grande potencial de crescimento econômico, padece sob regime político autoritário, sem ter conhecido experiência democrática desde a independência, o que dificulta sua inserção na economia globalizada.;ERRADO
Os chamados Tigres Asiáticos têm em comum, entre outros fatores, a decisão estratégica de investir maciçamente na educação, fato considerado essencial para seus bons resultados econômicos.;CERTO
O Japão encerrou a Primeira Guerra Mundial envolvendo-se duramente nos assuntos da Europa pela via da expansão de suas indústrias e de seu comércio sobre as economias esgarçadas da Europa.;ERRADO
Os processos de integração econômica e política, em grande parte das experiências desenvolvidas nas últimas décadas, passam por momentos de restrições.;CERTO
O fracasso das negociações comerciais da Rodada Doha foi fato isolado no mundo contemporâneo, que se caracteriza pela existência de regimes internacionais e regras de previsibilidade.;ERRADO
Estados emergentes na Ásia, como China e Índia, vêm engendrando capacidade de poder e têm agido pela via da obstrução em importantes questões globais.;CERTO
O declínio relativo dos Estados hegemônicos do Atlântico Norte e a transferência do eixo de poder para países do Pacífico e do Índico vêm promovendo mudanças, no início do século XXI, na geografia política das relações internacionais.;CERTO
A ONU, criada em um momento bastante distinto do atual, assiste à pressão por reforma institucional para agregar mais legitimidade política ao sistema multilateral de segurança coletiva.;CERTO
Desde a abertura iniciada em 1978, os governantes chineses afirmam estar construindo o “socialismo com características chinesas”, marcado por ênfase nas exportações, salários relativamente baixos, abertura econômica seletiva e controlada pelo Estado, investimentos no exterior e crescente poder financeiro.;CERTO
Apesar do estabelecimento de relações diplomáticas entre Brasil e República Popular da China, não foi estabelecida pelo Estado brasileiro parceria criativa com o gigante chinês ao longo da década de 1980.;ERRADO
Brasil e Japão mantêm alto grau de coordenação política no cenário internacional, sobretudo no que se refere às ações do Grupo dos 4 (G-4) para a reforma do Conselho de Segurança das Nações Unidas.;CERTO
No âmbito da cooperação em ciência e tecnologia, Brasil e China decidiram interromper o programa espacial CBERS, mantido entre ambos os países desde a última década do século passado.;ERRADO
Durante o governo de Luiz Inácio Lula da Silva, o Brasil abriu embaixada em Pyongyang e apoiou as reivindicações territoriais norte-coreanas em relação à Coreia do Sul e o direito norte-coreano de desenvolvimento de energia nuclear para fins pacíficos.;ERRADO
A China consolidou-se, desde 2009, como o segundo principal destino das exportações brasileiras, logo depois da União Europeia, considerando-se este bloco como um todo.;ERRADO
A entrada da China na OMC limitou a capacidade do governo chinês de manipular a taxa de câmbio do yuan; a política cambial chinesa produz impacto significativo na balança comercial brasileira; e a taxa de câmbio flutuante é determinada pela oferta e demanda de moedas estrangeiras.";ERRADO
China e Coreia do Sul são exemplos de economias que foram revigoradas, entre outras razões, pelo incentivo à formação e ao aperfeiçoamento de talentos por meio de intercâmbio em grandes centros mundiais produtores de conhecimento.;CERTO
O projeto econômico do governo chinês para os próximos anos é fundamentado na transição de uma economia direcionada ao consumo para uma economia direcionada ao investimento.;ERRADO
Burma, após o fim da Guerra Fria, sofreu intervenção da Indonésia e da China, que ameaçou a segurança regional e provocou o envio de uma missão de paz da ONU que permanece ativa no país.;ERRADO
Segundo Giovanni Arrighi, a ascensão chinesa deve-se ao gradualismo das reformas, contrário às terapias de choque do Consenso de Washington, e à desregulamentação seletiva, sem redução do controle estatal sobre a economia.;CERTO
A crescente importância econômica de países como China e Índia, somada ao protagonismo do Japão na economia mundial após a Segunda Guerra Mundial, cria a perspectiva de que a Ásia se torne cada vez mais influente no cenário econômico global.;CERTO
O desenvolvimento econômico chinês iniciado no final da década de 1970 contou com núcleos litorâneos que atraíram investimentos externos e privados chineses, denominados zonas especiais de exportação.;CERTO
Coreia do Sul, Taiwan, Hong Kong e Singapura protagonizaram um “espetáculo de crescimento” econômico e ficaram conhecidos como Tigres Asiáticos.;CERTO
Apesar das divergências, China e Estados Unidos mantêm forte interdependência econômica, sendo a China responsável pelo financiamento de parte significativa da dívida norte-americana e componente fundamental do comércio bilateral.;CERTO
Apesar das divergências, China e Estados Unidos mantêm forte interdependência econômica, sendo a China responsável pelo financiamento de parte significativa da dívida norte-americana e componente fundamental do comércio bilateral.;CERTO
O governo norte-coreano tem feito frequentes ameaças à Coreia do Sul, provocando reações enérgicas do governo sul-coreano, que seria o maior interessado em deflagrar um conflito no Oriente.;ERRADO
A Coreia do Norte conta historicamente com o Japão entre seus aliados, que apoia o regime ditatorial norte-coreano.;ERRADO
Em 2017, órgãos de inteligência dos EUA coletaram a informação de que o governo norte-coreano teria desenvolvido uma ogiva nuclear miniaturizada para ser usada em um míssil intercontinental.;CERTO
No final do século XIX, o Japão tornou-se uma potência colonialista, como demonstra a Primeira Guerra Sino-Japonesa.;CERTO
A proteção dada pela China à Coreia do Norte relaciona-se ao alinhamento geopolítico e militar da Coreia do Sul com os Estados Unidos, que mantêm bases e contingentes militares no país, buscando evitar a hegemonia norte-americana na região.;CERTO
A manutenção da liderança econômica e militar da China depende do controle da população, o que levou o governo chinês a reforçar a política do filho único instituída desde a Revolução Cultural.;ERRADO
O neo-eurasianismo é um termo empregado para designar a ação da Rússia nas nações do antigo bloco soviético e em países de seu entorno considerados estratégicos para seu projeto de poder.;CERTO
A Nova Rota da Seda constitui um ambicioso projeto de integração da China com países asiáticos, africanos e europeus, envolvendo grandes investimentos para ampliar parceiros econômicos e confrontar a hegemonia dos Estados Unidos.;CERTO
A aproximação da China dos países em desenvolvimento no século XXI baseia-se no reforço da ideologia terceiro-mundista, na reivindicação de inserção nas estruturas tradicionais de governança global e no estímulo ao multilateralismo e à cooperação Sul-Sul. PORQUE as relações da China com o Sul inserem-se no esforço de busca de autonomia e redução de vulnerabilidades, tornando o país mais influente nos âmbitos político, econômico e estratégico e ampliando sua projeção internacional.;CERTO
Em 2017, o conflito envolvendo a minoria rohingya em Myanmar provocou o deslocamento de milhares de refugiados para Bangladesh.;CERTO
A iniciativa chinesa conhecida como “Um Cinturão e Uma Rota” não representa uma abertura da China para uma economia de mercado nem transforma o país no primeiro Estado socialista com livre iniciativa.;CERTO
A guerra comercial entre Estados Unidos e China tende a afetar a economia de outros países, pois as cadeias globais de produção e consumo estão interligadas.;CERTO
A guerra comercial entre Estados Unidos e China pode aumentar os custos das exportações e gerar um ciclo de diminuição do comércio internacional.;CERTO
A disputa comercial entre Estados Unidos e China afeta o mercado financeiro, porque grandes empresas mundiais possuem bases produtivas na China.;CERTO
As manifestações de Hong Kong em 2019 começaram após o anúncio de um projeto de lei que facilitaria a extradição de suspeitos para serem julgados na China continental.;CERTO
O espaço geoeconômico da Iniciativa Cinturão e Rota ultrapassa a região histórica da Rota da Seda asiática e também se estende à conexão com economias da África Oriental, Europa Oriental e Oriente Médio.;CERTO
A China é a maior democracia do mundo e, apesar de ampliar sua participação no comércio mundial, praticamente desconhece o mercado latino-americano, especialmente o Brasil.;ERRADO
No cenário geopolítico global atual, a China exerce influência cada vez maior nas relações internacionais do Brasil e em sua balança comercial.;CERTO
A Iniciativa Belt and Road promove cooperação em infraestrutura, integrando regiões da Ásia, Europa e África e fortalecendo a projeção geopolítica e econômica da China. A aproximação chinesa com países da África e da América Latina é acompanhada pela ampliação das relações comerciais e dos projetos de cooperação para o desenvolvimento.;CERTO
Durante a Era dos Impérios, entre 1875 e 1914, os impérios globais foram estabelecidos pelas grandes potências, impulsionados pela Segunda Revolução Industrial, pelos nacionalismos exacerbados e pela difusão das teorias darwinistas sociais.;CERTO
Diferentemente do colonialismo dos séculos XV a XVIII, o imperialismo dos séculos XIX e XX orientava-se sobretudo pela busca de mercados consumidores capazes de absorver os produtos industrializados das potências europeias.;CERTO
A Índia, a Coreia do Sul e, especialmente, a China se reposicionaram na economia global graças à geração de conhecimento inovador, contribuindo para a desconcentração da inovação mundial e para o enfraquecimento relativo do poder dos Estados Unidos, da Europa e do Japão.;CERTO
Apesar da manutenção do superávit comercial brasileiro com a China, a pauta exportadora do Brasil para o país asiático é desequilibrada, pois o Brasil fornece predominantemente commodities e recebe principalmente bens manufaturados.;CERTO
A dependência da exportação de bens primários para a China pode aumentar a vulnerabilidade externa dos países latino-americanos.;CERTO
O soft power chinês fundamenta-se, entre outros elementos, nas parcerias estabelecidas para o desenvolvimento da Nova Rota da Seda e na defesa do sistema multilateral.;CERTO
