Na visita de FHC à Rússia, em janeiro de 2002, Brasil e Rússia declararam apoio mútuo à entrada da Rússia na OMC e à candidatura brasileira a membro permanente do Conselho de Segurança da ONU.;CERTO
Em razão do protecionismo agrícola da União Europeia, as relações do Brasil com os países da Europa Ocidental não registraram, na década de 1990, evolução importante nos campos econômico ou político.;ERRADO
As relações UE–Brasil têm, no campo dos investimentos, uma de suas dimensões mais vigorosas, sendo o Brasil grande receptor de investimentos diretos da União Europeia entre os países emergentes.;CERTO
O grande êxito da parceria estratégica UE–Brasil, apresentada na primeira cúpula bilateral de 2007, foi a superação dos impasses que impediam a conclusão da Rodada de Doha.;ERRADO
As medidas protecionistas da União Europeia, particularmente sobre produtos agrícolas, provocaram gradual redução das exportações brasileiras para o mercado comunitário e diminuição do superávit comercial brasileiro com o bloco.;ERRADO
As divergências entre Brasil e União Europeia sobre redução das emissões de CO₂, biocombustíveis e energia nuclear não impediram o diálogo político sobre mudança climática e segurança energética.;CERTO
A França apoia o aumento do número de membros permanentes do Conselho de Segurança da ONU, incluindo o Brasil entre os novos membros.;CERTO
Tendo estabelecido uma parceria estratégica com a União Europeia em 2007, o Brasil possui relações formalizadas por acordos como o Acordo-Quadro de Cooperação CE-Brasil, o Acordo-Quadro de Cooperação UE-MERCOSUL e o Acordo de Cooperação Científica e Tecnológica.;CERTO
A expansão da OTAN tornou-se fonte de tensão entre Rússia e membros da Aliança Atlântica, incluindo países do antigo Pacto de Varsóvia e países balcânicos e bálticos.;CERTO
A Rússia enfrentou tensões com diversas antigas repúblicas soviéticas, inclusive a Ucrânia, percebendo em determinados movimentos de autonomia a influência ou o incentivo de países ocidentais.;CERTO
A Europa não enfrenta riscos de dependência energética em relação à Rússia, pois países como a Alemanha possuem autonomia energética graças às suas usinas nucleares.;ERRADO
A ascensão de Vladimir Putin foi acompanhada pelo fortalecimento do orgulho nacional russo, e sua política econômica baseou-se em forte aproximação com os países ocidentais, especialmente os europeus.;ERRADO
A desintegração da Iugoslávia ocorreu em meio à tentativa sérvia de impedir a descentralização política e de construir uma Grande Sérvia, processo associado às guerras da década de 1990.;ERRADO
Os Bálcãs assumiram características de região conflitiva especialmente a partir da dissolução do Império Otomano e das transformações políticas que culminaram na Primeira Guerra Mundial.;CERTO
Durante a Primeira Guerra Mundial, a Entente procurou preservar a integridade de cada país balcânico de acordo com suas respectivas etnias e religiões.;ERRADO
A influência da Alemanha nazista e da Itália fascista nos Estados balcânicos favoreceu o avanço das tropas alemãs durante a Segunda Guerra Mundial em direção a Moscou.;CERTO
Brasil e União Europeia continuam a cooperar em comércio, investimentos e negócios, inclusive por meio das negociações do acordo UE-MERCOSUL.;CERTO
As exportações brasileiras de máquinas, equipamentos de transporte e produtos químicos para a União Europeia respondem por cerca de um quarto das exportações brasileiras para a região e são inferiores às exportações de produtos agrícolas.;CERTO
Representantes brasileiros e europeus de alto nível reúnem-se periodicamente para promover cooperação em políticas sociais, incluindo mudanças demográficas, direitos de trabalhadores migrantes e regimes especiais para trabalhadores rurais.;CERTO
O plano de ação conjunto da parceria estratégica Brasil–UE enfatiza a promoção dos direitos humanos e da democracia, a defesa da justiça internacional e o fortalecimento do sistema multilateral.;CERTO
O Reino Unido busca utilizar o Brasil como via de acesso aos mercados sul-americanos e pretende usar um tratado de livre comércio já existente entre Brasil e Reino Unido como base para a negociação do acordo UE-MERCOSUL.;ERRADO
A comunidade brasileira no Reino Unido possui dimensão significativa e o governo brasileiro instalou um Conselho de Cidadãos Brasileiros no país.;CERTO
O governo britânico identifica como desafios para a realização de negócios no Brasil fatores como a complexidade tributária, a elevada carga tributária, a importância das relações pessoais, a corrupção e as diferenças regionais e culturais.;CERTO
Como consequência dos diálogos estratégicos entre os governos, o comércio Brasil–Reino Unido mais que triplicou em dez anos, colocando o Brasil entre os dez principais parceiros comerciais britânicos.;ERRADO
A Alemanha apresenta comércio amplamente superavitário com o Brasil, exportando principalmente produtos manufaturados e importando sobretudo produtos básicos, como café, minérios e farelo de soja.;CERTO
Brasil e Alemanha celebraram acordo de parceria e cooperação em segurança pública pelo qual a Alemanha apoiaria a modernização da Polícia Federal em troca de experiências brasileiras na organização de grandes eventos esportivos.;ERRADO
A Rússia utiliza o BRICS como instrumento de promoção do comércio bilateral com os demais membros, e o Brasil figura entre os principais parceiros comerciais russos.;CERTO
Brasil e Rússia convergem sobre a reforma das estruturas de governança global, mas divergem quanto à criação do Arranjo Contingencial de Reservas do BRICS.;ERRADO
Alemanha, França e Reino Unido sofreram menos os efeitos da crise de 2008 sobre o emprego do que países como Itália e Portugal.;CERTO
A crise europeia foi causada essencialmente por gastos públicos excessivos e pela ausência de reservas suficientes em países como Grécia, Itália, Irlanda, Portugal e Espanha.;ERRADO
O Tratado de Roma de 1992 estabeleceu que a relação entre dívida pública e PIB dos países-membros não poderia ultrapassar 30%.;ERRADO
Em 2010, Alemanha, França e Reino Unido conseguiram evitar ataques especulativos ao euro e à libra por possuírem economias industrializadas, capacidade de investimento e grandes reservas internacionais.;ERRADO
A Alemanha mostrou disposição para atenuar ou suspender as sanções contra a Rússia caso esta cumprisse os Acordos de Minsk, relacionados à crise ucraniana.;CERTO
A Alemanha desempenhou papel importante no fortalecimento do sistema brasileiro de inovação, inclusive por meio de parcerias com a Sociedade Fraunhofer e instituições brasileiras de pesquisa e inovação.;CERTO
As relações teuto-americanas sofreram desgaste após revelações de espionagem da NSA contra autoridades alemãs, incluindo a interceptação de comunicações de altas autoridades.;CERTO
As relações entre Alemanha e Turquia sofreram desgaste após o Parlamento alemão reconhecer como genocídio o massacre de armênios pelo Império Otomano em 1915–1916.;CERTO
O combate ao terrorismo constitui uma das áreas de atuação da OSCE, limitado pelos compromissos nacionais e multilaterais relativos aos direitos humanos e ao direito internacional.;CERTO
A OSCE possui foco exclusivo no controle do comércio e da proliferação de armas, no combate ao terrorismo e na construção e manutenção da paz e da segurança.;ERRADO
As decisões da OSCE são tomadas por consenso e possuem caráter obrigatório e juridicamente vinculante para os Estados participantes.;ERRADO
A OSCE mantém programas de cooperação em segurança internacional com a OTAN, a ONU e a União Europeia, incluindo cooperação com a ONU na implementação da Resolução 1540/2004 do Conselho de Segurança.;CERTO
Um dos pontos de discordância que justifica a saída do Reino Unido do bloco europeu é a visão dicotômica no que se refere às políticas de geração de energia e uso de fontes alternativas na matriz energética dos países do bloco: o Reino Unido defende o uso intensivo do carvão mineral, considerado altamente poluente, porém abundante no arquipélago britânico e de baixo custo de geração de energia, enquanto a União Europeia defende fontes alternativas como as energias solar e eólica e a produzida a partir de biocombustíveis.;ERRADO
As relações da França e do Reino Unido com o Brasil são conduzidas no âmbito das respectivas parcerias estratégicas, cujas agendas se concentram em temas econômicos, no caso da França, e, no caso do Reino Unido, em iniciativas voltadas para a cooperação setorial em áreas como agricultura familiar, ciência e tecnologia, defesa e energia nuclear.;ERRADO
Os diálogos setoriais são o principal instrumento do intercâmbio de informações e experiências para o planejamento, o acompanhamento e a avaliação de iniciativas nas relações entre a União Europeia e o Brasil; a centralidade reflete a amplitude e a forte segmentação das relações bilaterais e a inexistência de uma moldura política de direcionamento estratégico para tais relações.";ERRADO
A parceria estratégica entre a Rússia e o Brasil firmada em 2002 ensejou, ao longo da década, significativo incremento do comércio bilateral, avanço limitado na cooperação em setores como defesa e atividades aeroespaciais e forte impulso na concertação de posições em fóruns internacionais como o BRICS e o G-20.;CERTO
A proteção e o uso sustentável das florestas tropicais e a promoção das energias renováveis e da eficiência energética são temas prioritários na agenda da cooperação teuto-brasileira. A prioridade desses temas reflete a complementariedade advinda da importância do Brasil nos esforços de mitigação dos efeitos da mudança climática e para a conservação da biodiversidade no planeta, e do domínio, por parte da Alemanha, de tecnologias ambientais e energéticas de grande relevância para o desenvolvimento sustentável.;CERTO
A política russa de exportação de petróleo e gás natural é um fator geopolítico de poder no cenário mundial e o país compartilha da política norte-americana e da Organização dos Países Produtores e Exportadores de Petróleo — da qual é membro participante —, contrária ao Acordo do Clima de Paris.;ERRADO
A Sibéria, porção asiática do território russo, é rica em recursos minerais, com destaques para petróleo, gás natural, carvão mineral e minério de ferro, e sua localização geográfica em relação à China e ao Japão, grandes consumidores de minérios, é estratégica para a economia russa.;CERTO
As gigantescas reservas de petróleo e gás natural em poder da Rússia sustentam a economia desse país, bem como a expansão de sua influência geopolítica para outras regiões do mundo, como o Oriente Médio e a Europa.;CERTO
A anexação da península da Crimeia, no mar Negro, é fator de conflito entre Rússia, Ucrânia e demais países do Cáucaso. O conflito entre os países provocou o êxodo da população da Crimeia, em grande parte ucraniana e muçulmana, para outros países, como Geórgia, Armênia e Cazaquistão, de maioria muçulmana e forte sentimento contra a Rússia.;ERRADO
Os anos de 1917 e 1947 foram marcantes nas relações políticas entre Rússia e Brasil, pois ambos significaram o rompimento temporário das relações políticas e diplomáticas.;CERTO
Brasil e Rússia possuem vínculos políticos, mas há um cenário relativamente fraco, sem planos bilaterais e sem relevância no âmbito externo.;ERRADO
No cenário comercial, a Argentina é o principal parceiro da Rússia na América Latina.;ERRADO
A coordenação dos BRICS tem como mecanismo principal a esfera da governança econômico-financeira e não da governança política.;ERRADO
Logo após os atentados terroristas de 11 de setembro de 2001, Vladimir Putin apoiou a invasão do Afeganistão pelos Estados Unidos, pois considerou que a contenção do radicalismo islâmico do Talibã afegão resultaria na diminuição desse mesmo problema na Ásia Central, região estratégica para a Rússia.;CERTO
A invasão do Iraque pelos Estados Unidos em 2003 provocou o rompimento das relações diplomáticas entre Washington e Moscou, bem como ensejou a formação do eixo Paris-Berlim-Moscou, uma coalizão de países contrários tanto a essa invasão quanto ao unilateralismo estadunidense.;ERRADO
Desde as iniciativas conjuntas de Rússia e Turquia para mediar o conflito sírio, há maior cooperação entre os dois países, inclusive na área militar. Moscou já iniciou a entrega de mísseis S-300 para Ancara, e ambos negociam a possibilidade de cooperar na produção e no desenvolvimento de aviões de combate Sukhoi.;ERRADO
O Brasil mantém relações diplomáticas com a Rússia desde o século XIX, as quais foram rompidas apenas uma vez: durante a Guerra Fria, entre 1947 e 1961. Nem sempre essas relações convergiram, por exemplo, no âmbito dos BRICS, sendo que o Brasil tem se posicionado de modo contrário às propostas russas de maior regulamentação e controle do fluxo de informações na internet.;CERTO
Um dos marcos importantes da cooperação entre Brasil e Europa foi a celebração do Acordo-Quadro de Cooperação em 1992, por meio do qual as partes se comprometeram a reforçar a cooperação econômica, comercial, industrial, científica, tecnológica e em outras áreas. Além disso, há uma constante preocupação com a proteção e a melhoria do meio ambiente nesse acordo.;CERTO
A Primeira Cúpula Brasil-UE, que ocorreu em Lisboa em 2007, focou em temas relacionados à cooperação técnica e à agenda política mundial, negligenciando a ainda existente necessidade de se concluir as negociações do Acordo de Associação Mercosul-UE, iniciadas em 1999.;ERRADO
A Comissão Europeia, a Malásia e a Indonésia assinaram no ano de 2023 uma declaração conjunta que prevê a criação de uma força-tarefa para fomentar a cooperação no processo de implementação do Regulamento Europeu sobre Desmatamento.;CERTO
Sob a liderança de Ursula von der Leyen, a Comissão Europeia entendeu que a era da cooperação baseada no paradigma de doador-recipiente chegara ao fim. Com a reforma do próprio orçamento para a ação externa, a Comissão criou um mecanismo de financiamento do desenvolvimento internacional, que tem por efeito empoderar os parceiros do Sul Global.;CERTO
A UE tem diversos parceiros estratégicos, entre eles Estados Unidos da América, Canadá, México e Japão. Cabe destacar que todos os membros do grupo BRICS também são parceiros estratégicos da UE.;ERRADO
Na Rússia, a Revolução de 1905 comprometeu a política internacional do país, impactando os rumos da guerra que travava com o Japão. O desgaste decorrente da repressão à revolução levou o czar Alexandre II a negociações de paz com os japoneses.;ERRADO
O czar Alexandre II contou com o apoio das potências adversárias na repressão à Revolução Russa.;ERRADO
A Rússia desempenhou um papel importante no desenrolar da Primeira Guerra Mundial. Sua participação obrigava o exército alemão a cobrir duas frentes, a ocidental e a russa. Em 1918, debilitada pela guerra, a Alemanha propôs o acordo de Brest-Litovsk, favorável à Rússia Bolchevique, o qual foi negado por esse país por intermédio de Trotski, negociador e revolucionário russo.;ERRADO
Durante a Primeira Guerra Mundial, a Alemanha, desejosa de firmar a paz com a Rússia, permitiu que Lênin, líder do grupo revolucionário Bolchevique, exilado na Suíça, atravessasse o país em um trem especialmente destinado a essa finalidade.;CERTO
A União Europeia, afetada pela guerra na Ucrânia e pelas pressões energéticas e migratórias, tem vivenciado o enfraquecimento de sua coesão política e econômica, inclusive com discussões internas sobre a fragmentação do bloco.;CERTO
A queda de seus satélites europeus a partir do final dos anos 1980 e a difícil aceitação por Moscou da reunificação alemã contribuíram para incrementar o colapso da então União Soviética como superpotência internacional.;CERTO
Entre as peculiaridades da Guerra Fria está a convivência, observada nas relações entre as duas grandes superpotências, de uma retórica conciliatória e a recusa de ambas as partes em aceitar a distribuição global de forças ao cabo da Segunda Guerra Mundial.;CERTO
A pretensão de assento permanente no Conselho de Segurança da ONU, por parte do Brasil, é algo que se manifestou apenas a partir do início do segundo mandato presidencial de Fernando Henrique Cardoso, quando os resultados positivos do real estimularam sonhos mais ambiciosos em termos geoestratégicos para o país.;ERRADO
Talvez em função do MERCOSUL, cuja consolidação sempre foi essencial para a economia da região, a Argentina, ao longo dos dois períodos governamentais de Carlos Menem, apressou-se em apoiar o pleito brasileiro de ocupar uma cadeira permanente no Conselho de Segurança da ONU.;ERRADO
É provável que, sentindo o retraimento norte-americano após os atentados de 11 de setembro, marcado pela visível dificuldade de Washington de agir em termos militares e diplomáticos, a chancelaria brasileira tenha se sentido estimulada a defender maior participação de Estados emergentes nas instâncias decisórias globais, como a ONU.;ERRADO
A presença de cerca de setenta empresários na comitiva presidencial é sinal de que a viagem de Fernando Henrique à Rússia não se restringiu às questões geopolíticas; exemplo disso são os contatos relativos à transferência de tecnologia russa para o veículo lançador de satélites brasileiro, à utilização da base espacial de Alcântara pelos russos e ao intercâmbio na área aeronáutica.";CERTO
A expressão “je suis Charlie”, presente em cartazes nas manifestações de repúdio aos atos de terrorismo em Paris, passou a ser utilizada em várias regiões do planeta como forma de solidariedade aos jornalistas mortos, afirmando que a violência ultrapassa suas vítimas diretas e atinge a todos indistintamente.;CERTO
As recentes manifestações públicas contra o terrorismo em escala global são uma novidade, uma vez que, em atentados anteriores, a comoção pública restringiu-se aos locais atingidos pela violência terrorista.;ERRADO
Em 2015, o governo grego exigiu da Alemanha o pagamento de 279 bilhões de euros como reparação pela ocupação nazista da Grécia durante a Segunda Guerra Mundial, utilizando a questão como argumento político diante da crise da dívida grega.;CERTO
Embora o resultado do referendo grego sobre o ajuste econômico tenha sido classificado pela imprensa como surpreendente, diversos países europeus haviam experimentado manifestações contra as medidas de austeridade nas semanas anteriores ao pleito grego.;CERTO
A União Europeia exige, desde 2002, que todos os seus países-membros adotem o euro como moeda oficial, sendo a Grécia um país que utiliza o dracma.;ERRADO
Entre os fatores que levam milhares de pessoas a abandonar seus países em busca de abrigo destacam-se perseguições políticas e religiosas, guerras civis, estruturas de poder opressivas e condições materiais precárias de sobrevivência.;CERTO
As correntes migratórias contemporâneas dirigem-se, em geral, mas não exclusivamente, à Europa, provenientes de áreas de conflito do Oriente Médio, como a Síria, e de regiões africanas afetadas por conflitos, violência religiosa e fome.;CERTO
A União Europeia adotou medidas facilitadoras para a recepção dos milhares de asiáticos e africanos que atravessam o Mediterrâneo em busca de um novo lar na Europa.;ERRADO
A França foi pioneira na abertura das fronteiras aos refugiados, servindo de exemplo à Alemanha, cujo governo, com apoio da maioria da população, adotou políticas de acolhimento.;ERRADO
A xenofobia tem aparecido de forma pontual, concentrada em países historicamente avessos ao recebimento de migrantes, como Estados Unidos, Argentina e Brasil.;ERRADO
O Tratado de Schengen foi estabelecido entre a União Europeia e a ONU para regular a entrada de refugiados e migrantes na Europa e criar centros de acolhimento em países afetados pela migração.;ERRADO
A crise dos refugiados, a imigração, a islamização da Europa, o radicalismo, a xenofobia e a crise econômica são elementos recorrentes do discurso de partidos conservadores e grupos de extrema direita, que defendem, entre outras causas, a Europa para os europeus, o fechamento das fronteiras e a saída da UE, como no Brexit.;CERTO
A descontinuidade da Doutrina Brejnev foi determinante para o fim das experiências socialistas no Leste Europeu.;CERTO
Fatores políticos e econômicos convergiram para o fim do socialismo na União das Repúblicas Socialistas Soviéticas.;CERTO
A Guerra Civil Espanhola colocou republicanos, apoiados pela União Soviética, contra forças franquistas, auxiliadas por Alemanha e Itália; em 1939, foi assinado o Pacto Molotov-Ribbentrop, que previa a não agressão entre alemães e soviéticos e a divisão de territórios de outros países.";CERTO
I As consequências da Primeira Guerra Mundial e do Tratado de Versalhes produziram grande instabilidade econômica e política na Europa Central, especialmente na Alemanha, favorecendo a emergência de movimentos como fascismo, nazismo e stalinismo.;CERTO
II Na década de 1920, Stalin, após o sucesso dos planos quinquenais, manteve a política externa revolucionária de Lenin, visando à exportação do socialismo para outros países e ao financiamento de partidos comunistas em todo o mundo.;ERRADO
Os protestos dos “coletes amarelos” na França tiveram como um de seus pontos de partida o aumento dos impostos sobre os combustíveis.;CERTO
A Rússia, embora não ocupe a mesma posição de poder da época soviética, busca garantir sua esfera de influência, manter o equilíbrio de poder regional e reduzir sua vulnerabilidade internacional, inclusive por meio de operações militares em sua vizinhança próxima.;CERTO
A ideia central de “O fim da História”, de Francis Fukuyama, retrata com precisão as características da Guerra Comercial entre Estados Unidos e China, especialmente a partir da estratégia “América em Primeiro Lugar” de Donald Trump.;ERRADO
I A queda do Muro de Berlim eliminou a guerra de ideologias do mundo bipolar e, com o colapso soviético, surgiu a Pax Americana, permitindo maior liberdade ao capitalismo financeiro e às cadeias globais de produção.;CERTO
II A Guerra na Ucrânia pode gerar uma nova ordem mundial, contribuindo para a desconstrução do mundo globalizado de abertura comercial e sua possível substituição por um mundo fragmentado de confrontação entre potências democráticas ocidentais e potências revisionistas orientais.;CERTO
